Month;Tils. (land);Afganistan;Albania;Algeria;Amerikanska havið (fyrrv.);Amerikanska Samoa;Andorra;Angola;Anguilla;Antigua og Barbuda;Argentina;Armenia;Aruba;Aserbadjan;Avstralia;Avstralskt Osiania (fyrrv.);Bahamaoyggjar;Bangladesj;Barbados;Barein;Belgia;Belgia og Luksemborg (fyrrv.);Belis;Benin;Bermuda;Bolivia;Bonaire, Sint Eustatius og Saba;Bosnia-Hersegovina;Botsvana;Bouvetoyggj;Brasil;Bretland;Brunei;Bulgaria;Burkina Faso;Burundi;Butan;Caymanoyggjar;Ceuta;Ceuta og Melilla (fyrrv.);Chagosoyggjar;Cooksoyggjar;Curaçao;Danmark;Djibuti;Dominika;Dominikalýðveldið;Egyptaland;Ekvador;Ekvatorguinea;El Salvador;Eritrea;Estland;Esvatini;Etiopia;Eysturríki;Eysturtimor;Eysturtýskland (fyrrv.);Falklandsoyggjar;Fiji;Filipsoyggjar;Finnland;Fílabeinsstrondin;Frakland;Franska Gujana (fyrrv.);Franska Polynesia;Fronsku suðurøkini;Gabon;Gambia;Gana;Georgia;Gibraltar;Grenada;Grikkaland;Grønland;Guadeloupe (fyrrv.);Guam;Guatemala;Guinea;Guinea-Bissau;Gujana;Haiti;Heardoyggj og McDonaldsoyggjar;Honduras;Hong Kong;Hvítarussland;Ikki nærri útgreinað lond og øki;India;Indonesia;Irak;Iran;Italia;Írland;Ísland;Ísrael;Jamaika;Japan;Jemen;Jordan;Jólaoyggin;Jugoslavia (fyrrv.);Juguslavia uttan Slovenia, Kroatia og Bosnia Hersegovina;Kabo Verdi;Kambodja;Kamerun;Kanada;Kanariuoyggjar (fyrrv.);Kasakstan;Katar;Kekkia;Kekkoslovakia (fyrrv.);Kenja;Kili;Kina;Kirgisia;Kiribati;Kjad;Kokosoyggjar;Kolumbia;Komoroyggjar;Kongo;Kongo, Dem. Lýðveldið;Kosovo;Kosta Rika;Kroatia;Kuba;Kuvait;Kýpros;Laos;Lesoto;Lettland;Libanon;Liberia;Libya;Liktinstein;Litava;Luksemborg;Macao;Madagaskar;Malaisia;Malavi;Maldivoyggjar;Mali;Malta;Marokko;Marshalloyggjar;Martinique (fyrrv.);Mayotte (fyrrv.);Meksiko;Melilla;Miðafrikalýðveldið;Mikronesiasamveldið;Moldova;Mongolia;Montenegro;Montserrat;Mosambik;Móritania;Móritius;Myanmar;Namibia;Nauru;Nepal;Niðurlendskar Antilloyggjar (fyrrv.);Niðurlond;Niger;Nigeria;Nikaragua;Niue;Norðaru Marianaoyggjar;Norðurkorea;Norðurmakedónia;Noreg;Norfolksoyggj;Nýkaledónia;Nýsæland;Nýsælendska Osiania (fyrrv.);Oman;Pakistan;Palau;Palestina;Panama;Papua Nýguinea;Paraguai;Peru;Pitcairnoyggjar;Polarøkini (fyrrv.);Portugal;Pólland;Réunion (fyrrv.);Ruanda;Rumenia;Russland;Sambandsríki Amerika (USA);Sambia;Sameindu Emirríkini;Samoa;San Marino;Sao Tomi og Prinsipi;Saudiarabia;Sálomonsoyggjar;Senegal;Serbia;Serbia og Montenegro (fyrrv.);Seyskelloyggjar;Sierra Leona;Simbabvi;Singapor;Sint Maarten (Niðurlond);Slovakia;Slovenia;Smærri Osianiaoyggjar (USA);Somalia;Sovjetsamveldið (fyrrv.);Spania;Sri Lanka;St. Barthélemy;St. Helena, Ascension og Tristan da Cunha;St. Kitts og Nevis;St. Lusia;St. Pierre og Miquelon;St. Vinsent og Grenadinoyggjar;Sudan;Suðurafrika;Suðurgeorgia og Suðursandwichoyggjar;Suðurkorea;Suðursudan;Surinam;Sveis;Sveis og Liktinstein (fyrrv.);Svøríki;Sýria;Tadsjikistan;Tailand;Taivan;Tansania;Togo;Tokelau;Tonga;Trinidad og Tobago;Tunesia;Turkaland;Turkmenistan;Turks- og Caicosoyggjar;Tuvalu;Týskland;Uganda;Ukraina;Ungarn;Uruguai;Usbekistan;Vanuatu;Vatikanbýur;Venesuela;Vestursahara;Virginoyggjar (Bretland);Virginoyggjar (Bretland) og Montserrat (fyrrv.);Virginoyggjar (USA);Vjetnam;Wallis- og Futunaoyggjar
1988M07;221184734.0;0;0;0;0;0;0;0;0;0;0;0;0;0;0;0;0;0;0;0;0;252107.0;0;0;0;0;0;0;0;0;0;18006773.0;0;0;0;0;0;0;0;0;0;0;0;36424616.0;0;0;0;0;0;0;0;0;0;0;0;0;0;0;0;0;0;2442840.0;0;12130791.0;0;0;0;0;0;0;0;0;0;0;30524.0;0;0;0;0;0;0;0;0;0;0;0;0;0;0;0;0;5250539.0;0;198380.0;353937.0;0;1118455.0;0;0;0;0;0;0;0;0;0;0;0;0;0;0;0;0;0;0;0;0;0;0;0;0;0;0;0;0;0;0;0;0;0;0;0;0;0;0;0;0;0;0;0;0;0;0;0;0;0;0;0;0;0;0;0;0;0;0;0;0;0;0;0;0;0;0;0;254184.0;0;0;0;0;0;0;0;107106895.0;0;0;0;0;0;0;0;0;0;0;0;0;0;0;141130.0;0;0;0;0;0;13560087.0;0;0;0;0;0;0;0;0;0;0;0;0;0;0;0;0;0;0;0;0;7318202.0;0;0;0;0;0;0;0;0;0;0;0;0;0;0;783797.0;3815137.0;0;0;0;0;0;0;0;0;0;0;0;0;0;0;11996340.0;0;0;0;0;0;0;0;0;0;0;0;0;0;0.0
1988M08;155161511.0;0;0;0;0;0;0;0;0;0;0;0;0;0;480150.0;0;0;0;0;0;0;518046.0;0;0;0;0;0;0;0;0;0;21362015.0;0;0;0;0;0;0;0;0;0;0;0;19401866.0;0;0;0;0;0;0;0;0;0;0;0;0;0;0;0;0;0;15841150.0;0;15343310.0;0;0;0;0;0;0;0;0;0;2043305.0;0;0;0;0;0;0;0;0;0;0;0;0;0;0;0;0;0;8670248.0;0;838124.0;915688.0;0;3681334.0;0;0;0;0;0;0;0;0;1509000.0;0;0;0;0;0;0;0;0;0;0;0;0;0;0;0;0;0;0;0;0;0;0;0;0;0;0;0;0;0;0;0;0;0;0;0;0;0;0;0;0;0;0;0;0;0;0;0;0;0;0;0;0;0;0;0;0;0;0;895675.0;0;0;0;0;0;0;0;11277233.0;0;0;0;0;0;0;0;0;0;0;0;0;0;0;7024842.0;0;0;0;0;0;15545515.0;0;0;0;0;0;0;0;0;0;0;0;0;0;0;0;0;0;0;0;0;5128410.0;0;0;0;0;0;0;0;0;0;0;0;0;0;0;839385.0;4152590.0;0;0;0;0;0;0;0;0;0;0;0;0;0;0;19693625.0;0;0;0;0;0;0;0;0;0;0;0;0;0;0.0
1988M09;196538333.0;0;0;0;0;0;0;0;0;0;0;0;0;0;0;0;0;0;0;0;0;1162042.0;0;0;0;0;0;0;0;0;0;13800693.0;0;0;0;0;0;0;0;0;0;0;0;48074076.0;0;0;0;0;0;0;0;0;0;0;0;0;0;0;0;0;0;3728186.0;0;17609217.0;0;0;0;0;0;0;0;0;0;9709278.0;0;0;0;0;0;0;0;0;0;0;0;0;0;0;0;0;0;18033268.0;0;324972.0;468305.0;0;13827832.0;0;0;0;0;0;0;0;0;0;0;0;0;0;0;0;0;0;0;0;0;0;0;0;0;0;0;0;0;0;0;0;0;0;0;0;0;0;0;0;0;0;0;0;0;0;0;0;0;0;0;0;0;0;0;0;0;0;0;0;0;0;0;0;0;0;0;0;3748149.0;0;0;0;0;0;0;0;8877946.0;0;0;0;0;0;0;0;0;0;0;0;0;0;0;0;0;0;0;0;0;23821691.0;0;0;0;0;0;0;0;0;0;0;0;0;0;0;0;0;0;0;0;9645834.0;6341637.0;0;0;0;0;0;0;0;0;0;0;0;0;0;0;549313.0;2503837.0;0;0;0;1209755.0;0;0;0;0;0;0;0;0;0;0;13102302.0;0;0;0;0;0;0;0;0;0;0;0;0;0;0.0
1988M10;269036673.0;0;0;0;0;0;0;0;0;0;0;0;0;0;0;0;0;0;0;0;0;453272.0;0;0;0;0;0;0;0;0;0;44434691.0;0;0;0;0;0;0;0;0;0;0;0;30038980.0;0;0;0;0;0;0;0;0;0;0;0;0;0;0;0;0;0;2372810.0;0;20231130.0;0;0;0;0;0;0;0;0;0;5234115.0;0;0;0;0;0;0;0;0;0;0;0;0;0;0;0;0;0;24681656.0;0;667096.0;0;0;7598166.0;0;0;0;0;0;0;0;0;64517000.0;0;0;0;0;0;0;0;0;0;0;0;0;0;0;0;0;0;0;0;0;0;0;0;0;0;0;0;0;0;0;0;0;0;0;0;0;0;0;0;0;0;0;0;0;0;0;0;0;0;0;0;0;0;0;0;0;0;0;217485.0;0;0;0;0;0;0;0;11290508.0;0;0;0;0;0;0;0;0;0;0;0;0;0;0;0;0;0;0;0;0;19289449.0;0;0;0;0;0;0;0;0;0;0;0;0;0;0;0;0;0;0;0;4794307.0;20696072.0;0;0;0;0;0;0;0;0;0;0;0;0;0;0;352539.0;1748201.0;0;0;0;2739870.0;0;0;0;0;0;0;0;0;0;0;7679326.0;0;0;0;0;0;0;0;0;0;0;0;0;0;0.0
1988M11;234815200.0;0;0;0;0;0;0;0;0;0;0;0;0;0;0;0;0;0;0;0;0;1218593.0;0;0;0;0;0;0;0;0;0;30438161.0;0;0;0;0;0;0;0;0;0;0;0;34188401.0;0;0;0;0;0;0;0;0;0;0;0;0;0;0;0;0;0;5684132.0;0;18362035.0;0;0;0;0;0;0;0;0;0;3690747.0;0;0;0;0;0;0;0;0;0;0;0;0;0;0;0;0;0;31240284.0;0;829032.0;0;0;20408294.0;0;0;0;0;0;0;0;0;4230000.0;0;0;0;0;0;0;0;0;0;0;0;0;0;0;0;0;0;0;0;0;0;0;0;0;0;0;0;0;0;0;0;0;0;0;0;0;0;0;0;0;0;0;0;0;0;0;0;0;0;0;0;0;0;0;0;0;0;0;697478.0;0;0;0;0;0;0;0;9101536.0;0;0;0;0;0;0;0;0;0;0;0;0;0;0;0;0;0;0;0;0;21834732.0;0;0;0;0;0;0;0;0;0;0;0;0;0;2004000.0;0;0;0;0;0;5655144.0;14444668.0;0;0;0;0;0;0;0;0;0;0;0;0;0;0;1041665.0;2899612.0;0;0;0;1634799.0;0;0;0;0;0;0;0;0;0;0;25211887.0;0;0;0;0;0;0;0;0;0;0;0;0;0;0.0
1988M12;215440627.0;0;0;0;0;0;0;0;0;0;0;0;0;0;460194.0;0;0;0;0;0;0;803667.0;0;0;0;0;0;0;0;0;0;19818715.0;0;0;0;0;0;0;0;0;0;0;0;53128626.0;0;0;0;0;0;0;0;0;0;0;0;0;0;0;0;0;0;3425602.0;0;14912202.0;0;0;0;0;0;0;0;0;0;577419.0;16012470.0;0;0;0;0;0;0;0;0;0;0;0;0;0;0;0;0;14960675.0;0;235670.0;0;0;8940475.0;0;0;0;0;0;0;0;0;0;0;0;0;0;0;0;13200000.0;0;0;0;0;0;0;0;0;0;0;0;0;0;0;0;0;0;0;0;0;0;0;0;0;0;0;0;0;0;0;0;0;0;0;0;0;0;0;0;0;0;0;0;0;0;0;0;0;0;0;0;8102636.0;0;0;0;0;0;0;0;8503077.0;0;0;0;0;0;0;0;0;0;0;0;0;0;0;0;0;0;0;0;0;15812060.0;0;0;0;0;0;0;0;0;0;0;0;0;0;0;0;0;0;0;0;0;14560112.0;0;0;0;0;0;0;0;0;0;0;0;0;0;0;1283163.0;5511956.0;0;0;0;322513.0;0;0;0;0;0;0;0;0;0;0;14869395.0;0;0;0;0;0;0;0;0;0;0;0;0;0;0.0
1989M01;187525746.0;0;0;0;0;0;0;0;0;0;0;0;0;0;0;0;0;0;0;0;0;632824.0;0;0;0;0;0;0;0;0;0;37047491.0;0;0;0;0;0;0;0;0;0;0;0;21426600.0;0;0;0;0;0;0;0;0;0;0;0;0;0;0;0;0;0;6140555.0;0;9971996.0;0;0;0;0;0;0;0;0;0;5244718.0;0;0;0;0;0;0;0;0;0;0;0;0;0;0;0;0;0;14383519.0;0;325000.0;0;0;9515241.0;0;0;0;0;0;0;0;0;0;0;0;0;0;0;0;0;0;0;0;0;0;0;0;0;0;0;0;0;0;0;0;0;0;0;0;0;0;0;0;0;0;0;0;0;0;0;0;0;0;0;0;0;0;0;0;0;0;0;0;0;0;0;0;0;0;0;0;4093243.0;0;0;0;0;0;0;0;5521075.0;0;0;0;0;0;0;0;0;0;0;0;0;0;0;0;0;0;0;0;0;17920875.0;0;0;0;0;0;0;0;0;0;0;0;0;0;0;0;0;0;0;0;0;12329543.0;0;0;0;0;0;0;0;0;0;0;0;0;0;0;94279.0;5063992.0;0;0;0;1084213.0;0;0;0;0;0;0;0;0;0;0;36730582.0;0;0;0;0;0;0;0;0;0;0;0;0;0;0.0
1989M02;208217273.0;0;0;0;0;0;0;0;0;0;0;0;0;0;10665.0;0;0;0;0;0;0;3551649.0;0;0;0;0;0;0;0;0;0;17372736.0;0;0;0;0;0;0;0;0;0;0;0;16979618.0;0;0;0;0;0;0;0;0;0;0;0;0;0;0;0;0;0;444928.0;0;10541102.0;0;0;0;0;0;0;0;0;0;5130620.0;0;0;0;0;0;0;0;0;0;0;31732.0;0;0;0;0;0;0;16098337.0;0;388100.0;559728.0;0;8649541.0;0;0;0;0;0;0;0;0;0;0;0;0;0;0;0;0;0;0;0;0;0;0;0;0;0;0;0;0;0;0;0;0;0;0;0;0;0;0;0;0;0;0;0;0;0;0;0;0;0;0;0;0;0;0;0;0;0;0;0;0;0;0;0;0;0;0;0;609020.0;0;0;0;0;0;0;0;3280628.0;0;0;0;0;0;0;0;0;0;0;0;0;0;0;0;0;0;0;0;0;18043862.0;0;0;0;0;0;0;0;0;0;0;0;0;0;0;0;0;0;0;0;55000000.0;20463530.0;0;0;0;0;0;0;0;0;0;0;0;0;0;0;2175377.0;7937903.0;0;0;0;2254240.0;0;0;0;0;0;0;0;0;0;0;18693957.0;0;0;0;0;0;0;0;0;0;0;0;0;0;0.0
1989M03;193817694.0;0;0;0;0;0;0;0;0;0;0;0;0;0;0;0;0;0;0;0;0;1538335.0;0;0;0;0;0;0;0;0;0;15079275.0;0;0;0;0;0;0;0;0;0;0;0;32628475.0;0;0;0;0;0;0;0;0;0;0;0;0;0;0;0;0;0;3190540.0;0;18000035.0;0;0;0;0;0;0;0;0;0;2989792.0;0;0;0;0;0;0;0;0;0;0;0;0;0;0;0;0;0;6525856.0;10072.0;438368.0;0;0;16028892.0;0;0;0;0;0;0;0;0;0;0;0;0;0;0;0;0;0;0;0;0;0;0;0;0;0;0;0;0;0;0;0;0;0;0;0;0;0;0;0;0;0;0;0;0;0;0;0;0;0;0;0;0;0;0;0;0;0;0;0;0;0;0;0;0;0;0;0;5513605.0;0;0;0;0;0;0;0;1574176.0;0;0;0;0;0;0;0;0;0;0;0;0;0;0;0;0;0;0;0;0;18657893.0;0;0;0;0;0;0;0;0;0;0;0;0;0;0;0;0;0;0;0;12940509.0;18418309.0;0;0;0;0;0;0;0;0;0;0;0;0;0;0;84487.0;7510123.0;0;0;0;1421174.0;0;0;0;0;0;0;0;0;0;0;31267778.0;0;0;0;0;0;0;0;0;0;0;0;0;0;0.0
1989M04;211340432.0;0;0;0;0;0;0;0;0;0;0;0;0;0;0;0;0;0;0;0;0;596460.0;0;0;0;0;0;0;0;0;0;29765560.0;0;0;0;0;0;0;0;0;0;0;0;31749330.0;0;0;0;0;0;0;0;0;0;0;0;0;0;0;0;0;0;2261823.0;0;10165009.0;0;0;0;0;0;0;0;0;0;0;11214.0;0;0;0;0;0;0;0;0;0;72522.0;0;0;0;0;0;0;14586529.0;0;505984.0;0;0;8175305.0;0;0;0;0;0;0;0;0;9801.0;0;0;0;0;0;0;0;0;0;0;0;0;0;0;0;0;0;0;0;0;0;0;0;0;0;0;0;0;0;0;0;0;0;0;0;0;0;0;0;0;0;0;0;0;0;0;0;0;0;0;0;0;0;0;0;0;0;0;3072322.0;0;0;0;0;0;0;0;1522516.0;0;0;0;0;0;0;0;0;0;0;0;0;0;0;5620804.0;0;0;0;0;0;38602480.0;0;0;0;0;0;0;0;0;0;0;0;0;0;0;0;0;0;0;0;8549781.0;15653964.0;0;0;0;0;0;0;0;0;0;0;0;0;0;0;41888.0;16579051.0;0;0;0;0;0;0;0;0;0;0;0;0;0;0;23798089.0;0;0;0;0;0;0;0;0;0;0;0;0;0;0.0
1989M05;231738628.0;0;0;0;0;0;0;0;0;0;0;0;0;0;0;0;0;0;0;0;0;1421572.0;0;0;0;0;0;0;0;0;0;27221871.0;0;0;0;0;0;0;0;0;0;0;0;28308920.0;0;0;0;0;0;0;0;0;0;0;0;0;0;0;0;0;0;2940670.0;0;10301804.0;0;0;0;0;0;0;0;0;0;0;7810.0;0;0;0;0;0;0;0;0;0;0;0;0;0;0;0;0;17362520.0;22206.0;20040.0;438017.0;0;29788660.0;0;0;0;0;0;0;0;0;0;0;0;0;0;0;0;0;0;0;0;0;0;0;0;0;0;0;0;0;0;0;0;0;0;0;0;0;0;0;0;0;0;0;0;0;0;0;0;0;0;0;0;0;0;0;0;0;0;0;0;0;0;0;0;0;0;0;0;472470.0;0;0;0;0;0;0;0;56956763.0;0;0;0;0;0;0;0;0;0;0;0;0;0;0;5107778.0;0;0;0;0;0;17661828.0;0;0;0;0;0;0;0;0;0;0;0;0;0;0;0;0;0;0;0;344103.0;9044867.0;0;0;0;0;0;0;0;0;0;0;0;0;0;0;0;5063025.0;0;0;0;0;0;0;0;0;0;0;0;0;0;0;19253704.0;0;0;0;0;0;0;0;0;0;0;0;0;0;0.0
1989M06;225727605.0;0;0;0;0;0;0;0;0;0;0;0;0;0;0;0;0;0;0;0;0;1083903.0;0;0;0;0;0;0;0;0;0;32716396.0;0;0;0;0;0;0;0;0;0;0;0;44551130.0;0;0;0;0;0;0;0;0;0;0;0;0;0;0;0;0;0;360536.0;0;28438758.0;0;0;0;0;0;0;0;0;0;822624.0;271943.0;0;0;0;0;0;0;0;0;0;0;0;0;0;0;0;0;22624329.0;0;377475.0;0;0;19629953.0;0;0;0;0;0;0;0;0;253707.0;0;0;0;0;0;0;0;0;0;0;0;0;0;0;0;0;0;0;0;0;0;0;0;0;0;0;0;0;0;0;0;0;0;0;0;0;0;0;0;0;0;0;0;0;0;0;0;0;0;0;0;0;0;0;0;0;0;0;486276.0;0;0;0;0;0;0;0;3022989.0;0;0;0;0;0;0;0;0;0;0;0;0;0;0;10265411.0;0;0;0;0;0;9404427.0;0;0;0;0;0;0;0;0;0;0;0;0;0;0;0;0;0;0;0;0;12870445.0;0;0;0;0;0;0;0;0;0;0;0;0;0;0;2305992.0;3228438.0;0;0;0;0;0;0;0;0;0;0;0;0;0;0;33012873.0;0;0;0;0;0;0;0;0;0;0;0;0;0;0.0
1989M07;187350323.0;0;0;0;0;0;0;0;0;0;0;0;0;0;0;0;0;0;0;0;0;522000.0;0;0;0;0;0;0;0;0;0;23327946.0;0;0;0;0;0;0;0;0;0;0;0;25205902.0;0;0;0;0;0;0;0;0;0;0;0;0;0;0;0;0;0;5594529.0;0;18901625.0;0;0;0;0;0;0;0;0;0;232540.0;42863482.0;0;0;0;0;0;0;0;0;0;0;0;0;0;0;0;0;9105613.0;0;1200.0;292875.0;0;5458001.0;0;0;0;0;0;0;0;0;0;0;0;0;0;0;0;0;0;0;0;0;0;0;0;0;0;0;0;0;0;0;0;0;0;0;0;0;0;0;0;0;0;0;0;0;0;0;0;0;0;0;0;0;0;0;0;0;0;0;0;0;0;0;0;0;0;0;0;2055195.0;0;0;0;0;0;0;0;881941.0;0;0;0;0;0;0;0;0;0;0;0;0;0;0;0;0;0;0;0;0;7745075.0;0;0;0;0;0;0;0;0;0;0;0;0;0;0;0;0;0;0;0;0;14685052.0;0;0;0;0;0;0;0;0;0;0;0;0;0;0;0;5801057.0;0;0;0;0;0;0;0;0;0;0;0;0;0;0;24676290.0;0;0;0;0;0;0;0;0;0;0;0;0;0;0.0
1989M08;148633468.0;0;0;0;0;0;0;0;0;0;0;0;0;0;0;0;0;0;0;0;0;1182168.0;0;0;0;0;0;0;0;0;0;12692006.0;0;0;0;0;0;0;0;0;0;0;0;31779935.0;0;0;0;0;0;0;0;0;0;0;0;0;0;0;0;0;0;2207491.0;0;23782602.0;0;0;0;0;0;0;0;0;0;1345335.0;0;0;0;0;0;0;0;0;0;0;0;0;0;0;0;0;0;6295607.0;0;663897.0;162060.0;0;201927.0;0;0;0;0;0;0;0;0;0;0;0;0;0;0;0;56510.0;0;0;0;0;0;0;0;0;0;0;0;0;0;0;0;0;0;0;0;0;0;0;0;0;0;0;0;0;0;0;0;0;0;0;0;0;0;0;0;0;0;0;0;0;0;0;0;0;0;0;0;1435956.0;0;0;0;0;0;0;0;2019622.0;0;0;0;0;0;0;0;0;0;0;0;0;0;0;0;0;0;0;0;0;15790342.0;0;0;0;0;0;0;0;0;0;0;0;0;0;0;0;0;0;0;0;0;12241069.0;0;0;0;0;0;0;0;0;0;0;0;0;0;0;44760.0;3501087.0;0;0;0;0;0;0;0;0;0;0;0;0;0;0;33231094.0;0;0;0;0;0;0;0;0;0;0;0;0;0;0.0
1989M09;206918896.0;0;0;0;0;0;0;0;0;0;0;0;0;0;0;0;0;0;0;0;0;1355549.0;0;0;0;0;0;0;0;0;0;49216812.0;0;0;0;0;0;0;0;0;0;0;0;28614773.0;0;0;0;0;0;0;0;0;0;0;0;0;0;0;0;0;0;5592067.0;0;27479927.0;0;0;0;0;0;0;0;0;0;5001811.0;0;0;0;0;0;0;0;0;0;0;0;0;0;0;0;0;0;15931501.0;0;1863456.0;147288.0;0;1017521.0;0;0;0;0;0;0;0;0;0;0;0;0;0;0;0;0;0;0;0;0;0;0;0;0;0;0;0;0;0;0;0;0;0;0;0;0;0;0;0;0;0;0;0;0;0;0;0;0;0;0;0;0;0;0;0;0;0;0;0;0;0;0;0;0;0;0;0;612845.0;0;0;0;0;0;0;0;7597554.0;0;0;0;0;0;0;0;0;0;0;0;0;0;0;0;0;0;0;0;0;11394413.0;0;0;0;0;0;0;0;0;0;0;0;0;0;0;0;0;0;0;0;1552059.0;14427250.0;0;0;0;0;0;0;0;0;0;0;0;0;0;0;305724.0;4048967.0;0;0;0;792599.0;0;0;0;0;0;0;0;0;0;0;29966780.0;0;0;0;0;0;0;0;0;0;0;0;0;0;0.0
1989M10;220632376.0;0;0;0;0;0;0;0;0;0;0;0;0;0;0;0;0;0;0;0;0;1417518.0;0;0;0;0;0;0;0;0;0;35803763.0;0;0;0;0;0;0;0;0;0;0;0;24993680.0;0;0;0;0;0;0;0;0;0;0;0;0;0;0;0;0;0;1156452.0;0;24745115.0;0;0;0;0;0;0;0;0;0;4166256.0;78940.0;0;0;0;0;0;0;0;0;0;0;0;0;0;0;0;0;25555784.0;0;62500.0;0;0;7266145.0;0;0;0;0;0;0;0;0;0;0;0;0;0;0;0;0;0;0;0;0;0;0;0;0;0;0;0;0;0;0;0;0;0;0;0;0;0;0;0;0;0;0;0;0;0;0;0;0;0;0;0;0;0;0;0;0;0;0;0;0;0;0;0;0;0;0;0;442315.0;0;0;0;0;0;0;0;1024479.0;0;0;0;0;0;0;0;0;0;0;0;0;0;0;0;0;0;0;0;0;31199289.0;0;0;0;0;0;0;0;0;0;0;0;0;0;0;0;0;0;0;0;0;11920931.0;0;0;0;0;0;0;0;0;0;0;0;0;0;0;380008.0;4281281.0;0;0;0;2736650.0;0;0;0;0;0;0;0;0;0;0;43401270.0;0;0;0;0;0;0;0;0;0;0;0;0;0;0.0
1989M11;235708354.0;0;0;0;0;0;0;0;0;0;0;0;0;0;0;0;0;0;0;0;0;2218798.0;0;0;0;0;0;0;0;0;0;23310596.0;0;0;0;0;0;0;0;0;0;0;0;57002925.0;0;0;0;0;0;0;0;0;0;0;0;0;0;0;0;0;0;3352143.0;0;26650670.0;0;0;0;0;0;0;0;0;0;4834021.0;268478.0;0;0;0;0;0;0;0;0;0;0;0;0;0;0;0;0;17645363.0;0;0;0;0;2266513.0;0;0;0;0;0;0;0;0;128700.0;0;0;0;0;0;0;8200000.0;0;0;0;0;0;0;0;0;0;0;0;0;0;0;0;0;0;0;0;0;0;0;0;0;0;0;0;0;0;0;0;0;0;0;0;0;0;0;0;0;0;0;0;0;0;0;0;0;0;0;0;5468177.0;0;0;0;0;0;0;0;1019912.0;0;0;0;0;0;0;0;0;0;0;0;0;0;0;0;0;0;0;0;0;26484873.0;0;0;0;0;0;0;0;0;0;0;0;0;0;0;0;0;0;0;0;0;23679392.0;0;0;0;0;0;0;0;0;0;0;0;0;0;0;573225.0;6408150.0;0;0;0;3115750.0;0;0;0;0;0;0;0;0;0;0;23080668.0;0;0;0;0;0;0;0;0;0;0;0;0;0;0.0
1989M12;272608702.0;0;0;0;0;0;0;0;0;0;0;0;0;0;0;0;0;0;0;0;0;1298099.0;0;0;0;0;0;0;0;0;0;36848908.0;0;0;0;0;0;0;0;0;0;0;0;88726662.0;0;0;0;0;0;0;0;0;0;0;0;0;0;0;0;0;0;4980455.0;0;21788102.0;0;0;0;0;0;0;0;0;0;1635868.0;1165108.0;0;0;0;0;0;0;0;0;0;0;0;0;0;0;0;0;10030411.0;0;370846.0;0;0;23053164.0;0;0;0;0;0;0;0;0;45315.0;0;0;0;0;0;0;0;0;0;0;0;0;0;0;0;0;0;0;0;0;0;0;0;0;0;0;0;0;0;0;0;0;0;0;0;0;0;0;0;0;0;0;0;0;0;0;0;0;0;0;0;0;0;0;0;0;0;0;601825.0;0;0;0;0;0;0;0;2305738.0;0;0;0;0;0;0;0;0;0;0;0;0;0;0;0;0;0;0;0;0;31034561.0;0;0;0;0;0;0;0;0;0;0;0;0;0;0;0;0;0;0;0;0;16951408.0;0;0;0;0;0;0;0;0;0;0;0;0;0;0;1723206.0;10177973.0;0;0;0;1701054.0;0;0;0;0;0;0;0;0;0;0;18169999.0;0;0;0;0;0;0;0;0;0;0;0;0;0;0.0
1990M01;145850689.0;0;0;0;0;0;0;0;0;0;0;0;0;0;0;0;0;0;0;0;0;1903941.0;0;0;0;0;0;0;0;0;0;35658742.0;0;0;0;0;0;0;0;0;0;0;0;24960387.0;0;0;0;0;0;0;0;0;0;0;0;0;0;0;0;0;0;2331813.0;0;11454227.0;0;0;0;0;0;0;0;0;0;732036.0;46500.0;0;0;0;0;0;0;0;0;0;0;0;0;0;0;0;0;10094890.0;0;1488016.0;0;0;465887.0;0;0;0;0;0;0;0;0;0;0;0;0;0;0;0;0;0;0;0;0;0;0;0;0;0;0;0;0;0;0;0;0;0;0;0;0;0;0;0;0;0;0;0;0;0;0;0;0;0;0;0;0;0;0;0;0;0;0;0;0;0;0;0;0;0;0;0;2268296.0;0;0;0;0;0;0;0;2368954.0;0;0;0;0;0;0;0;0;0;0;0;0;0;0;0;0;0;0;0;0;1097931.0;0;0;0;0;0;0;0;0;0;0;0;0;0;0;0;0;0;0;0;0;18635296.0;0;0;0;0;0;0;0;0;0;0;0;0;0;0;1949854.0;3258701.0;0;0;0;1671307.0;0;0;0;0;0;0;0;0;0;0;25463911.0;0;0;0;0;0;0;0;0;0;0;0;0;0;0.0
1990M02;149085824.0;0;0;0;0;0;0;0;0;0;0;0;0;0;0;0;0;0;0;0;0;1848342.0;0;0;0;0;0;0;0;0;0;13533598.0;0;0;0;0;0;0;0;0;0;0;0;35566000.0;0;0;0;0;0;0;0;0;0;0;0;0;0;0;0;0;0;634200.0;0;14517602.0;0;0;0;0;0;0;0;0;0;2606251.0;180369.0;0;0;0;0;0;0;0;0;0;0;0;0;0;0;0;0;6399954.0;0;7500.0;0;0;1455917.0;0;0;0;0;0;0;0;0;38039.0;0;0;0;0;0;0;0;0;0;0;0;0;0;0;0;0;0;0;0;0;0;0;0;0;0;0;0;0;0;0;0;0;0;0;0;0;0;0;0;0;0;0;0;0;0;0;0;0;0;0;0;0;0;0;0;0;0;0;2396765.0;0;0;0;0;0;0;0;877060.0;0;0;0;0;0;0;0;0;0;0;0;0;0;0;0;0;0;0;0;0;9929159.0;0;0;0;0;0;0;0;0;0;0;0;0;0;0;0;0;0;0;0;0;15288544.0;0;0;0;0;0;0;0;0;0;0;0;0;0;0;681564.0;8339638.0;0;0;0;611482.0;0;0;0;0;0;0;0;0;0;0;34173840.0;0;0;0;0;0;0;0;0;0;0;0;0;0;0.0
1990M03;217102229.0;0;0;0;0;0;0;0;0;0;0;0;0;0;0;0;0;0;0;0;0;1838397.0;0;0;0;0;0;0;0;0;0;24744430.0;0;0;0;0;0;0;0;0;0;0;0;33559041.0;0;0;0;0;0;0;0;0;0;0;0;0;0;0;0;0;0;1597477.0;0;19955368.0;0;0;0;0;0;0;0;0;0;697038.0;1900000.0;0;0;0;0;0;0;0;0;0;0;0;0;0;0;0;0;6320060.0;0;360000.0;0;0;38961406.0;0;0;0;0;0;0;0;0;0;0;0;0;0;0;0;0;0;0;0;0;0;0;0;0;0;0;0;0;0;0;0;0;0;0;0;0;0;0;0;0;0;0;0;0;0;0;0;0;0;0;0;0;0;0;0;0;0;0;0;0;0;0;0;0;0;0;0;559407.0;0;0;0;0;0;0;0;573981.0;0;0;0;0;0;0;0;0;0;0;0;0;0;0;0;0;0;0;0;0;7252307.0;0;0;0;0;0;0;0;0;0;0;0;0;0;0;0;0;0;0;0;0;31963869.0;0;0;0;0;0;0;0;0;0;0;0;0;0;0;14172.0;10609044.0;0;0;0;231766.0;0;0;0;0;0;0;0;0;0;0;35964466.0;0;0;0;0;0;0;0;0;0;0;0;0;0;0.0
1990M04;171284426.0;0;0;0;0;0;0;0;0;0;0;0;0;0;0;0;0;0;0;0;0;1768233.0;0;0;0;0;0;0;0;0;0;14166095.0;0;0;0;0;0;0;0;0;0;0;0;39857637.0;0;0;0;0;0;0;0;0;0;0;0;0;0;0;0;0;0;1263498.0;0;26150652.0;0;0;0;0;0;0;0;0;0;962000.0;54063.0;0;0;0;0;0;0;0;0;0;0;0;0;0;0;0;0;6410105.0;0;1253726.0;0;0;423046.0;0;0;0;0;0;0;0;0;0;0;0;0;0;0;0;0;0;0;0;0;0;0;0;0;0;0;0;0;0;0;0;0;0;0;0;0;0;0;0;0;0;0;0;0;0;0;0;0;0;0;0;0;0;0;0;0;0;0;0;0;0;0;0;0;0;0;0;372547.0;0;0;0;0;0;0;0;627246.0;0;0;0;0;0;0;0;0;0;0;0;0;0;0;0;0;0;0;0;0;15338716.0;0;0;0;0;0;0;0;0;0;0;0;0;0;0;0;0;0;0;0;0;15094105.0;0;0;0;0;0;0;0;0;0;0;0;0;0;0;0;10072842.0;0;0;0;0;0;0;0;0;0;0;0;0;0;0;37469915.0;0;0;0;0;0;0;0;0;0;0;0;0;0;0.0
1990M05;177208026.0;0;0;0;0;0;0;0;0;0;0;0;0;0;0;0;0;0;0;0;0;1790305.0;0;0;0;0;0;0;0;0;0;21350681.0;0;0;0;0;0;0;0;0;0;0;0;34583164.0;0;0;0;0;0;0;0;0;0;0;0;0;0;0;0;0;0;2294426.0;0;26714862.0;0;0;0;0;0;0;0;0;0;1406960.0;3255813.0;0;0;0;0;0;0;0;0;0;0;0;0;0;0;0;0;7087970.0;0;59700.0;0;0;8883683.0;0;0;0;0;0;0;0;0;0;0;0;0;0;0;0;0;0;0;0;0;0;0;0;0;0;0;0;0;0;0;0;0;0;0;0;0;0;0;0;0;0;0;0;0;0;0;0;0;0;0;0;0;0;0;0;0;0;0;0;0;0;0;0;0;0;0;0;815023.0;0;0;0;0;0;0;0;1769521.0;0;0;0;0;0;0;0;0;0;0;0;0;0;0;0;0;0;0;0;0;8435828.0;0;0;0;0;0;0;0;0;0;0;0;0;0;0;0;0;0;0;0;0;18534893.0;0;0;0;0;0;0;0;0;0;0;0;0;0;0;1119669.0;4966024.0;0;0;0;0;0;0;0;0;0;0;0;0;0;0;34139504.0;0;0;0;0;0;0;0;0;0;0;0;0;0;0.0
1990M06;308026370.0;0;0;0;0;0;0;0;0;0;0;0;0;0;0;0;0;0;0;0;0;4781109.0;0;0;0;0;0;0;0;0;0;49279030.0;0;0;0;0;0;0;0;0;0;0;0;101652221.0;0;0;0;0;0;0;0;0;0;0;0;0;0;0;0;0;0;2513934.0;0;34370629.0;0;0;0;0;0;0;0;0;0;1382480.0;0;0;0;0;0;0;0;0;0;0;0;0;0;0;0;0;0;12658163.0;0;1073652.0;313469.0;0;14645241.0;0;0;0;0;0;0;0;0;80126.0;0;0;0;0;0;0;0;0;0;0;0;0;0;0;0;0;0;0;0;0;0;0;0;0;0;0;0;0;0;0;0;0;0;0;0;0;0;0;0;0;0;0;0;0;0;0;0;0;0;0;0;0;0;0;0;0;0;0;1927838.0;0;0;0;0;0;0;0;2818676.0;0;0;2000.0;0;0;0;0;0;0;0;0;0;0;0;0;0;0;0;0;0;6221294.0;0;0;0;0;0;0;0;0;0;0;0;0;0;0;0;0;0;0;0;0;11698364.0;0;0;0;0;0;0;0;0;0;0;0;0;0;0;1893281.0;2673285.0;0;0;0;0;0;0;0;0;0;0;0;0;0;0;58041578.0;0;0;0;0;0;0;0;0;0;0;0;0;0;0.0
1990M07;373695682.0;0;0;0;0;0;0;0;0;0;0;0;0;0;0;0;0;0;0;0;0;2699408.0;0;0;0;0;0;0;0;0;0;67981658.0;0;0;0;0;0;0;0;0;0;0;0;60140556.0;0;0;0;0;0;0;0;0;0;0;0;0;0;0;0;0;0;1996639.0;0;34056109.0;0;0;0;0;0;0;0;0;0;468150.0;106605.0;0;0;0;0;0;0;0;0;0;0;0;0;0;0;0;0;14953452.0;0;785000.0;0;0;957171.0;0;0;0;0;0;0;0;0;85024090.0;0;0;0;0;0;0;0;0;0;0;0;0;0;0;0;0;0;0;0;0;0;0;0;0;0;0;0;0;0;0;0;0;0;0;0;0;0;0;0;0;0;0;0;0;0;0;0;0;0;0;0;0;0;0;0;0;0;0;3767877.0;0;0;0;0;0;0;0;901577.0;0;0;16000000.0;0;0;0;0;0;0;0;0;0;0;0;0;0;0;0;0;0;10750576.0;0;0;0;0;0;0;0;0;0;0;0;0;0;0;0;0;0;0;0;0;15309879.0;0;0;0;0;0;0;0;0;0;0;0;0;0;0;3169817.0;4801394.0;0;0;0;0;0;0;0;0;0;0;0;0;0;0;49825724.0;0;0;0;0;0;0;0;0;0;0;0;0;0;0.0
1990M08;237323528.0;0;0;0;0;0;0;0;0;0;0;0;0;0;0;0;0;0;0;0;0;3776308.0;0;0;0;0;0;0;0;0;0;14298838.0;0;0;0;0;0;0;0;0;0;0;0;66107236.0;0;0;0;0;0;0;0;0;0;0;0;0;0;94933.0;0;0;0;1785952.0;0;27324631.0;0;0;0;0;0;0;0;0;0;3422584.0;3100000.0;0;0;0;0;0;0;0;0;0;0;0;0;0;0;0;0;5792410.0;0;14983681.0;0;0;2083446.0;0;0;0;0;0;0;0;0;0;0;0;0;0;0;0;0;0;0;0;0;0;0;0;0;0;0;0;0;0;0;0;0;0;0;0;0;0;0;0;0;0;0;0;0;0;0;0;0;0;0;0;0;0;0;0;0;0;0;0;0;0;0;0;0;0;0;0;3255338.0;0;0;0;0;0;0;0;8450244.0;0;0;0;0;0;0;0;0;0;0;0;0;0;0;0;0;0;0;0;0;4050291.0;0;0;0;0;0;0;0;0;0;0;0;0;0;0;0;0;0;0;0;0;14010874.0;0;0;0;0;0;0;0;0;0;0;0;0;0;0;198649.0;3901634.0;0;0;0;1746070.0;0;0;0;0;0;0;0;0;0;0;58940409.0;0;0;0;0;0;0;0;0;0;0;0;0;0;0.0
1990M09;168066557.0;0;0;0;0;0;0;0;0;0;0;0;0;0;0;0;0;0;0;0;0;1850776.0;0;0;0;0;0;0;0;0;0;22252640.0;0;0;0;0;0;0;0;0;0;0;0;30516193.0;0;0;0;0;0;0;0;0;0;0;0;0;0;0;0;0;0;1653770.0;0;18535052.0;0;0;0;0;0;0;0;0;0;5057848.0;12525.0;0;0;0;0;0;0;0;0;0;0;0;0;0;0;0;0;14201211.0;0;124738.0;0;0;561447.0;0;0;0;0;0;0;0;0;0;0;0;0;0;0;0;0;0;0;0;0;0;0;0;0;0;0;0;0;0;0;0;0;0;0;0;0;0;0;0;0;0;0;0;0;0;0;0;0;0;0;0;0;0;0;0;0;0;0;0;0;0;0;0;0;0;0;0;560513.0;0;0;0;0;0;0;0;3125220.0;0;0;0;0;0;0;0;0;0;0;0;0;0;0;0;6400000.0;0;0;0;0;5283631.0;0;0;0;0;0;0;0;0;0;0;0;0;0;0;0;0;0;0;0;0;16963442.0;0;0;0;0;0;0;0;0;0;0;0;0;0;0;77363.0;2752915.0;0;0;0;1867975.0;0;0;0;0;0;0;0;0;0;0;36269298.0;0;0;0;0;0;0;0;0;0;0;0;0;0;0.0
1990M10;189609314.0;0;0;0;0;0;0;0;0;0;0;0;0;0;0;0;0;0;0;0;0;3979747.0;0;0;0;0;0;0;0;0;0;32903272.0;0;0;0;0;0;0;0;0;0;0;0;43675522.0;0;0;0;0;0;0;0;0;0;0;0;0;0;0;0;0;0;1233275.0;0;19606687.0;0;0;0;0;0;0;0;0;0;4432676.0;11078.0;0;0;0;0;0;0;0;0;0;0;0;0;0;0;0;0;8865461.0;0;1105813.0;369334.0;0;1550935.0;0;0;0;0;0;0;0;0;0;0;0;0;0;0;0;0;0;0;0;0;0;0;0;0;0;0;0;0;0;0;0;0;0;0;0;0;0;0;0;0;0;0;16000.0;0;0;0;0;0;0;0;0;0;0;0;0;0;0;0;0;0;0;0;0;0;0;0;0;939473.0;0;0;0;0;0;0;0;703913.0;0;0;0;0;0;0;0;0;0;0;0;0;0;0;0;0;0;0;0;0;20121378.0;0;0;0;0;0;0;0;0;0;0;0;0;0;0;0;0;0;0;0;0;13738336.0;0;0;0;0;0;0;0;0;0;0;0;0;0;0;445105.0;7538080.0;0;0;0;1419001.0;0;0;0;0;0;0;0;0;0;0;26954228.0;0;0;0;0;0;0;0;0;0;0;0;0;0;0.0
1990M11;211974714.0;0;0;0;0;0;0;0;0;0;0;0;0;0;0;0;0;0;0;0;0;5524373.0;0;0;0;0;0;0;0;0;0;35736498.0;0;0;0;0;0;0;0;0;0;0;0;50046271.0;0;0;0;0;0;0;0;0;0;0;0;0;0;0;0;0;0;1850446.0;0;31979088.0;0;0;0;0;0;0;0;0;0;1730256.0;290282.0;0;0;0;0;0;0;0;0;0;0;0;0;0;0;0;0;17508088.0;0;590977.0;0;0;3631560.0;0;0;0;0;0;0;0;0;0;0;0;0;0;0;0;0;0;0;0;0;0;0;0;0;0;0;0;0;0;0;0;0;0;0;0;0;0;0;0;0;0;0;0;0;0;0;0;0;0;0;0;0;0;0;0;0;0;0;0;0;0;0;0;0;0;0;0;634894.0;0;0;0;0;0;0;0;692805.0;0;0;0;0;0;0;0;0;0;0;0;0;0;0;0;0;0;0;0;0;3082428.0;0;0;0;0;0;0;0;0;0;0;0;0;0;0;0;0;0;0;0;0;14409396.0;0;0;0;0;0;0;0;0;0;0;0;0;0;0;660580.0;8046596.0;0;0;0;1411287.0;0;0;0;0;0;0;0;0;0;0;34148889.0;0;0;0;0;0;0;0;0;0;0;0;0;0;0.0
1990M12;229235172.0;0;0;0;0;0;0;0;0;0;0;0;0;0;0;0;0;0;0;0;0;3342269.0;0;0;0;0;0;0;0;0;0;18699700.0;0;0;0;0;0;0;0;0;0;0;0;22589457.0;0;0;0;0;0;0;0;0;0;0;0;0;0;0;0;0;0;2634128.0;0;16216206.0;0;0;0;0;0;0;0;0;0;0;17700.0;0;0;0;0;0;0;0;0;0;0;0;0;0;0;0;0;9393429.0;0;935883.0;0;0;228490.0;0;0;0;0;0;0;0;0;2610629.0;0;0;0;0;0;0;0;0;0;0;0;0;0;0;0;0;0;0;0;0;0;0;0;0;0;0;0;0;0;0;0;0;0;0;0;0;0;0;0;0;0;0;0;0;0;0;0;0;0;0;0;0;0;0;0;0;0;0;2456598.0;0;0;0;0;0;0;0;84932972.0;0;0;0;0;0;0;0;0;0;0;0;0;0;0;0;0;0;0;0;0;20198737.0;0;0;0;0;0;0;0;0;0;0;0;0;0;0;0;0;0;0;0;0;11326419.0;0;0;0;0;0;0;0;0;0;0;0;0;0;0;566549.0;9242080.0;0;0;0;0;0;0;0;0;0;0;0;0;0;0;23843926.0;0;0;0;0;0;0;0;0;0;0;0;0;0;0.0
1991M01;151689653.0;0;0;0;0;0;0;0;0;0;0;0;0;0;0;0;0;0;0;0;0;3516994.0;0;0;0;0;0;0;0;0;0;20821546.0;0;0;0;0;0;0;0;0;0;0;0;35309953.0;0;0;0;0;0;0;0;0;0;0;0;0;0;0;0;0;0;114560.0;0;11938102.0;0;0;0;0;0;0;0;0;0;5305862.0;0;0;0;0;0;0;0;0;0;0;0;0;0;0;0;0;0;11938570.0;0;175199.0;0;0;11452562.0;0;0;0;0;0;0;0;0;0;0;0;0;0;0;0;0;0;0;0;0;0;0;0;0;0;0;0;0;0;0;0;0;0;0;0;0;0;0;0;0;0;0;0;0;0;0;0;0;0;0;0;0;0;0;0;0;0;0;0;0;0;0;0;0;0;0;0;411529.0;0;0;0;0;0;0;0;792710.0;0;0;0;0;0;0;0;0;0;0;0;0;0;0;2024550.0;0;0;0;0;0;830597.0;0;0;0;0;0;0;0;0;0;0;0;0;0;0;0;0;0;0;0;0;12777999.0;0;0;0;0;0;0;0;0;0;0;0;0;0;0;2370054.0;5652850.0;0;0;0;0;0;0;0;0;0;0;0;0;0;0;26256016.0;0;0;0;0;0;0;0;0;0;0;0;0;0;0.0
1991M02;212417501.0;0;0;0;0;0;0;0;0;0;0;0;0;0;0;0;0;0;0;0;0;2749034.0;0;0;0;0;0;0;0;0;0;30656392.0;0;0;0;0;0;0;0;0;0;0;0;42748785.0;0;0;0;0;0;0;0;0;0;0;0;0;0;0;0;0;0;4638104.0;0;16678775.0;0;0;0;0;0;0;0;0;0;11807580.0;0;0;0;0;0;0;0;0;0;0;0;0;0;0;0;0;0;7316941.0;8161.0;287610.0;0;0;58832.0;0;0;0;0;0;0;0;0;2772937.0;0;0;0;0;0;0;0;0;0;0;0;0;0;0;0;0;0;0;0;0;0;0;0;0;0;0;0;0;0;0;0;0;0;0;0;0;0;0;0;0;0;0;0;0;0;0;0;0;0;0;0;0;0;0;0;0;0;0;1500323.0;0;0;0;0;0;0;0;2301714.0;0;0;0;0;0;0;0;0;0;0;0;0;0;0;0;0;0;0;0;0;18416033.0;0;0;0;0;0;0;0;0;0;0;0;0;0;0;0;0;0;0;0;0;12779807.0;0;0;0;0;0;0;0;0;0;0;0;0;0;0;981660.0;12139303.0;0;0;0;2404155.0;0;0;0;0;0;0;0;0;0;0;42171355.0;0;0;0;0;0;0;0;0;0;0;0;0;0;0.0
1991M03;249988698.0;0;0;0;0;0;0;0;0;0;0;0;0;0;0;0;0;0;0;0;0;2756453.0;0;0;0;0;0;0;0;0;0;44259792.0;0;0;0;0;0;0;0;0;0;0;0;38238863.0;0;0;0;0;0;0;0;0;0;0;0;0;0;0;0;0;0;6692868.0;0;16242529.0;0;0;0;0;0;0;0;0;0;2270867.0;0;0;0;0;0;0;0;0;0;0;0;0;0;0;0;0;0;11986193.0;0;21826813.0;0;0;7671247.0;0;0;0;0;0;0;0;0;3997794.0;0;0;0;0;0;0;0;0;0;0;0;0;0;0;0;0;0;0;0;0;0;0;0;0;0;0;0;0;0;0;0;0;0;0;0;0;0;0;0;0;0;0;0;0;0;0;0;0;0;0;0;0;0;0;0;0;0;0;2367504.0;0;0;0;0;0;0;0;4060066.0;0;0;0;0;0;0;0;0;0;0;0;0;0;0;0;0;0;0;0;0;10387085.0;0;0;0;0;0;0;0;0;0;0;0;0;0;0;0;0;0;0;0;0;9097544.0;0;0;0;0;0;0;0;0;0;0;0;0;0;0;2096073.0;11644595.0;0;0;0;2913277.0;0;0;0;0;0;0;0;0;0;0;51479135.0;0;0;0;0;0;0;0;0;0;0;0;0;0;0.0
1991M04;196514415.0;0;0;0;0;0;0;0;0;0;0;0;0;0;0;0;0;0;0;0;0;3458207.0;0;0;0;0;0;0;0;0;0;19057676.0;0;0;0;0;0;0;0;0;0;0;0;31220657.0;0;0;0;0;0;0;0;0;0;0;0;0;0;0;0;0;0;2012952.0;0;17362642.0;0;0;0;0;0;0;0;0;0;1355962.0;12950.0;0;0;0;0;0;0;0;0;0;0;0;0;0;0;0;0;22843632.0;0;210689.0;0;0;21939963.0;0;0;0;0;0;0;0;0;1224548.0;0;0;0;0;0;0;0;0;0;0;0;0;0;0;0;0;0;0;0;0;0;0;0;0;0;0;0;0;0;0;0;0;0;0;0;0;0;0;0;0;0;0;0;0;0;0;0;0;0;0;0;0;0;0;0;0;0;0;3418137.0;0;0;0;0;0;0;0;1636677.0;0;0;0;0;0;0;0;0;0;0;0;0;0;0;0;0;0;0;0;0;22231157.0;0;0;0;0;0;0;0;0;0;0;0;0;0;0;0;0;0;0;0;0;12789489.0;0;0;0;0;0;0;0;0;0;0;0;0;0;0;89412.0;5305166.0;0;0;0;1833856.0;0;0;0;0;0;0;0;0;0;0;28510643.0;0;0;0;0;0;0;0;0;0;0;0;0;0;0.0
1991M05;181513195.0;0;0;0;0;0;0;0;0;0;0;0;0;0;0;0;0;0;0;0;0;2707088.0;0;0;0;0;0;0;0;0;0;17075865.0;0;0;0;0;0;0;0;0;0;0;0;46164490.0;0;0;0;0;0;0;0;0;0;0;0;0;0;0;0;0;0;3561429.0;0;14037769.0;0;0;0;0;0;0;0;0;0;3662225.0;775.0;0;0;0;0;0;0;0;0;0;0;0;0;0;0;0;0;20247737.0;0;0;325564.0;0;158571.0;0;0;0;0;0;0;0;0;626528.0;0;0;0;0;0;0;0;0;0;0;0;0;0;0;0;0;0;0;0;0;0;0;0;0;0;0;0;0;0;0;0;0;0;0;0;0;0;0;0;0;0;0;0;0;0;0;0;0;0;0;0;0;0;0;0;0;0;0;2325385.0;0;0;0;0;0;0;0;1984650.0;0;0;0;0;0;0;0;0;0;0;0;0;0;0;0;0;0;0;0;0;18066222.0;0;0;0;0;0;0;0;0;0;0;0;0;0;0;0;0;0;0;0;0;9587100.0;0;0;0;0;0;0;0;0;0;0;0;0;0;0;1866847.0;7200016.0;0;0;0;0;0;0;0;0;0;0;0;0;0;0;31914934.0;0;0;0;0;0;0;0;0;0;0;0;0;0;0.0
1991M06;339342629.0;0;0;0;0;0;0;0;0;0;0;0;0;0;0;0;0;0;0;0;0;2632860.0;0;0;0;0;0;0;0;0;0;57804869.0;0;0;0;0;0;0;0;0;0;0;0;40260275.0;0;0;0;0;0;0;0;0;0;0;0;0;0;0;0;0;0;4830320.0;0;23640568.0;0;0;0;0;0;0;0;0;0;4477005.0;65081074.0;0;0;0;0;0;0;0;0;0;0;0;0;0;0;0;0;19701252.0;0;2018807.0;414629.0;0;10286290.0;0;0;0;0;0;0;0;0;577932.0;0;0;0;0;0;0;0;0;0;0;0;0;0;0;0;0;0;0;0;0;0;0;0;0;0;0;0;0;0;0;0;0;0;0;0;0;0;0;0;0;0;0;0;0;0;0;0;0;0;0;0;0;0;0;0;0;0;0;4088535.0;0;0;0;0;0;0;0;2504730.0;0;0;0;0;0;0;0;0;0;0;0;0;0;0;0;0;0;0;0;0;20031166.0;0;0;0;0;0;0;0;0;0;0;0;0;0;0;0;0;0;0;0;0;17554727.0;0;0;0;0;0;0;0;0;0;0;0;0;0;0;448401.0;9551407.0;0;0;0;0;0;0;0;0;0;0;0;0;0;0;53437782.0;0;0;0;0;0;0;0;0;0;0;0;0;0;0.0
1991M07;304034420.0;0;0;0;0;0;0;0;0;0;0;0;0;0;0;0;0;0;0;0;0;2937343.0;0;0;0;0;0;0;0;0;0;41590070.0;0;0;0;0;0;0;0;0;0;0;0;43773222.0;0;0;0;0;0;0;0;0;0;0;0;2839.0;0;0;0;0;0;8297332.0;0;29888884.0;0;0;0;0;0;0;0;0;0;2275287.0;752863.0;0;0;0;0;0;0;0;0;0;0;0;0;0;0;0;0;25452827.0;0;8671192.0;58559.0;0;23777520.0;0;0;0;0;0;0;0;0;27447.0;0;0;0;0;0;0;0;0;0;0;0;0;0;0;0;0;0;0;0;0;0;0;0;0;0;0;0;0;0;0;0;0;0;0;0;0;0;0;0;0;0;0;0;0;0;0;0;0;0;0;0;0;0;0;0;0;0;0;8209007.0;0;0;0;0;0;0;0;3669038.0;0;0;0;0;0;0;0;0;0;0;0;0;0;0;0;0;0;0;0;0;18152781.0;0;0;0;0;0;0;0;0;0;0;0;0;0;0;0;0;0;0;0;10325590.0;10969981.0;0;0;0;0;0;0;0;0;0;0;0;0;0;0;1672198.0;5084275.0;0;0;0;488988.0;0;0;0;0;0;0;0;0;0;0;57957177.0;0;0;0;0;0;0;0;0;0;0;0;0;0;0.0
1991M08;289933367.0;0;0;0;0;0;0;0;0;0;0;0;0;0;0;0;0;0;0;0;0;4463960.0;0;0;0;0;0;0;0;0;0;22906148.0;0;0;0;0;0;0;0;0;0;0;0;44202210.0;0;0;0;0;0;0;0;0;0;0;0;0;0;0;0;0;0;2205954.0;0;28636772.0;0;0;0;0;0;0;0;0;0;5486451.0;0;0;0;0;0;0;0;0;0;0;0;0;0;0;0;0;0;22555335.0;0;10620.0;354659.0;0;9510117.0;0;0;0;0;0;0;0;0;0;0;0;0;0;0;0;0;0;0;0;0;0;0;0;0;0;0;0;0;0;0;0;0;0;0;0;0;0;0;0;0;0;0;0;0;0;0;0;0;0;0;0;0;0;0;0;0;0;0;0;0;0;0;0;0;0;0;0;6418299.0;0;0;0;0;0;0;0;8079005.0;0;0;0;0;0;0;0;0;0;0;0;0;0;0;0;0;0;0;0;0;29866098.0;0;0;0;0;0;0;0;0;0;0;0;0;0;0;0;0;0;0;0;0;20398260.0;0;0;0;0;0;0;0;0;0;0;0;0;0;0;338299.0;5354703.0;0;0;0;229324.0;0;0;0;0;0;0;0;0;0;0;78917153.0;0;0;0;0;0;0;0;0;0;0;0;0;0;0.0
1991M09;222877094.0;0;0;0;0;0;0;0;0;0;0;0;0;0;0;0;0;0;0;0;0;3302365.0;0;0;0;0;0;0;0;0;0;16080271.0;0;0;0;0;0;0;0;0;0;0;0;57739471.0;0;0;0;0;0;0;0;0;0;0;0;0;0;0;0;0;0;4299979.0;0;20471413.0;0;0;0;0;0;0;0;0;0;8287652.0;0;0;0;0;0;0;0;0;0;0;0;0;0;0;0;0;0;28729645.0;0;73670.0;292306.0;0;836991.0;0;0;0;0;0;0;0;0;33956.0;0;0;0;0;0;0;0;0;0;0;0;0;0;0;0;0;0;0;0;0;0;0;0;0;0;0;0;0;0;0;0;0;0;0;0;0;0;0;0;0;0;0;0;0;0;0;0;0;0;0;0;0;0;0;0;0;0;0;2393309.0;0;0;0;0;0;0;0;1399730.0;0;0;0;0;0;0;0;0;0;0;0;0;0;0;0;0;0;0;0;0;16001036.0;0;0;0;0;0;0;0;0;0;0;0;0;0;0;0;0;0;0;0;590773.0;21993868.0;0;0;0;0;0;0;0;0;0;0;0;0;0;0;2018896.0;3186127.0;0;0;0;916423.0;0;0;0;0;0;0;0;0;0;0;34229213.0;0;0;0;0;0;0;0;0;0;0;0;0;0;0.0
1991M10;215555700.0;0;0;0;0;0;0;0;0;0;0;0;0;0;0;0;0;0;0;0;0;3197281.0;0;0;0;0;0;0;0;0;0;22124359.0;0;0;0;0;0;0;0;0;0;0;0;40098186.0;0;0;0;0;0;0;0;0;0;0;0;0;0;0;0;0;0;4398143.0;0;30545319.0;0;0;0;0;0;0;0;0;0;2033618.0;17275.0;0;0;0;3000000.0;0;0;0;0;0;0;0;0;0;0;0;0;17992737.0;0;54819.0;78600.0;0;3659652.0;0;0;0;0;0;0;0;0;0;0;0;0;0;0;0;0;0;0;0;0;0;0;0;0;0;0;0;0;0;0;0;0;0;0;0;0;0;0;0;0;0;0;0;0;0;0;0;0;0;0;0;0;0;0;0;0;0;0;0;0;0;0;0;0;0;0;0;3051889.0;0;0;0;0;0;0;0;3315778.0;0;0;0;0;0;0;0;0;0;0;0;0;0;0;0;0;0;0;0;0;24312645.0;0;0;0;0;0;0;0;0;0;0;0;0;0;0;0;0;0;0;0;0;32151342.0;0;0;0;0;0;0;0;0;0;0;0;0;0;0;1426855.0;3043954.0;0;0;0;1454850.0;0;0;0;0;0;0;0;0;0;0;19598398.0;0;0;0;0;0;0;0;0;0;0;0;0;0;0.0
1991M11;216531776.0;0;0;0;0;0;0;0;0;0;0;0;0;0;0;0;0;0;0;0;0;8347289.0;0;0;0;0;0;0;0;0;0;25140091.0;0;0;0;0;0;0;0;0;0;0;0;57684726.0;0;0;0;0;0;0;0;0;0;0;0;0;0;0;0;0;0;1684980.0;0;23915001.0;0;0;0;0;0;0;0;0;0;2211471.0;288.0;0;0;0;0;0;0;0;0;0;0;0;0;0;0;0;0;14458164.0;0;164154.0;0;0;4397511.0;0;0;0;0;0;0;0;0;379409.0;0;0;0;0;0;0;0;0;0;0;0;0;0;0;0;0;0;0;0;0;0;0;0;0;0;0;0;0;0;0;0;0;0;0;0;0;0;3130300.0;0;0;0;0;0;0;0;0;0;0;0;0;0;0;0;0;0;0;0;0;5098924.0;0;0;0;0;0;0;0;2770956.0;0;0;0;0;0;0;0;0;0;0;0;0;0;0;0;0;0;0;0;0;5758142.0;0;0;0;0;0;0;0;0;0;0;0;0;0;0;0;0;0;0;0;0;18431181.0;0;0;0;0;0;0;0;0;0;0;0;0;0;0;305944.0;4305075.0;0;0;0;3410776.0;0;0;0;0;0;0;0;0;0;0;34937394.0;0;0;0;0;0;0;0;0;0;0;0;0;0;0.0
1991M12;200970774.0;0;0;0;0;0;0;0;0;0;0;0;0;0;0;0;0;0;0;0;0;5254541.0;0;0;0;0;0;0;0;0;0;25081269.0;0;0;0;0;0;0;0;0;0;0;0;45087746.0;0;0;0;0;0;0;0;0;0;0;0;0;0;0;0;0;0;3964247.0;0;19610713.0;0;0;0;0;0;0;0;0;0;6368097.0;0;0;0;0;0;0;0;0;0;0;0;0;0;0;0;0;0;9249459.0;0;127546.0;49125.0;0;2517491.0;0;0;0;0;0;0;0;0;0;0;0;0;0;0;0;0;0;0;0;0;0;0;0;0;0;0;0;0;0;0;0;0;0;0;0;0;0;0;0;0;0;0;0;0;0;0;0;0;0;0;0;0;0;0;0;0;0;0;0;0;0;0;0;0;0;0;0;3778019.0;0;0;0;0;0;0;0;3199380.0;0;0;0;0;0;0;0;0;0;0;0;0;0;0;0;0;0;0;0;0;13767331.0;0;0;0;0;0;0;0;0;0;0;0;0;0;0;0;0;0;0;0;0;12709933.0;0;0;0;0;0;0;0;0;0;0;0;0;0;0;1622304.0;6764276.0;0;0;0;488336.0;0;0;0;0;0;0;0;0;0;0;41330961.0;0;0;0;0;0;0;0;0;0;0;0;0;0;0.0
1992M01;155120360.0;0;0;0;0;0;0;0;0;0;0;0;0;0;0;0;0;0;0;0;0;2304168.0;0;0;0;0;0;0;0;0;0;31219519.0;0;0;0;0;0;0;0;0;0;0;0;44376207.0;0;0;0;0;0;0;0;0;0;0;0;0;0;0;0;0;0;0;0;13704876.0;0;0;0;0;0;0;0;0;0;4435743.0;65679.0;0;0;0;0;0;0;0;0;0;0;0;0;0;0;0;0;6155962.0;0;87130.0;351793.0;0;0;0;0;0;0;0;0;0;0;57601.0;0;0;0;0;0;0;0;0;0;0;0;0;0;0;0;0;0;0;0;0;0;0;0;0;0;0;0;0;0;0;0;0;0;0;0;0;0;0;0;0;0;0;0;0;0;0;0;0;0;0;0;0;0;0;0;0;0;0;2912399.0;0;0;0;0;0;0;0;3829216.0;0;0;0;0;0;0;0;0;0;0;0;0;0;0;0;0;0;0;0;0;8125902.0;0;0;0;0;0;0;0;0;0;0;0;0;0;0;0;0;0;0;0;0;18002805.0;0;0;0;0;0;0;0;0;0;0;0;0;0;0;1441150.0;1202388.0;0;0;0;295845.0;0;0;0;0;0;0;0;0;0;0;16551977.0;0;0;0;0;0;0;0;0;0;0;0;0;0;0.0
1992M02;211248633.0;0;0;0;0;0;0;0;0;0;0;0;0;0;0;0;0;0;0;0;0;2766078.0;0;0;0;0;0;0;0;0;0;19649325.0;0;0;0;0;0;0;0;0;0;0;0;35720366.0;0;0;0;0;0;0;0;0;0;0;0;0;0;0;0;0;0;3082200.0;0;17708495.0;0;0;0;0;0;0;0;0;0;3038666.0;2054644.0;0;0;0;0;0;0;0;0;0;0;0;0;0;0;0;0;5442275.0;0;54079619.0;0;0;8305697.0;0;0;0;0;0;0;0;0;0;0;0;0;0;0;0;0;0;0;0;0;0;0;0;0;0;0;0;0;0;0;0;0;0;0;0;0;0;0;0;0;0;0;0;0;0;0;0;0;0;0;0;0;0;0;0;0;0;0;0;0;0;0;0;0;0;0;0;4333188.0;0;0;0;0;0;0;0;7471518.0;0;0;0;0;0;0;0;0;0;0;0;0;0;0;0;0;0;0;0;0;7338408.0;0;0;0;0;0;0;0;0;0;0;0;0;0;0;0;0;0;0;0;0;10972558.0;0;0;0;0;0;0;0;0;0;0;0;0;0;0;1050020.0;2789695.0;0;0;0;2311786.0;0;0;0;0;0;0;0;0;0;0;23134095.0;0;0;0;0;0;0;0;0;0;0;0;0;0;0.0
1992M03;249820986.0;0;0;0;0;0;0;0;0;0;0;0;0;0;0;0;0;0;0;0;0;3154994.0;0;0;0;0;0;0;0;0;0;43722734.0;0;0;0;0;0;0;0;0;0;0;0;41109960.0;0;0;0;0;0;0;0;0;0;0;0;0;0;0;0;0;0;952056.0;0;21996064.0;0;0;0;0;0;0;0;0;0;1052685.0;456.0;0;0;0;0;0;0;0;0;0;0;0;0;0;0;0;0;12570531.0;1122254.0;137556.0;215601.0;0;35025583.0;0;0;0;0;0;0;0;0;387950.0;0;0;0;0;0;0;0;0;0;0;0;0;0;0;0;0;0;0;0;0;0;0;0;0;0;0;0;0;0;0;0;0;0;0;0;0;0;190000.0;0;0;0;0;0;0;0;0;0;0;0;0;0;0;0;0;0;0;0;0;5984585.0;0;0;0;0;0;0;0;11963671.0;0;0;0;0;0;0;0;0;0;0;0;0;0;0;0;0;0;0;0;0;9862414.0;0;0;0;0;0;0;0;0;0;0;0;0;0;0;0;0;0;0;0;0;18515279.0;0;0;0;0;0;0;0;0;0;0;0;0;0;0;1064801.0;5037943.0;0;0;0;0;0;0;0;0;0;0;0;0;0;0;35753869.0;0;0;0;0;0;0;0;0;0;0;0;0;0;0.0
1992M04;164245680.0;0;0;0;0;0;0;0;0;0;0;0;0;0;0;0;0;0;0;0;0;3095364.0;0;0;0;0;0;0;0;0;0;40090254.0;0;0;0;0;0;0;0;0;0;0;0;28936177.0;0;0;0;0;0;0;0;0;0;0;0;0;0;0;0;0;0;3030826.0;0;15232015.0;0;0;0;0;0;0;0;0;0;336525.0;0;0;0;0;0;0;0;0;0;0;0;0;0;0;0;0;0;8633238.0;0;85144.0;199900.0;0;3491669.0;0;0;0;0;0;0;0;0;796920.0;0;0;0;0;0;0;0;0;0;0;0;0;0;0;0;0;0;0;0;0;0;0;0;0;0;0;0;0;0;0;0;0;0;0;0;0;0;0;0;0;0;0;0;0;0;0;0;0;0;0;0;0;0;0;0;0;0;0;6895311.0;0;0;0;0;0;0;0;3578441.0;0;0;0;0;0;0;0;0;0;0;0;0;0;0;0;0;0;0;0;0;8202213.0;0;0;0;0;0;0;0;0;0;0;0;0;0;0;0;0;0;0;0;0;14813894.0;0;0;0;0;0;0;0;0;0;0;0;0;0;0;1138572.0;1770691.0;0;0;0;0;0;0;0;0;0;0;0;0;0;0;23918526.0;0;0;0;0;0;0;0;0;0;0;0;0;0;0.0
1992M05;294820479.0;0;0;0;0;0;0;0;0;0;0;0;0;0;0;0;0;0;0;0;0;3392592.0;0;0;0;0;0;0;0;0;0;49570355.0;0;0;0;0;0;0;0;0;0;0;0;39506509.0;0;0;0;0;0;0;0;0;0;0;0;0;0;0;0;0;0;2474967.0;0;10277656.0;0;0;0;0;0;0;0;0;0;2406102.0;230160.0;0;0;0;0;0;0;0;0;0;0;0;0;0;0;0;0;11082738.0;0;49004075.0;118317.0;0;526070.0;0;0;0;0;0;0;0;0;435599.0;0;0;0;0;0;0;0;0;0;0;0;0;0;0;0;0;0;0;0;0;0;0;0;0;0;0;0;0;0;0;0;0;0;0;0;0;0;0;0;0;0;0;0;0;0;0;0;0;0;0;0;0;0;0;0;0;0;0;6030878.0;0;0;0;0;0;0;0;59445277.0;0;0;0;0;0;0;0;0;0;0;0;0;0;0;8581055.0;0;0;0;0;146275.0;10897677.0;0;0;0;0;0;0;0;0;0;0;0;0;0;0;0;0;0;0;0;0;13310014.0;0;0;0;0;0;0;0;0;0;0;0;0;0;0;1194667.0;5335671.0;0;0;0;9120.0;0;0;0;0;0;0;0;0;0;0;20844705.0;0;0;0;0;0;0;0;0;0;0;0;0;0;0.0
1992M06;178426149.0;0;0;0;0;0;0;0;0;0;0;0;0;0;0;0;0;0;0;1500.0;0;3456722.0;0;0;0;0;0;0;0;0;0;14950652.0;0;0;0;0;0;0;0;0;0;0;0;39103225.0;0;0;0;0;0;0;0;0;0;0;0;0;0;0;0;0;0;3150368.0;0;11588238.0;0;0;0;0;0;0;0;0;0;2365822.0;0;0;0;0;0;0;0;0;0;0;0;0;0;0;0;0;0;16866306.0;0;133663.0;1960.0;0;4422146.0;0;0;0;0;0;0;0;0;362982.0;0;0;0;0;0;0;0;0;0;0;0;0;0;0;0;0;0;0;0;0;0;0;0;0;0;0;0;0;0;0;0;0;0;0;0;0;0;0;0;0;0;0;0;0;0;0;0;0;0;0;0;0;0;0;0;0;0;0;4241642.0;0;0;0;0;0;0;0;3834073.0;0;0;0;0;0;0;0;0;0;0;0;0;0;0;740882.0;0;0;0;0;7876929.0;13676118.0;0;0;0;0;0;0;0;0;0;0;0;0;0;0;0;0;0;0;0;0;5816900.0;0;0;0;0;0;0;0;0;0;0;0;0;0;0;1042079.0;3051109.0;0;0;0;297015.0;0;0;0;0;0;0;0;0;0;0;41445818.0;0;0;0;0;0;0;0;0;0;0;0;0;0;0.0
1992M07;254271430.0;0;0;0;0;0;0;0;0;0;0;0;0;0;0;0;0;0;0;0;0;4517010.0;0;0;0;0;0;0;0;0;0;66338076.0;0;0;0;0;0;0;0;0;0;0;0;30834742.0;0;0;0;0;0;0;0;0;0;0;0;0;0;0;0;0;0;3509226.0;0;30121186.0;0;0;0;0;0;0;0;0;0;1202311.0;20250.0;0;0;0;0;0;0;0;0;0;0;0;0;0;0;0;0;18868425.0;0;7425.0;218745.0;0;4204257.0;0;0;0;0;0;0;0;0;266943.0;0;0;0;0;0;0;0;0;0;0;0;0;0;0;0;0;0;0;0;0;0;0;0;0;0;0;0;0;0;0;0;0;0;0;0;0;0;0;0;0;0;0;0;0;0;0;0;0;0;0;0;0;0;0;0;0;0;0;6124416.0;0;0;0;0;0;0;0;5334446.0;0;0;0;0;0;0;0;0;0;0;0;0;0;0;565945.0;0;0;0;0;0;1980513.0;0;0;0;0;0;0;0;0;0;0;0;0;0;0;0;0;0;0;0;0;13604540.0;0;0;0;0;0;0;0;0;0;0;0;0;0;0;3137495.0;3731141.0;0;0;0;160154.0;0;0;0;0;0;0;0;0;0;0;59524184.0;0;0;0;0;0;0;0;0;0;0;0;0;0;0.0
1992M08;161103207.0;0;0;0;0;0;0;0;0;0;0;0;0;0;0;0;0;0;0;0;0;4091635.0;0;0;0;0;0;0;0;0;0;30975998.0;0;0;0;0;0;0;0;0;0;0;0;21389341.0;0;0;0;0;0;0;0;0;0;0;0;0;0;0;0;0;0;764948.0;0;15319075.0;0;0;0;0;0;0;0;0;0;2757239.0;1153518.0;0;0;0;0;0;0;0;0;0;0;0;0;0;0;0;0;10325622.0;0;81867.0;604332.0;0;1919669.0;0;0;0;0;0;0;0;0;0;0;0;0;0;0;0;0;0;0;0;0;0;0;0;0;0;0;0;0;0;0;0;0;0;0;0;0;0;0;0;0;0;0;0;0;0;0;0;0;0;0;0;0;0;0;0;0;0;0;0;0;0;0;0;0;0;0;0;10370338.0;0;0;0;0;0;0;0;2968218.0;0;0;0;0;0;0;0;0;0;0;0;0;0;0;0;0;0;0;0;0;3039492.0;0;0;0;0;0;0;0;0;0;0;0;0;0;0;0;0;0;0;0;0;15417415.0;0;0;0;0;0;0;0;0;4250000.0;0;0;0;0;0;57202.0;7076516.0;0;0;0;713794.0;0;0;0;0;0;0;0;0;0;0;27826988.0;0;0;0;0;0;0;0;0;0;0;0;0;0;0.0
1992M09;268433837.0;0;0;0;0;0;0;0;0;0;0;0;0;0;0;0;0;0;0;0;0;5863325.0;0;0;0;0;0;0;0;0;0;64760116.0;0;0;0;0;0;0;0;0;0;0;0;36252010.0;0;0;0;0;0;0;0;0;0;0;0;0;0;0;0;0;0;3146070.0;0;29427522.0;0;0;0;0;0;0;0;0;0;4305483.0;20250.0;0;0;0;0;0;0;0;0;0;0;0;0;0;0;0;0;19742594.0;1559008.0;121948.0;43892.0;0;33020.0;0;0;0;0;0;0;0;0;56668.0;0;0;0;0;0;0;0;0;0;0;0;0;0;0;0;0;0;0;0;0;0;0;0;0;0;0;0;0;0;0;0;0;0;0;0;0;0;0;0;0;0;0;0;0;0;0;0;0;0;0;0;0;0;0;0;0;0;0;4852377.0;0;0;0;0;0;0;0;1196133.0;0;0;15600000.0;0;0;0;0;0;0;0;0;0;0;0;18263279.0;0;0;0;0;3900000.0;6479776.0;0;0;0;0;0;0;0;0;0;0;0;0;0;0;0;0;0;0;0;0;17899123.0;0;0;0;0;0;0;0;0;0;0;0;0;0;0;2900855.0;2696869.0;0;0;0;1450101.0;0;0;0;0;0;0;0;0;0;0;27863418.0;0;0;0;0;0;0;0;0;0;0;0;0;0;0.0
1992M10;241771934.0;0;0;0;0;0;0;0;0;0;0;0;0;0;0;0;0;0;0;0;0;6077846.0;0;0;0;0;0;0;0;0;0;28445402.0;0;0;0;0;0;0;0;0;0;0;0;46069537.0;0;0;0;0;0;0;0;0;0;0;0;0;0;0;0;0;0;262440.0;0;20517538.0;0;0;0;0;0;0;0;0;0;7456863.0;0;0;0;0;0;0;0;0;0;0;0;0;0;0;0;0;0;18461197.0;0;267016.0;20340.0;0;788733.0;0;0;0;0;0;0;0;0;249642.0;0;0;0;0;0;0;0;0;0;0;0;0;0;0;0;0;0;0;0;0;0;0;0;0;0;0;0;0;0;0;0;0;0;0;0;0;0;0;0;0;0;0;0;0;0;0;0;0;0;0;0;0;0;0;0;0;0;0;6383294.0;0;0;0;0;0;0;0;2075821.0;0;0;0;0;0;0;0;0;0;0;0;0;0;0;56363.0;0;0;0;0;18000000.0;21303112.0;0;0;0;0;0;0;0;0;0;0;0;0;0;0;0;0;0;0;0;0;22372235.0;0;0;0;0;0;0;0;0;0;0;0;0;0;0;1823965.0;4184335.0;0;0;0;4677725.0;0;0;0;0;0;0;0;0;0;0;32278530.0;0;0;0;0;0;0;0;0;0;0;0;0;0;0.0
1992M11;263913811.0;0;0;0;0;0;0;0;0;0;0;0;0;0;0;0;0;0;0;0;0;4108554.0;0;0;0;0;0;0;0;0;0;24210881.0;0;0;0;0;0;0;0;0;0;0;0;51090035.0;0;0;0;0;0;0;0;0;0;0;0;0;0;0;0;0;0;2625873.0;0;29237908.0;0;0;0;0;0;0;0;0;0;7595780.0;13236.0;0;0;0;0;0;0;0;0;0;0;0;0;0;0;0;0;22114612.0;10410.0;29498.0;0;0;1833419.0;0;0;0;0;0;0;0;0;954515.0;0;0;0;0;0;0;0;0;0;0;0;0;0;0;0;0;0;0;0;0;0;0;0;0;0;0;0;0;0;0;0;0;0;0;0;0;0;0;0;0;0;0;0;0;0;0;0;0;0;0;0;0;0;0;0;0;0;0;3113086.0;0;0;0;0;0;0;0;7059408.0;0;0;0;0;0;0;0;0;0;0;0;0;0;0;336000.0;0;0;0;0;0;30046575.0;0;0;0;0;0;0;0;0;0;0;0;0;0;0;0;0;0;0;0;0;13363726.0;0;0;0;0;0;0;0;0;0;0;0;0;0;0;2266473.0;8737956.0;0;0;0;1318451.0;0;0;0;0;0;0;0;0;0;0;53847415.0;0;0;0;0;0;0;0;0;0;0;0;0;0;0.0
1992M12;195553433.0;0;0;0;0;0;0;0;0;0;0;0;0;0;0;0;0;0;0;0;0;2492807.0;0;0;0;0;0;0;0;0;0;30912728.0;0;0;0;0;0;0;0;0;0;0;0;51313551.0;0;0;0;0;0;0;0;0;0;0;0;0;0;0;0;0;0;2418758.0;0;19957893.0;0;0;0;0;0;0;0;0;0;6354800.0;0;0;0;0;0;0;0;0;0;0;0;0;0;0;0;0;0;10144841.0;0;570012.0;0;0;264089.0;0;0;0;0;0;0;0;0;0;0;0;0;0;0;0;0;0;0;0;0;0;0;0;0;0;0;0;0;0;0;0;0;0;0;0;0;0;0;0;0;0;0;0;0;0;0;0;0;0;0;0;0;0;0;0;0;0;0;0;0;0;0;0;0;0;0;0;4963694.0;0;0;0;0;0;0;0;1540213.0;0;0;0;0;0;0;0;0;0;0;0;0;0;0;0;0;0;0;0;533682.0;14784749.0;0;0;0;0;0;0;0;0;0;0;0;0;0;0;0;0;0;0;0;0;8204028.0;0;0;0;0;0;0;0;0;1902000.0;0;0;0;0;0;2761713.0;3817453.0;0;0;0;3502839.0;0;0;0;0;0;0;0;0;0;0;29113583.0;0;0;0;0;0;0;0;0;0;0;0;0;0;0.0
1993M01;201981980.0;0;0;0;0;0;0;0;0;0;0;0;0;0;0;0;0;0;0;0;0;4444129.0;0;0;0;0;0;0;0;0;0;21232936.0;0;0;0;0;0;0;0;0;0;0;0;46324006.0;0;0;0;0;0;0;0;0;0;0;0;0;0;0;0;0;0;0;0;21671395.0;0;0;0;0;0;0;0;0;0;2777986.0;0;0;0;0;0;0;0;0;0;0;0;0;0;0;0;0;0;5374835.0;0;49675.0;0;0;33774930.0;0;0;0;0;0;0;0;0;89406.0;0;0;0;0;0;0;0;0;0;0;0;0;0;0;0;0;0;0;0;0;0;0;0;0;0;0;0;0;0;0;0;0;0;0;0;0;0;8678000.0;0;0;0;0;0;0;0;0;0;0;0;0;0;0;0;0;0;0;0;0;7757808.0;0;0;0;0;0;0;0;886367.0;0;0;0;0;0;0;0;0;0;0;0;0;0;0;3071121.0;0;0;0;0;598768.0;5672140.0;0;0;0;0;0;0;0;0;0;0;0;0;0;0;0;0;0;0;0;0;13116826.0;0;0;0;0;0;0;0;0;0;0;0;0;0;0;1108915.0;1470445.0;0;0;0;2211824.0;0;0;0;0;0;0;0;0;0;0;21670468.0;0;0;0;0;0;0;0;0;0;0;0;0;0;0.0
1993M02;144809078.0;0;0;0;0;0;0;0;0;0;0;0;0;0;0;0;0;0;0;0;0;3881487.0;0;0;0;0;0;0;0;0;0;18502959.0;0;0;0;0;0;0;0;0;0;0;0;34969154.0;0;0;0;0;0;0;0;0;0;0;0;0;0;0;0;0;0;745106.0;0;19307890.0;0;0;0;0;0;0;0;0;0;479432.0;52500.0;0;0;0;0;0;0;0;0;0;0;0;0;0;0;0;0;4659030.0;0;58359.0;0;0;13955648.0;0;0;0;0;0;0;0;0;0;0;0;0;0;0;0;0;0;0;0;0;0;0;0;0;0;0;0;0;0;0;0;0;0;0;0;0;0;0;0;0;0;0;0;0;0;0;0;0;0;0;0;0;0;0;0;0;0;0;0;0;0;0;0;0;0;0;0;4794437.0;0;0;0;0;0;0;0;2792268.0;0;0;0;0;0;0;0;0;0;0;0;0;0;0;1366461.0;605.0;0;0;0;699415.0;2318351.0;0;0;0;0;0;0;0;0;0;0;0;0;0;0;0;0;0;0;0;0;2963463.0;0;0;0;0;0;0;0;0;0;0;0;0;0;0;1753725.0;1122107.0;0;0;0;1444851.0;0;0;0;0;0;0;0;0;0;0;28941830.0;0;0;0;0;0;0;0;0;0;0;0;0;0;0.0
1993M03;209392535.0;0;0;0;0;0;0;0;0;0;0;0;0;0;0;0;0;0;0;0;0;3132897.0;0;0;0;0;0;0;0;0;0;54535476.0;0;0;0;0;0;0;0;0;0;0;0;32526250.0;0;0;0;0;0;0;0;0;0;0;0;0;0;0;0;0;0;378510.0;0;25345826.0;0;0;0;0;0;0;0;0;0;2358888.0;73390.0;0;0;0;0;0;0;0;0;0;5482000.0;0;0;0;0;0;0;7736302.0;1446000.0;57175.0;46335.0;0;0;0;0;0;0;0;0;0;0;1075897.0;0;0;0;0;0;0;0;0;0;0;0;0;0;0;0;0;0;0;0;0;0;0;0;0;0;0;0;0;0;0;0;0;0;0;0;0;0;0;0;0;0;0;0;0;0;0;0;0;0;0;0;0;0;0;0;0;0;0;4385567.0;0;0;0;0;0;0;0;3252613.0;0;0;0;0;0;0;0;0;0;0;0;0;0;0;2412.0;0;0;0;0;467980.0;5084678.0;0;0;0;0;0;0;0;0;0;0;0;0;0;0;0;0;0;0;0;0;13708363.0;0;0;0;0;0;0;0;0;5000000.0;0;0;0;0;0;2349695.0;3877739.0;0;0;0;0;0;0;0;0;0;0;0;0;0;0;37068542.0;0;0;0;0;0;0;0;0;0;0;0;0;0;0.0
1993M04;167046013.0;0;0;0;0;0;0;0;0;0;0;0;0;0;0;0;0;0;0;0;0;2452830.0;0;0;0;0;0;0;0;0;0;40755112.0;0;0;0;0;0;0;0;0;0;0;0;31035820.0;0;0;7789.0;0;0;0;0;0;0;0;0;0;0;0;0;0;0;1127815.0;0;24532309.0;0;0;0;0;0;0;0;0;0;630180.0;0;0;0;0;0;0;0;0;0;0;0;0;0;0;0;0;0;5929897.0;0;614218.0;0;0;0;0;0;0;0;0;0;0;0;322206.0;0;0;0;0;0;0;0;0;0;0;0;0;0;0;0;0;0;0;0;0;0;0;0;0;0;0;0;0;0;0;0;0;0;0;0;0;0;0;0;0;0;0;0;0;0;0;0;0;0;0;0;0;0;0;0;0;0;0;9622430.0;0;0;0;0;0;0;0;3994576.0;0;0;0;0;0;0;0;0;0;0;0;0;0;0;422117.0;0;0;0;0;0;6202174.0;0;0;0;0;0;0;0;0;0;0;0;0;0;0;0;0;0;0;0;0;9118140.0;0;0;0;0;0;0;0;0;0;0;0;0;0;0;4432452.0;3391278.0;0;0;0;547556.0;0;0;0;0;0;0;0;0;0;0;21907114.0;0;0;0;0;0;0;0;0;0;0;0;0;0;0.0
1993M05;157932444.0;0;0;0;0;0;0;0;0;0;0;0;0;0;0;0;0;0;0;0;0;2145667.0;0;0;0;0;0;0;0;0;0;37076991.0;0;0;0;0;0;0;0;0;0;0;0;44588822.0;0;0;14761.0;0;0;0;0;0;0;0;0;0;0;0;0;0;0;815193.0;0;14871706.0;0;0;0;0;0;0;0;0;0;0;0;0;0;0;0;0;0;0;0;0;0;0;0;0;0;0;0;6000650.0;0;72360.0;7916430.0;0;518940.0;0;0;0;0;0;0;0;0;67060.0;0;0;0;0;0;0;0;0;0;0;0;0;0;0;0;0;0;0;0;0;0;0;0;0;0;0;0;0;0;0;0;0;0;0;0;0;0;0;0;0;0;0;0;0;0;0;0;0;0;0;0;0;0;0;0;0;0;0;3293267.0;0;0;0;0;0;0;0;3059996.0;0;0;0;0;0;0;0;0;0;0;0;0;0;0;307168.0;0;0;0;0;980800.0;2360570.0;0;0;0;0;0;0;0;0;0;0;0;0;0;0;0;0;0;0;0;0;7309957.0;0;0;0;0;0;0;0;0;0;0;0;0;0;0;1792765.0;2063697.0;0;0;0;0;0;0;0;0;0;0;0;0;0;0;22675644.0;0;0;0;0;0;0;0;0;0;0;0;0;0;0.0
1993M06;221980199.0;0;0;0;0;0;0;0;0;0;0;0;0;0;0;0;0;0;0;0;0;2290798.0;0;0;0;0;0;0;0;0;0;48614514.0;0;0;0;0;0;0;0;0;0;0;0;44320997.0;0;0;0;0;0;0;0;0;0;0;0;0;0;0;0;0;0;397433.0;0;15052705.0;0;0;0;0;0;0;0;0;0;0;9399.0;0;0;0;0;0;0;0;0;0;0;0;0;0;0;0;0;10638723.0;0;685567.0;69217.0;0;1153204.0;0;0;0;0;0;0;0;0;33373710.0;0;0;0;0;0;0;0;0;0;0;0;0;0;0;0;0;0;0;0;0;0;0;0;0;0;0;0;0;0;0;0;0;0;0;0;0;0;0;0;0;0;0;0;0;0;0;0;0;0;0;0;0;0;0;0;0;0;0;2249596.0;0;0;0;0;0;0;0;710412.0;0;0;0;0;0;0;0;0;0;0;0;0;0;0;0;0;0;0;0;1982949.0;4041647.0;0;0;0;0;0;0;0;0;0;0;0;0;0;0;0;0;0;0;0;0;15488229.0;0;0;0;0;0;0;0;0;0;0;0;0;0;0;4552231.0;2159792.0;0;0;0;0;0;0;0;0;0;0;0;0;0;0;34189076.0;0;0;0;0;0;0;0;0;0;0;0;0;0;0.0
1993M07;199857636.0;0;0;0;0;0;0;0;0;0;0;0;0;0;0;0;0;0;0;0;0;1228550.0;0;0;0;0;0;0;0;0;0;63520770.0;0;0;0;0;0;0;0;0;0;0;0;40270525.0;0;0;0;0;0;0;0;0;0;0;0;0;0;0;0;0;0;1514178.0;0;14634612.0;0;0;0;0;0;0;0;0;0;83780.0;0;0;0;0;0;0;0;0;0;0;0;0;0;0;0;0;0;8901646.0;0;272667.0;0;0;1698235.0;0;0;0;0;0;0;0;0;70373.0;0;0;0;0;0;0;0;0;0;0;0;0;0;0;0;0;0;0;0;0;0;6902220.0;0;0;0;0;0;0;0;0;0;0;0;0;0;0;0;0;0;0;0;0;0;0;0;0;0;0;0;0;0;0;0;0;0;0;0;0;1901089.0;0;0;0;0;0;0;0;589734.0;0;0;0;0;0;0;0;0;4685100.0;0;0;0;0;0;0;0;0;0;0;430589.0;2504036.0;0;0;0;0;0;0;0;0;0;0;0;0;0;0;0;0;0;0;0;0;9829292.0;0;0;0;0;0;0;0;0;0;0;0;0;0;0;908076.0;2087394.0;0;0;0;2073440.0;0;0;0;0;0;0;0;0;0;0;35751330.0;0;0;0;0;0;0;0;0;0;0;0;0;0;0.0
1993M08;167822538.0;0;0;0;0;0;0;0;0;0;0;0;0;0;0;0;0;0;0;0;0;2246399.0;0;0;0;0;0;0;0;0;0;25932881.0;0;0;0;0;0;0;0;0;0;0;0;51929996.0;0;0;0;0;0;0;0;0;0;0;0;0;0;0;0;0;0;782661.0;0;16317359.0;0;0;0;0;0;20000.0;0;0;0;438125.0;0;0;0;0;0;0;0;0;0;0;0;0;0;0;0;0;0;11869593.0;0;1770111.0;0;0;475644.0;0;0;0;0;0;0;0;0;0;0;0;0;0;0;0;0;0;0;0;0;0;0;0;0;0;0;0;0;0;0;0;0;0;0;0;0;0;0;0;0;0;0;0;0;0;0;0;0;0;0;0;0;0;0;0;0;0;0;0;0;0;0;0;0;0;0;0;3847219.0;0;0;0;0;0;0;0;1176779.0;0;0;0;0;0;0;0;0;0;0;0;0;0;0;204120.0;0;0;0;0;201445.0;11303543.0;0;0;0;0;0;0;0;0;0;0;0;0;0;0;0;0;0;0;0;0;13695590.0;0;0;0;0;0;0;0;0;0;0;0;0;0;0;2371434.0;1854602.0;0;0;0;1984888.0;0;0;0;0;0;0;0;0;0;0;19400149.0;0;0;0;0;0;0;0;0;0;0;0;0;0;0.0
1993M09;162509575.0;0;0;0;0;0;0;0;0;0;0;0;0;0;0;0;0;0;0;0;0;1319722.0;0;0;0;0;0;0;0;0;0;36321487.0;0;0;0;0;0;0;0;0;0;0;0;49695567.0;0;0;3480.0;0;0;0;0;0;0;0;0;0;0;0;0;0;0;749694.0;0;25689291.0;0;0;0;0;0;0;0;0;0;890017.0;0;0;0;0;0;0;0;0;0;0;0;0;0;0;0;0;0;11130603.0;0;235355.0;0;0;0;0;0;0;0;0;0;0;0;0;0;0;0;0;0;0;0;0;0;0;0;0;0;0;0;0;0;0;0;0;0;0;0;0;0;0;0;0;0;0;0;0;0;0;0;0;0;0;0;0;0;0;0;0;0;0;0;0;0;0;0;0;0;0;0;0;0;0;1157094.0;0;0;0;0;0;0;0;6367587.0;0;0;0;0;0;0;0;0;0;0;0;0;0;0;0;0;0;0;0;0;5061688.0;0;0;0;0;0;0;0;0;0;0;0;0;0;0;0;0;0;0;0;0;6336674.0;0;0;0;0;0;0;0;0;0;0;0;0;0;0;2189396.0;954011.0;0;0;0;720602.0;0;0;0;0;0;0;0;0;0;0;13687307.0;0;0;0;0;0;0;0;0;0;0;0;0;0;0.0
1993M10;195136764.0;0;0;0;0;0;0;0;0;0;0;0;0;0;0;0;0;0;0;500000.0;0;1382678.0;0;0;0;0;0;0;0;0;0;39844972.0;0;0;0;0;0;0;0;0;0;0;0;50946921.0;0;0;3533.0;0;0;0;0;0;0;0;0;0;0;0;0;0;0;766751.0;0;18006514.0;0;0;0;0;0;0;0;0;0;2290889.0;63147.0;0;0;0;0;0;0;0;0;0;0;0;0;0;0;0;0;13712747.0;0;70543.0;0;0;1709816.0;0;0;0;0;0;0;0;0;0;0;0;0;0;0;0;6334964.0;0;0;0;0;0;0;0;0;0;0;0;0;0;0;0;0;0;0;0;0;0;0;0;0;0;0;0;0;0;0;0;0;0;0;0;0;0;0;0;0;0;0;0;0;0;0;0;0;0;0;0;10150591.0;0;0;0;0;0;0;0;4422969.0;0;0;0;0;0;0;0;0;0;0;0;0;0;0;149156.0;0;0;0;0;0;4435007.0;0;0;0;0;0;0;0;0;0;0;0;0;0;0;0;0;0;0;0;0;7857596.0;0;0;0;0;0;0;0;0;0;0;0;0;0;0;3304012.0;1852513.0;0;0;0;1032757.0;0;0;0;0;0;0;0;0;0;0;26298688.0;0;0;0;0;0;0;0;0;0;0;0;0;0;0.0
1993M11;174061657.0;0;0;0;0;0;0;0;0;0;0;0;0;0;0;0;0;0;0;0;0;1441287.0;0;0;0;0;0;0;0;0;0;15459429.0;0;0;0;0;0;0;0;0;0;0;0;75943359.0;0;0;97685.0;0;0;0;0;0;0;0;0;0;0;0;0;0;0;999592.0;0;22419495.0;0;0;0;0;0;0;0;0;0;606093.0;9710.0;0;0;0;0;0;0;0;0;0;0;0;0;0;0;0;0;14935830.0;0;134505.0;0;0;554400.0;0;0;0;0;0;0;0;0;195026.0;0;0;0;0;0;0;0;0;0;0;0;0;0;0;0;0;0;0;0;0;0;0;0;0;0;0;0;0;0;0;0;0;0;0;0;0;0;0;0;0;0;0;0;0;0;0;0;0;0;0;0;0;0;0;0;0;0;0;2957896.0;0;0;0;0;0;0;0;1650857.0;0;0;0;0;0;0;0;0;0;0;0;0;0;0;0;0;0;0;0;255597.0;3290188.0;0;0;0;0;0;0;0;0;0;256559.0;0;0;0;140098.0;0;0;0;0;0;0;7698749.0;0;0;0;0;0;0;0;0;0;0;0;0;0;0;5193080.0;1443028.0;0;0;0;1311156.0;0;0;0;0;0;0;0;0;0;0;17068038.0;0;0;0;0;0;0;0;0;0;0;0;0;0;0.0
1993M12;129895219.0;0;0;0;0;0;0;0;0;0;0;0;0;0;0;0;0;0;0;0;0;1259005.0;0;0;0;0;0;0;0;0;0;14541142.0;0;0;0;0;0;0;0;0;0;0;0;42576362.0;0;0;67441.0;0;0;0;0;0;0;0;0;0;0;0;0;0;0;1124541.0;0;21282076.0;0;0;0;0;0;0;0;0;0;0;2685040.0;0;0;0;0;0;0;0;0;0;0;0;0;0;0;0;0;5144792.0;0;574363.0;0;0;1278280.0;0;0;0;0;0;0;0;0;0;0;0;0;0;0;0;0;0;0;0;0;0;0;0;0;0;0;0;0;0;0;0;0;0;0;0;0;0;0;0;0;0;0;0;0;0;0;0;0;0;0;0;0;0;0;0;0;0;0;0;0;0;0;0;0;0;0;0;3164295.0;0;0;0;0;0;0;0;6337616.0;0;0;0;0;0;0;0;0;0;0;0;0;0;0;0;0;0;0;0;301612.0;870864.0;0;0;0;0;0;0;0;0;0;0;0;0;0;0;0;0;0;0;0;0;6522709.0;0;0;0;0;0;0;0;0;0;0;0;0;0;0;1512161.0;3203640.0;0;0;0;722917.0;0;0;0;0;0;0;0;0;0;0;16726363.0;0;0;0;0;0;0;0;0;0;0;0;0;0;0.0
1994M01;149554030.0;0;0;0;0;0;0;0;0;0;0;0;0;0;0;0;0;0;0;0;0;916286.0;0;0;0;0;0;0;0;0;0;25732132.0;0;0;0;0;0;0;0;0;0;0;0;51820774.0;0;0;0;0;0;0;0;0;0;0;0;0;0;0;0;0;0;3252011.0;0;24227836.0;0;0;0;0;0;0;0;0;0;0;0;0;0;0;0;0;0;0;0;0;0;0;0;0;0;0;0;3998649.0;0;153956.0;0;0;0;0;0;0;0;0;0;0;0;0;0;0;0;0;0;0;0;0;0;0;0;0;0;0;0;0;0;0;0;0;0;0;0;0;0;0;0;0;0;0;0;0;0;0;0;0;0;0;0;0;0;0;0;0;0;0;0;0;0;0;0;0;0;0;0;0;0;0;4583279.0;0;0;0;0;0;0;0;6231197.0;0;0;0;0;0;0;0;0;0;0;0;0;0;0;0;0;0;0;0;0;1814174.0;0;0;0;0;0;0;0;0;0;0;0;0;0;247577.0;0;0;0;0;0;0;7763178.0;0;0;0;0;0;0;731.0;0;0;0;0;0;0;0;1217776.0;1842676.0;0;0;0;0;0;0;0;0;0;0;0;0;0;0;15751798.0;0;0;0;0;0;0;0;0;0;0;0;0;0;0.0
1994M02;153935980.0;0;0;0;0;0;0;0;0;0;0;0;0;0;0;0;0;0;0;0;0;1359298.0;0;0;0;0;0;0;0;0;0;16717347.0;0;0;0;0;0;0;0;0;0;0;0;34138502.0;0;0;98590.0;0;0;0;0;0;0;0;0;0;0;0;0;0;0;709157.0;0;14039109.0;0;0;0;0;0;0;0;0;0;557111.0;0;0;0;0;0;0;0;0;0;0;0;0;0;0;0;0;0;6383935.0;0;934769.0;0;0;6842296.0;0;0;0;0;0;0;0;0;504211.0;0;0;0;0;0;0;0;0;0;0;0;0;0;0;0;0;0;0;0;0;0;0;0;0;0;0;0;0;0;0;0;0;0;0;0;0;0;0;0;0;0;0;0;0;0;0;0;0;0;0;0;0;0;0;0;0;0;0;860992.0;0;0;0;0;0;0;0;18897802.0;0;0;0;0;0;0;0;0;0;0;0;0;0;0;114438.0;0;0;0;0;317618.0;2723727.0;0;0;0;0;0;0;0;0;0;0;0;0;0;0;0;0;0;0;0;0;10190537.0;0;0;0;0;0;0;0;0;0;0;0;0;0;0;3637520.0;8533822.0;0;0;0;837837.0;0;0;0;0;0;0;0;0;0;0;25537362.0;0;0;0;0;0;0;0;0;0;0;0;0;0;0.0
1994M03;199248801.0;0;0;0;0;0;0;0;0;0;0;0;0;0;269625.0;0;0;0;0;0;0;1499385.0;186487.0;0;0;0;0;0;0;0;0;45262532.0;0;0;0;0;0;0;0;0;0;0;0;47504874.0;0;0;348884.0;0;0;0;0;0;0;0;0;0;0;0;0;0;0;0;0;23714037.0;0;0;0;0;0;0;0;0;0;2716909.0;426426.0;0;0;0;0;0;0;0;0;0;0;0;0;0;0;0;0;6848789.0;0;146704.0;0;0;6141183.0;0;0;0;0;0;0;0;0;130848.0;0;0;0;215573.0;0;0;0;0;0;0;0;0;0;0;0;0;0;0;0;0;0;0;0;0;0;0;0;0;0;0;0;0;0;0;0;0;0;0;0;0;0;0;0;0;0;0;0;0;0;0;0;0;0;0;0;0;0;0;3834579.0;0;0;0;0;0;0;0;2958201.0;0;0;0;0;0;0;0;0;9960.0;0;0;0;0;0;0;0;0;0;0;198368.0;5841207.0;0;625000.0;0;0;0;0;0;0;0;0;0;0;0;114438.0;0;0;0;0;0;0;15918637.0;0;0;0;0;0;0;0;0;0;0;0;0;0;0;170064.0;8875243.0;0;0;0;0;0;0;0;0;0;0;0;0;0;0;25290848.0;0;0;0;0;0;0;0;0;0;0;0;0;0;0.0
1994M04;135417498.0;0;0;0;0;0;0;0;0;0;0;0;0;0;673783.0;0;0;0;0;0;0;1805263.0;138161.0;0;0;0;0;0;0;0;0;16560257.0;0;0;0;0;0;0;0;0;0;0;0;43500833.0;0;0;0;0;0;0;0;0;0;0;0;0;0;0;0;0;0;1014454.0;0;16586569.0;0;0;0;0;0;0;0;0;0;381638.0;669018.0;0;0;0;0;0;0;0;0;0;0;0;0;0;0;0;0;6099313.0;0;121016.0;0;0;2206442.0;0;0;0;0;0;0;0;0;78116.0;0;0;0;0;0;0;0;0;0;0;0;0;0;0;0;0;0;0;0;0;0;0;0;0;0;0;0;0;0;0;0;0;0;0;0;0;0;0;0;0;0;0;0;0;0;0;0;0;0;0;0;0;0;0;0;0;0;0;4563660.0;0;0;0;0;0;0;0;3051632.0;0;0;0;0;0;0;0;0;0;0;0;0;0;0;759120.0;0;0;0;0;0;9810306.0;0;0;0;0;0;0;0;0;0;0;0;0;0;105500.0;0;0;0;0;0;0;8963895.0;0;0;0;0;0;0;0;0;0;0;0;0;0;0;101823.0;5896097.0;0;0;0;537880.0;0;0;0;0;0;0;0;0;0;0;11792722.0;0;0;0;0;0;0;0;0;0;0;0;0;0;0.0
1994M05;171654861.0;0;0;0;0;0;0;0;0;0;0;0;0;0;570310.0;0;0;0;0;0;0;1144541.0;334480.0;0;0;0;0;0;0;0;0;53865467.0;0;0;0;0;0;0;0;0;0;0;0;35584888.0;0;0;0;0;0;0;0;0;0;0;0;0;0;0;0;0;0;647463.0;0;16550447.0;0;0;0;0;0;0;0;0;0;0;804384.0;0;0;0;0;0;0;0;0;0;539810.0;0;0;0;0;0;0;9543931.0;0;383691.0;0;0;6909959.0;0;0;0;0;0;0;0;0;159884.0;0;0;0;0;0;0;0;0;0;0;0;0;0;0;0;0;0;0;0;0;0;0;0;0;0;0;0;0;0;0;0;0;0;0;0;0;0;0;0;0;0;0;0;0;0;0;0;0;0;0;0;0;0;0;0;0;0;0;1503477.0;0;0;0;0;0;0;0;3757652.0;0;0;0;0;0;0;0;0;0;0;0;0;0;0;971922.0;0;0;0;0;313047.0;4789790.0;0;0;0;0;0;0;0;0;0;0;0;0;0;0;0;0;0;0;0;0;6786335.0;0;0;0;0;0;0;0;0;0;0;0;0;0;0;2380112.0;6411638.0;0;0;0;493033.0;0;0;0;0;0;0;0;0;0;0;17208600.0;0;0;0;0;0;0;0;0;0;0;0;0;0;0.0
1994M06;171494213.0;0;0;0;0;0;0;0;0;0;0;0;0;0;869226.0;0;0;0;0;0;0;2905994.0;198199.0;0;0;0;0;0;0;0;0;53362910.0;0;0;0;0;0;0;0;0;0;0;0;24124680.0;0;0;0;0;0;0;0;0;0;0;0;0;0;0;0;0;0;3993326.0;0;15688675.0;0;0;0;0;0;0;0;0;0;0;371084.0;0;0;0;0;0;0;0;0;0;0;0;0;0;0;0;0;11646703.0;0;475563.0;0;0;8858246.0;0;0;0;0;0;0;0;0;43617.0;0;0;0;0;0;0;0;0;0;0;0;0;0;0;0;0;0;0;0;30.0;0;0;0;0;0;0;0;0;0;0;0;0;0;0;0;0;0;0;0;0;0;0;0;0;0;0;0;0;0;0;0;0;0;0;0;0;0;0;3155661.0;0;0;0;0;0;0;0;1025408.0;0;0;0;0;0;0;0;0;0;0;0;0;0;0;0;0;0;0;0;867000.0;8629663.0;0;0;0;0;0;0;0;0;0;0;0;0;0;0;0;0;0;0;0;0;3868648.0;0;0;0;0;0;0;0;0;0;0;0;0;0;0;1898969.0;5212692.0;0;0;0;0;0;0;0;0;0;0;0;0;0;0;24297919.0;0;0;0;0;0;0;0;0;0;0;0;0;0;0.0
1994M07;172855461.0;0;0;0;0;0;0;0;0;0;0;0;0;0;834580.0;0;0;0;0;0;0;3297667.0;157264.0;0;0;0;0;0;0;0;0;34468411.0;0;0;0;0;0;0;0;0;0;0;0;34319616.0;0;0;36397.0;0;0;0;0;0;0;0;0;0;0;0;0;0;0;1499388.0;0;10256796.0;0;0;0;0;0;0;0;0;0;346610.0;613803.0;0;0;0;0;0;0;0;0;0;0;0;0;0;3000.0;0;0;12619209.0;0;147440.0;0;0;7266194.0;0;0;0;0;0;0;0;0;212671.0;0;0;0;0;0;0;0;0;0;0;0;0;0;0;0;0;0;0;0;0;0;0;0;0;0;0;0;0;0;0;0;0;0;0;0;0;0;0;0;0;0;0;0;0;0;0;0;0;0;0;0;0;0;0;0;0;0;0;2524549.0;0;0;0;0;0;0;0;626689.0;0;0;18500000.0;0;0;0;0;0;0;0;0;0;0;0;4225898.0;0;0;0;0;90855.0;3213784.0;0;0;0;0;0;0;0;0;0;0;0;0;0;0;0;0;0;0;0;0;5572640.0;0;0;0;0;0;0;0;0;0;0;0;0;0;0;848826.0;3961045.0;0;0;0;4926.0;0;0;0;0;0;0;0;0;0;0;27207203.0;0;0;0;0;0;0;0;0;0;0;0;0;0;0.0
1994M08;144216669.0;0;0;0;0;0;0;0;0;0;0;0;0;0;707374.0;0;0;0;0;0;0;1678686.0;0;0;0;0;0;0;0;0;0;34934232.0;0;0;0;0;0;0;0;0;0;0;0;38526095.0;0;0;7245.0;0;0;0;0;0;0;0;0;0;0;0;0;0;0;4313605.0;0;13709864.0;0;0;0;0;0;0;0;0;0;422528.0;486213.0;0;0;0;0;0;0;0;0;0;0;0;0;0;0;0;0;7045001.0;0;124617.0;0;0;2375836.0;0;0;0;0;0;0;0;0;0;0;0;0;0;0;0;0;0;0;0;0;0;0;0;0;0;0;0;0;0;0;0;0;0;0;0;0;0;0;0;0;0;0;0;0;0;0;0;0;0;0;0;0;0;0;0;0;0;0;0;0;0;0;0;0;0;0;0;1218761.0;0;0;0;0;0;0;0;2238589.0;0;0;0;0;0;0;0;0;46280.0;0;0;0;0;0;0;0;0;0;0;0;3263497.0;0;0;0;0;0;0;0;0;0;0;0;0;0;0;0;0;0;0;0;0;8986243.0;0;0;0;0;0;0;0;0;0;0;0;0;0;0;90600.0;6838359.0;0;0;0;0;0;0;0;0;0;0;0;0;0;0;17203044.0;0;0;0;0;0;0;0;0;0;0;0;0;0;0.0
1994M09;246637292.0;0;0;0;0;0;0;0;0;0;0;0;0;0;399656.0;0;0;0;0;0;0;1781891.0;244775.0;0;0;0;0;0;0;0;0;45478663.0;0;0;0;0;0;0;0;0;0;0;0;65472490.0;0;0;5120.0;0;0;0;0;0;0;0;0;0;0;0;0;0;0;4680253.0;0;26405285.0;0;0;0;0;0;0;0;0;0;2973734.0;573944.0;0;0;0;0;0;0;0;0;0;0;0;0;0;0;0;0;18952900.0;0;263470.0;0;0;6725208.0;0;0;0;0;0;0;0;0;40500.0;0;0;0;0;0;0;0;0;0;0;0;0;0;0;0;0;0;0;0;0;0;0;0;0;0;0;0;0;0;0;0;0;0;0;0;0;0;0;0;0;0;0;0;0;0;0;0;0;0;0;0;0;0;0;0;0;0;0;8613253.0;0;0;0;0;0;0;0;18698193.0;0;0;0;0;0;0;0;0;0;0;0;0;0;0;0;0;0;0;0;531712.0;5752714.0;0;0;0;0;0;0;0;0;0;0;0;0;0;0;0;0;0;0;0;0;11846592.0;0;0;0;0;0;0;0;0;0;0;0;0;0;0;3679963.0;4801300.0;0;0;0;211920.0;0;0;0;0;0;0;0;0;0;0;18503756.0;0;0;0;0;0;0;0;0;0;0;0;0;0;0.0
1994M10;169135963.0;0;0;0;0;0;0;0;0;0;0;0;0;0;0;0;0;0;0;0;0;600375.0;288797.0;0;0;0;0;0;0;0;0;27441069.0;0;0;0;0;0;0;0;0;0;0;0;52276024.0;0;0;0;0;0;0;0;0;0;0;0;0;0;0;0;0;0;1984125.0;0;22971028.0;0;0;0;0;0;0;0;0;0;1829875.0;865883.0;0;0;0;0;0;0;0;0;0;0;0;0;0;0;0;0;14092175.0;0;54710.0;0;0;1225478.0;0;0;0;0;0;0;0;0;266300.0;0;0;0;0;0;0;0;0;0;0;0;0;0;0;0;0;0;0;0;0;0;0;0;0;0;0;0;0;0;0;0;0;0;440806.0;0;0;0;0;0;0;0;0;0;0;0;0;0;0;0;0;0;0;0;0;0;0;0;0;1222195.0;0;0;0;0;0;0;0;1214308.0;0;0;0;0;0;0;0;0;7948000.0;0;0;0;0;0;989120.0;0;0;0;0;0;5947247.0;0;0;0;0;0;0;0;0;0;0;0;0;0;0;0;0;0;0;0;0;3979882.0;0;0;0;0;0;0;0;0;0;0;0;0;0;0;1517431.0;4706976.0;0;0;0;0;0;0;0;0;0;0;0;0;0;0;17274159.0;0;0;0;0;0;0;0;0;0;0;0;0;0;0.0
1994M11;165261706.0;0;0;0;0;0;0;0;0;0;0;0;0;0;150054.0;0;0;0;0;0;0;2623033.0;148594.0;0;0;0;0;0;0;0;0;26546276.0;0;0;0;0;0;0;0;0;0;0;0;54472760.0;0;0;235449.0;0;0;0;0;0;0;0;0;0;0;0;0;0;0;1587363.0;0;21954535.0;0;0;0;0;0;0;0;0;0;1882538.0;292496.0;0;0;0;0;0;0;0;0;0;0;0;0;0;0;0;0;11502477.0;0;456901.0;0;0;3552442.0;0;0;0;0;0;0;0;0;495693.0;0;0;0;0;0;0;0;0;0;0;0;0;0;0;0;0;0;0;0;0;0;0;0;0;0;0;0;0;0;0;0;0;0;415056.0;0;0;0;0;0;0;0;0;0;0;0;0;0;0;0;0;0;0;0;0;0;0;0;0;6714592.0;0;0;0;0;0;0;0;1069534.0;0;0;0;0;0;0;0;0;0;0;0;0;0;0;866865.0;0;0;0;0;145846.0;3001545.0;0;0;0;0;0;0;0;0;0;0;0;0;0;0;0;0;0;0;0;0;5490061.0;0;0;0;0;0;0;0;0;0;0;0;0;0;0;837371.0;2250282.0;0;0;0;0;0;0;0;0;0;0;0;0;0;0;18569943.0;0;0;0;0;0;0;0;0;0;0;0;0;0;0.0
1994M12;197043842.0;0;0;0;0;0;0;0;0;0;0;0;0;0;265799.0;0;0;0;0;0;0;768847.0;47218.0;0;0;0;0;0;0;0;0;43617308.0;0;0;0;0;0;0;0;0;0;0;0;69074862.0;0;0;792.0;0;0;0;0;0;0;0;0;0;0;0;0;0;0;1106300.0;0;27367356.0;0;0;0;0;0;0;0;0;0;825808.0;120837.0;0;0;0;0;0;0;0;0;0;0;0;0;0;0;0;0;9712643.0;0;978034.0;0;0;3313770.0;0;0;0;0;0;0;0;0;23900.0;0;0;0;0;0;0;0;0;0;0;0;0;0;0;0;0;0;0;0;0;0;0;0;0;0;0;0;0;0;0;0;0;0;377848.0;0;0;0;0;0;0;0;0;0;0;0;0;0;0;0;0;0;0;0;0;0;0;0;0;3671717.0;0;0;0;0;0;0;0;1885520.0;0;0;0;0;0;0;0;0;0;0;0;0;0;0;0;0;0;0;0;231279.0;4790557.0;0;0;0;0;0;0;0;0;0;0;0;0;0;0;0;0;0;0;0;0;5745725.0;0;0;0;0;0;0;0;0;0;0;0;0;0;0;2806062.0;2169754.0;0;0;0;0;0;0;0;0;0;0;0;0;0;0;18141906.0;0;0;0;0;0;0;0;0;0;0;0;0;0;0.0
1995M01;157686412.0;0;0;0;0;0;0;0;0;0;0;0;0;0;696236.0;0;0;0;0;0;0;277414.0;388246.0;0;0;0;0;0;0;0;0;48218429.0;0;0;0;0;0;0;0;0;0;0;0;36431601.0;0;0;0;0;0;0;0;0;0;0;0;0;0;0;0;0;0;415140.0;0;13747124.0;0;0;0;0;0;0;0;0;0;1261764.0;125517.0;0;0;0;0;0;0;0;0;0;0;0;0;0;0;0;0;6451170.0;0;78836.0;0;0;8624433.0;0;0;0;0;0;0;0;0;0;0;0;0;0;0;0;0;0;0;0;0;0;0;0;0;0;0;0;0;0;0;0;0;0;0;0;0;0;0;0;0;0;0;146509.0;0;0;0;0;0;0;0;0;0;0;0;0;0;0;0;0;0;0;0;0;0;0;0;0;1931647.0;0;0;0;0;0;0;0;14422279.0;0;0;0;0;0;0;0;0;0;0;0;0;0;0;532957.0;0;0;0;0;769701.0;754433.0;0;0;0;0;0;0;0;0;0;0;0;0;0;0;0;0;0;0;0;0;7885856.0;0;0;0;0;0;0;0;0;0;0;0;0;0;1411700.0;0;5570829.0;0;0;0;0;0;0;0;0;0;0;0;0;0;0;7544591.0;0;0;0;0;0;0;0;0;0;0;0;0;0;0.0
1995M02;153126919.0;0;0;0;0;0;0;0;0;0;0;0;0;0;267555.0;0;0;0;0;0;0;426133.0;130701.0;0;0;0;0;0;0;0;0;14730932.0;0;0;0;0;0;0;0;0;0;0;0;38149094.0;0;0;0;0;0;0;0;0;0;0;0;0;0;0;0;0;0;1168104.0;0;12579033.0;0;0;0;0;0;0;0;0;0;1952956.0;19915.0;0;0;0;0;0;0;0;0;0;0;0;0;0;0;0;0;6983343.0;0;61621.0;0;0;6850683.0;0;0;0;0;0;0;0;0;2113820.0;0;0;0;0;0;0;0;0;0;0;0;0;0;0;0;0;0;0;0;0;0;0;0;0;0;0;0;0;0;0;0;0;0;0;0;0;0;0;0;0;0;0;0;0;0;0;0;0;0;0;0;0;0;0;0;0;0;0;722142.0;0;0;0;0;0;0;0;27327092.0;0;0;0;0;0;0;0;0;0;0;0;0;0;0;1108349.0;0;0;0;0;7368.0;987988.0;0;0;0;0;0;0;0;0;0;0;0;0;0;0;0;0;0;0;0;0;3457841.0;0;0;0;0;0;0;0;0;0;0;0;0;0;640198.0;0;6937574.0;0;0;0;0;0;0;0;0;0;0;0;0;0;0;26504477.0;0;0;0;0;0;0;0;0;0;0;0;0;0;0.0
1995M03;268072347.0;0;0;0;0;0;0;0;0;0;0;0;0;0;435782.0;0;0;0;0;0;0;766577.0;300.0;0;0;0;0;0;0;0;0;65910092.0;0;0;0;0;0;0;0;0;0;0;0;47185244.0;0;0;0;0;0;0;0;0;0;0;0;0;0;0;0;0;0;1580320.0;0;27468980.0;0;0;0;0;0;0;0;0;0;358146.0;464022.0;0;0;0;0;0;0;0;0;0;0;0;0;0;0;0;0;6814519.0;0;9441331.0;0;0;22903278.0;0;0;0;0;0;0;0;0;4074618.0;0;0;0;238582.0;0;0;0;0;0;0;0;0;0;0;0;0;0;0;0;0;0;0;0;0;0;0;0;0;0;0;0;0;0;500473.0;0;0;0;0;0;0;0;0;0;0;0;0;0;0;0;0;0;0;0;0;0;0;0;0;7457885.0;0;0;0;0;0;0;0;15370349.0;0;0;0;0;0;0;0;0;0;0;0;0;0;0;1805915.0;0;0;0;0;271912.0;5003549.0;0;0;0;0;0;14225.0;0;0;0;0;0;0;0;0;0;0;0;0;0;0;15774828.0;0;0;0;0;0;0;0;0;0;0;0;0;0;2113068.0;0;5089282.0;0;0;0;0;0;0;0;0;0;0;0;0;0;0;27029070.0;0;0;0;0;0;0;0;0;0;0;0;0;0;0.0
1995M04;139667017.0;0;0;0;0;0;0;0;0;0;0;0;0;0;217693.0;0;0;0;0;0;0;369211.0;26900.0;0;0;0;0;0;0;0;0;38920622.0;0;0;0;0;0;0;0;0;0;0;0;31369826.0;0;0;0;0;0;0;0;0;0;0;0;0;0;0;0;0;0;1650538.0;0;15238896.0;0;0;0;0;0;0;0;0;0;758417.0;491307.0;0;0;0;0;0;0;0;0;0;0;0;0;0;0;0;0;4073961.0;0;5084440.0;0;0;5522988.0;0;0;0;0;0;0;0;0;832137.0;0;0;0;0;0;0;0;0;0;0;0;0;0;0;0;0;0;0;0;0;0;0;0;0;0;0;0;0;0;0;0;0;0;216402.0;0;0;0;0;0;0;0;0;0;0;0;0;0;0;0;0;0;0;0;0;0;0;0;0;2054925.0;0;0;0;0;0;0;0;1308316.0;0;0;0;0;0;0;0;0;0;0;0;0;0;0;1323195.0;0;0;0;0;363014.0;2707273.0;0;0;0;0;0;0;0;0;0;0;0;0;0;0;0;0;0;0;0;0;7760564.0;0;0;0;0;0;0;0;0;0;0;0;0;0;655500.0;0;4924130.0;0;0;0;0;0;0;0;0;0;0;0;0;0;0;13796762.0;0;0;0;0;0;0;0;0;0;0;0;0;0;0.0
1995M05;169722281.0;0;0;0;0;0;0;0;0;0;0;0;0;0;0;0;0;0;0;0;0;512652.0;0;0;0;0;0;0;0;0;0;57137036.0;0;0;0;0;0;0;0;0;0;0;0;33203834.0;0;0;0;0;0;0;0;0;0;0;0;0;0;0;0;0;0;1260166.0;0;15505658.0;0;0;0;0;0;0;0;0;0;397129.0;25990.0;0;0;0;0;0;0;0;0;0;184354.0;0;0;0;0;0;0;5852492.0;0;7528662.0;0;0;3451572.0;0;0;0;0;0;0;0;0;1129020.0;0;0;0;0;0;0;0;0;0;0;0;0;0;0;0;0;0;0;0;0;0;0;0;0;0;0;0;0;0;0;0;0;0;311853.0;0;0;0;0;0;0;0;0;0;0;0;0;0;0;0;0;0;0;0;0;0;0;0;0;3145521.0;0;0;0;0;0;0;0;10353941.0;0;0;0;0;0;0;0;0;0;0;0;0;0;0;1824966.0;0;0;0;0;202708.0;1619736.0;0;0;0;0;0;0;0;0;0;0;0;0;0;0;0;0;0;0;0;0;10568219.0;0;0;0;0;0;0;0;0;0;0;163214.0;0;0;1798338.0;0;5196982.0;0;0;0;600223.0;0;0;0;0;0;0;0;0;0;0;7748015.0;0;0;0;0;0;0;0;0;0;0;0;0;0;0.0
1995M06;175755886.0;0;0;0;0;0;0;0;0;0;0;0;0;0;0;0;0;0;0;0;0;0;0;0;0;0;0;0;0;0;0;30547184.0;0;0;0;0;0;0;0;0;0;0;0;45151057.0;0;0;0;0;0;0;0;0;0;0;0;0;0;0;0;0;0;820606.0;0;10667387.0;0;0;0;0;0;0;0;0;0;0;506601.0;0;0;0;0;0;0;0;0;0;0;0;0;0;0;0;0;5940910.0;2025630.0;9578459.0;0;0;16285443.0;0;0;0;0;0;0;0;0;652990.0;0;0;0;0;0;0;0;0;0;0;0;0;0;0;0;0;0;0;0;0;0;0;0;0;0;0;0;0;0;0;0;0;0;228014.0;0;0;0;0;0;0;0;0;0;0;0;0;0;0;0;0;0;0;0;0;0;0;0;0;4070638.0;0;0;0;0;0;0;0;7156205.0;0;0;0;0;0;0;0;0;0;0;0;0;0;0;1488314.0;0;0;0;0;423741.0;4772620.0;0;0;0;0;0;0;0;0;0;0;0;0;0;0;0;0;0;0;0;0;9440307.0;0;0;0;0;0;0;0;0;0;0;0;0;0;1116122.0;0;3416309.0;0;0;59593.0;0;0;0;0;0;0;0;0;0;0;0;21407756.0;0;0;0;0;0;0;0;0;0;0;0;0;0;0.0
1995M07;165360921.0;0;0;0;0;0;0;0;0;0;0;0;0;0;207903.0;0;0;0;0;0;0;398472.0;0;0;0;0;0;0;0;0;0;72218563.0;0;0;0;0;0;0;0;0;0;0;0;28258352.0;0;0;0;0;0;0;0;0;0;0;0;0;0;0;0;0;0;1252840.0;0;8114704.0;0;0;0;0;0;0;0;0;0;0;210989.0;0;0;0;0;0;0;0;0;0;0;0;0;0;0;0;0;9177835.0;0;7488584.0;0;0;3976004.0;0;0;0;0;0;0;0;0;1893364.0;0;0;0;0;0;0;0;0;0;0;0;0;0;0;0;0;0;0;0;0;0;0;0;0;0;0;0;0;0;0;0;0;0;456510.0;0;0;0;0;0;0;0;0;0;0;0;0;0;0;0;0;0;0;0;0;0;0;0;0;1449708.0;0;0;0;0;0;0;0;2213621.0;0;0;0;0;0;0;0;0;0;0;0;0;0;0;3138098.0;0;0;0;0;0;5337774.0;0;0;0;0;0;0;0;0;0;0;0;0;0;0;0;0;0;0;0;0;2211137.0;0;0;0;0;0;0;0;0;0;0;0;0;0;399164.0;0;5076819.0;0;0;0;1054308.0;0;0;0;0;0;0;0;0;0;0;10826172.0;0;0;0;0;0;0;0;0;0;0;0;0;0;0.0
1995M08;117046642.0;0;0;0;0;0;0;0;0;0;0;0;0;0;87270.0;0;0;0;0;0;0;726484.0;0;0;0;0;0;0;0;0;0;20322917.0;0;0;0;0;0;0;0;0;0;0;0;30659106.0;0;0;0;0;0;0;0;0;0;0;0;0;0;0;0;0;0;402930.0;0;4095108.0;0;0;0;0;0;0;0;0;0;0;54387.0;0;0;0;0;0;0;0;0;0;0;0;0;0;0;0;0;9571769.0;0;5550086.0;0;0;1223306.0;0;0;0;0;0;0;0;0;3032353.0;0;0;0;0;0;0;0;0;0;0;0;0;0;0;0;0;0;0;0;0;0;0;0;0;0;0;0;0;0;0;0;0;0;154834.0;0;0;0;0;0;0;0;0;0;0;0;0;0;0;0;0;0;0;0;0;0;0;0;0;4299638.0;0;0;0;0;0;0;0;10526451.0;0;0;0;0;0;0;0;0;0;0;0;0;0;0;1169290.0;0;0;0;0;210416.0;2344254.0;0;0;0;0;0;0;0;0;0;0;0;0;0;0;0;0;0;0;0;0;7387155.0;0;0;0;0;0;0;0;0;0;0;0;0;0;51943.0;0;5210405.0;0;0;0;0;0;0;0;0;0;0;0;0;0;0;9966540.0;0;0;0;0;0;0;0;0;0;0;0;0;0;0.0
1995M09;196793264.0;0;0;0;0;0;0;0;0;0;0;0;0;0;1293342.0;0;0;0;0;0;0;679187.0;0;0;0;0;0;0;0;0;0;61044541.0;0;0;0;0;0;0;0;0;0;0;0;36446676.0;0;0;0;0;0;0;0;0;0;0;0;0;0;0;0;0;0;2587570.0;0;16083030.0;0;0;0;0;0;0;0;0;0;1042347.0;448229.0;0;0;0;0;0;0;0;0;0;0;0;0;0;0;0;0;16480862.0;0;1935068.0;0;0;369641.0;0;0;0;0;0;0;0;0;2704240.0;0;0;0;0;0;0;0;0;0;0;0;0;0;0;0;0;0;0;0;0;0;0;0;0;0;0;0;0;0;0;0;0;0;83412.0;0;0;0;0;0;0;0;0;0;0;0;0;0;0;0;0;0;0;0;0;0;0;0;0;683462.0;0;0;0;0;0;0;0;13348086.0;0;0;0;0;0;0;0;0;0;0;0;0;0;0;2334139.0;0;0;0;0;517203.0;5540355.0;0;0;0;0;0;0;0;0;0;0;0;0;0;0;0;0;0;0;0;0;10063434.0;0;0;0;0;0;0;0;0;3061538.0;0;0;0;0;2216569.0;0;6212582.0;0;0;0;0;0;0;0;0;0;0;0;0;0;0;11617751.0;0;0;0;0;0;0;0;0;0;0;0;0;0;0.0
1995M10;193705139.0;0;0;0;0;0;0;0;0;0;0;0;0;0;168170.0;0;0;0;0;0;0;754721.0;0;0;0;0;0;0;0;0;0;50915570.0;0;0;0;0;0;0;0;0;0;0;0;51742619.0;0;0;0;2085500.0;0;0;0;0;0;0;0;0;0;0;0;0;0;1113354.0;0;18472249.0;0;0;0;0;0;0;0;0;0;0;1090861.0;0;0;0;0;0;0;0;0;0;0;0;0;0;0;0;0;12469699.0;0;1413664.0;0;0;946650.0;0;0;0;0;0;0;0;0;2033459.0;0;0;0;0;0;0;0;0;0;0;0;0;0;0;0;0;0;0;0;0;0;0;0;0;0;0;0;0;0;0;0;0;0;0;0;0;0;0;0;0;0;0;0;0;0;0;0;0;0;0;0;0;0;0;0;0;0;0;2290873.0;0;0;0;0;0;0;0;16009168.0;0;0;0;0;0;0;0;0;0;0;0;0;0;0;915444.0;0;0;0;0;0;4791503.0;0;0;0;0;0;0;0;0;0;0;0;0;0;0;0;0;0;0;0;0;6372413.0;0;0;0;0;0;0;0;0;0;0;0;0;0;1106123.0;0;2722021.0;0;0;0;0;0;0;0;0;0;0;0;0;0;0;16291078.0;0;0;0;0;0;0;0;0;0;0;0;0;0;0.0
1995M11;143738988.0;0;0;0;0;0;0;0;0;0;0;0;0;0;180111.0;0;0;0;0;0;0;962270.0;0;0;0;0;0;0;0;0;0;25169805.0;0;0;0;0;0;0;0;0;0;0;0;36849126.0;0;0;0;0;0;0;0;0;0;0;0;0;0;0;0;0;0;1296702.0;0;13364397.0;0;0;0;0;0;0;0;0;0;0;630945.0;0;0;0;0;0;0;0;0;0;0;0;0;0;0;0;0;10216636.0;0;1877404.0;0;0;5078667.0;0;0;0;0;0;0;0;0;1393281.0;0;0;0;0;0;0;0;0;0;0;0;0;0;0;0;0;0;0;0;0;0;0;0;0;0;0;0;0;0;0;0;0;0;0;0;0;0;0;0;0;0;0;0;0;0;0;0;0;0;0;0;0;0;0;0;0;0;0;2367566.0;0;0;0;0;0;0;0;5759164.0;0;0;0;0;0;0;0;0;0;0;0;0;0;0;2662673.0;0;0;0;0;0;2896372.0;0;0;0;0;0;0;0;0;0;0;0;0;0;0;0;0;0;0;0;0;9595907.0;0;0;0;0;0;0;0;0;0;0;0;0;0;1003110.0;0;1518465.0;0;0;0;0;0;0;0;0;0;0;0;0;0;0;20916387.0;0;0;0;0;0;0;0;0;0;0;0;0;0;0.0
1995M12;145593598.0;0;0;0;0;0;0;0;0;0;0;0;0;0;881337.0;0;0;0;0;0;0;846947.0;0;0;0;0;0;0;0;0;0;37829754.0;0;0;0;0;0;0;0;0;0;0;0;33461936.0;0;0;0;0;0;0;0;0;187022.0;0;0;0;0;0;0;0;0;1208790.0;0;12564150.0;0;0;0;0;0;0;0;0;0;0;639522.0;0;0;0;0;0;0;0;0;0;0;0;0;0;0;0;0;7720217.0;0;4226333.0;0;0;1360841.0;0;0;0;0;0;0;0;0;1866875.0;0;0;0;0;0;0;0;0;0;0;0;0;0;0;0;0;0;0;0;0;0;0;0;0;0;0;0;0;0;0;0;0;0;599290.0;0;0;0;0;0;0;0;0;0;0;0;0;0;0;0;0;0;0;0;0;0;0;0;0;3583892.0;0;0;0;0;0;0;0;2704794.0;0;0;0;0;0;0;0;0;0;0;0;0;0;0;164531.0;0;0;0;0;984088.0;3842659.0;0;0;0;0;0;0;0;0;0;0;0;0;0;0;0;0;0;0;0;0;7233921.0;0;0;0;0;0;0;0;0;0;0;0;0;0;105060.0;0;936058.0;0;0;0;0;0;0;0;0;0;0;0;0;0;0;22645581.0;0;0;0;0;0;0;0;0;0;0;0;0;0;0.0
1996M01;136056210.2;0;0;0;0;0;0;0;0;0;0;0;0;0;0;0;0;0;0;0;0;635803.2;0;0;0;0;0;0;0;0;576433.4;31045869.4;0;0;0;0;0;0;0;0;0;0;0;31713139.9;0;0;0;699203.9;0;0;0;0;0;0;0;0;0;0;0;0;0;1526421.2;0;15975803.8;0;0;0;0;0;0;0;0;0;0;0;0;0;0;0;0;0;0;0;0;0;0;0;0;0;0;0;4359947.0;0;3778391.8;0;0;3811485.8;0;0;0;0;0;0;0;0;308090.1;0;0;0;0;0;0;0;2753249.0;0;0;0;0;0;0;0;0;0;0;0;0;0;0;0;0;916387.8;0;0;0;0;0;0;0;0;482074.7;0;0;0;0;0;0;0;0;0;0;0;0;0;0;0;0;0;0;0;0;0;0;0;0;381703.2;0;0;0;0;0;0;0;7986811.8;0;0;0;0;0;0;0;0;0;0;0;0;0;0;139104.8;0;0;0;0;0;3255264.0;0;0;0;0;0;0;0;0;0;0;0;0;0;0;0;0;0;0;0;0;12825415.6;0;0;0;0;0;0;0;0;0;0;0;0;0;1292949.6;0;450673.0;0;0;0;0;0;0;0;0;0;0;0;0;0;0;11141987.3;0;0;0;0;0;0;0;0;0;0;0;0;0;0.0
1996M02;198456680.8;0;0;0;0;0;0;0;0;0;0;0;0;0;0;0;0;0;0;0;0;962986.6;0;0;0;0;0;0;0;0;566352.3;29161548.4;0;0;0;0;0;0;0;0;0;0;0;54137230.2;0;0;0;0;0;0;0;0;0;0;0;0;0;0;0;0;0;706117.6;0;20513125.3;0;0;0;0;0;0;0;0;0;0;352614.0;0;0;0;0;0;0;0;0;0;0;0;0;0;0;0;0;5527029.0;0;1534232.6;0;0;9818933.9;0;0;0;0;0;0;0;0;1293598.9;0;0;0;0;0;0;0;0;0;0;0;0;0;0;0;0;0;0;0;0;0;0;0;0;0;0;0;0;0;0;0;0;0;382854.5;0;0;0;0;0;0;0;0;0;0;0;0;0;0;0;0;0;0;0;0;0;0;0;0;1909158.3;0;0;0;0;0;0;0;13867229.8;0;0;0;0;0;0;0;0;0;0;0;0;0;0;1235876.7;0;0;0;0;3538765.1;7313676.4;0;0;0;0;0;0;0;0;0;0;0;0;0;0;0;0;0;0;0;0;19177109.2;0;0;0;0;0;0;0;0;0;0;0;0;0;1343257.8;0;1354971.0;0;0;0;0;0;0;0;0;0;0;0;0;0;0;23760013.3;0;0;0;0;0;0;0;0;0;0;0;0;0;0.0
1996M03;251905780.4;0;0;0;0;0;0;0;0;0;0;0;0;0;1190353.0;0;0;0;0;0;0;2823934.5;0;0;0;0;0;0;0;0;0;81197662.8;0;0;0;0;0;0;0;0;0;0;0;53952589.7;0;0;0;0;0;0;0;0;0;0;0;0;0;0;0;0;0;1754559.5;0;23348762.8;0;0;0;0;0;0;0;0;0;35482.2;1304957.0;0;0;0;0;0;0;0;0;0;0;0;0;0;0;0;0;6771250.7;96801.6;2164535.3;0;0;2254109.9;0;0;0;0;0;0;0;0;298520.0;0;0;0;0;0;0;0;821858.2;0;0;0;0;0;0;0;0;0;0;0;0;0;0;0;0;570294.4;0;0;0;0;1677017.1;0;0;0;1142538.3;0;0;0;0;0;0;0;0;0;0;0;0;0;0;0;0;0;0;0;0;0;0;0;0;3657813.5;0;0;0;0;0;0;0;14574466.9;0;0;0;0;0;0;0;0;0;0;0;0;0;0;3885719.0;0;0;0;0;601357.0;5311265.8;0;0;0;0;0;0;0;0;0;0;0;0;0;0;0;0;0;0;0;0;19261512.9;0;0;0;0;0;0;0;0;0;0;0;0;0;1255872.8;0;1320137.9;0;0;0;0;0;0;0;0;0;0;0;0;0;0;20632407.8;0;0;0;0;0;0;0;0;0;0;0;0;0;0.0
1996M04;168877949.6;0;0;0;0;0;0;0;0;0;0;0;0;0;0;0;0;0;0;0;0;914844.0;0;0;0;0;0;0;0;0;0;46622450.8;0;0;0;0;0;0;0;0;0;0;0;50802018.8;0;0;0;0;0;0;0;0;0;0;0;0;0;0;0;0;0;1052718.0;0;14766472.5;0;0;0;0;0;0;0;0;0;0;80882.0;0;0;0;0;0;0;0;0;0;0;119561.2;0;0;0;0;0;1203296.2;28117.5;1090612.4;0;0;9776204.8;0;0;0;0;0;0;0;0;677179.8;0;0;0;0;0;0;0;0;0;0;0;0;0;0;0;0;0;0;0;0;0;0;0;0;977026.5;0;0;0;0;1300284.8;0;0;0;963738.0;0;0;0;0;0;0;0;0;0;0;0;0;0;0;0;0;0;0;0;0;0;0;0;0;4408527.1;0;0;0;0;0;0;0;2941900.9;0;0;0;0;0;0;0;0;0;0;0;0;0;0;2269657.0;0;0;0;0;330729.0;4140844.8;0;0;0;0;0;0;0;0;0;0;0;0;0;0;0;0;0;0;0;0;12370299.3;0;0;0;0;0;0;0;0;0;0;0;0;0;222016.0;0;832953.5;0;0;0;469135.0;0;0;0;0;0;0;0;0;0;0;10516479.6;0;0;0;0;0;0;0;0;0;0;0;0;0;0.0
1996M05;213631079.2;0;0;0;0;0;0;0;0;0;0;0;0;0;0;0;0;0;0;0;0;1071161.0;0;0;0;0;0;0;0;0;656628.6;52284443.7;0;0;0;0;0;0;0;0;0;0;0;57008394.0;0;0;0;2489554.2;0;0;0;0;0;0;0;0;0;0;0;0;0;1052718.0;0;15383315.0;0;0;0;0;0;0;0;0;0;0;629247.5;0;0;0;0;0;0;0;0;0;0;0;0;0;0;0;0;5378257.4;191981.0;7863568.8;0;0;9079583.9;0;0;0;0;0;0;0;0;246888.3;0;0;0;0;0;0;0;0;0;0;0;0;0;0;0;0;0;0;0;0;0;0;0;0;0;0;0;0;0;2470381.1;0;0;0;733500.0;0;0;0;0;0;0;0;0;0;0;0;0;0;0;0;0;0;0;0;0;0;0;0;0;6159306.3;0;0;0;0;0;0;0;11525354.6;0;0;0;0;0;0;0;0;0;0;0;0;0;0;1823501.9;0;0;0;0;152194.8;2839128.9;0;0;0;0;0;0;0;0;0;0;0;0;0;0;0;0;0;0;0;0;7289592.4;0;0;0;0;0;0;0;0;0;0;0;0;0;1074348.0;0;1270794.6;0;0;0;2261203.4;0;0;0;0;0;0;0;0;0;0;22696032.1;0;0;0;0;0;0;0;0;0;0;0;0;0;0.0
1996M06;211843837.3;0;0;0;0;0;0;0;0;0;0;0;0;0;0;0;0;0;0;0;0;766603.8;0;0;0;0;0;0;0;0;0;41152563.5;0;0;0;0;0;0;0;0;0;0;0;52507594.4;0;0;0;0;0;0;0;0;0;0;0;0;0;0;0;0;0;1052718.0;0;8797758.2;0;0;0;0;0;0;0;0;0;0;829431.5;0;0;0;0;0;0;0;0;0;11539.0;0;0;0;0;0;0;3303612.7;2302669.3;12725465.7;0;0;14127212.8;0;0;0;0;0;0;0;0;281803.2;0;0;0;0;0;0;0;1307425.0;0;0;0;0;0;0;0;0;0;0;0;0;0;0;0;0;0;0;0;0;0;1633478.2;0;0;0;359871.8;0;0;0;0;0;0;0;0;0;0;0;0;0;0;0;0;0;0;0;0;0;0;0;0;13758098.5;0;0;0;0;0;0;0;13090031.8;0;0;0;0;0;0;0;0;0;0;0;0;0;0;5253215.2;0;0;0;0;91476.0;4019574.7;0;0;0;0;0;0;0;0;0;0;0;0;0;0;0;0;0;0;0;0;5241295.6;0;0;0;0;0;0;0;0;0;0;0;0;0;186326.0;0;1011069.2;0;0;0;6039525.2;0;0;0;0;0;0;688320.0;0;0;0;21305158.0;0;0;0;0;0;0;0;0;0;0;0;0;0;0.0
1996M07;195105735.0;0;0;0;0;0;0;0;0;0;0;0;0;0;0;0;0;0;0;0;0;493819.9;0;0;0;0;0;0;0;0;0;63230643.1;0;0;0;0;0;0;0;0;0;0;0;38828043.4;0;0;0;0;0;0;0;0;0;0;0;0;0;0;0;0;0;1052718.0;0;8045897.8;0;0;0;0;0;0;0;0;0;346933.8;350221.0;0;0;0;0;0;0;0;0;0;0;24102.6;0;0;0;0;0;5292863.2;153400.0;3703206.7;0;0;10105587.8;0;0;0;0;0;0;0;0;2352919.2;0;0;0;0;0;0;0;0;0;0;0;0;0;0;0;0;0;0;0;0;0;0;0;0;0;0;0;0;0;0;0;0;0;0;0;0;0;0;0;0;0;0;0;0;0;0;0;0;0;0;0;0;0;0;0;0;0;0;3972837.4;0;0;0;0;0;0;0;2012762.9;0;0;0;0;0;0;0;0;0;0;0;0;0;0;3000972.3;10260.0;0;0;0;576335.7;3297191.8;0;0;0;0;0;0;0;0;0;0;0;0;0;0;0;0;0;0;0;0;8338556.3;0;0;0;0;0;0;0;0;0;0;0;0;0;159318.5;0;1231784.5;0;0;0;5280052.5;0;0;0;0;0;0;0;0;0;0;16784573.5;0;0;0;0;0;15500000.0;960733.2;0;0;0;0;0;0;0.0
1996M08;259669792.6;0;0;0;0;0;0;0;0;0;0;0;0;0;0;0;0;0;0;0;0;1194495.9;0;0;0;0;0;0;0;0;0;56817864.4;0;0;0;0;0;0;0;0;0;0;0;49179403.1;0;0;0;5290012.5;0;0;0;0;0;0;0;0;0;0;0;0;0;1990778.7;0;10318020.9;0;0;0;0;0;0;0;0;0;0;4200000.0;0;0;0;0;0;0;0;0;0;0;0;0;0;0;0;0;3181569.0;166237.0;2112540.4;0;0;12709778.7;0;0;0;0;0;0;0;0;578354.3;0;0;0;0;0;0;0;0;0;0;0;0;0;0;0;0;0;0;0;0;0;0;0;0;0;0;0;0;0;0;0;0;0;0;0;0;0;0;0;0;0;0;0;0;0;0;0;0;0;0;0;0;0;0;0;0;0;0;2375052.2;0;0;0;0;0;0;0;48204135.4;0;0;0;0;0;0;0;0;0;0;0;0;0;0;3733785.1;0;0;0;0;1019338.5;1257299.1;0;0;0;0;0;0;0;0;0;0;0;0;0;0;0;0;0;0;0;0;11992362.3;0;0;0;0;0;0;0;0;0;0;0;0;0;297658.5;0;811603.5;0;0;16325500.0;5306301.4;0;0;0;0;0;0;0;0;0;0;20607701.5;0;0;0;0;0;0;0;0;0;0;0;0;0;0.0
1996M09;206621367.3;0;0;0;0;0;0;0;0;0;0;0;0;0;0;0;0;0;0;0;0;483210.9;0;0;0;0;0;0;0;0;0;62430479.3;0;0;0;0;0;0;0;0;0;0;0;45878041.5;0;0;0;0;0;0;0;0;0;0;0;0;0;0;0;0;0;715804.0;0;21249765.5;0;0;0;0;0;0;0;0;0;0;0;0;0;0;0;0;0;0;0;0;500354.6;0;0;0;0;0;0;9241580.8;191812.0;2286894.3;0;0;2797652.6;0;0;0;0;0;0;0;0;920980.8;0;0;0;0;0;0;0;0;0;0;0;0;0;0;0;0;0;0;0;0;0;0;0;0;0;0;0;0;0;0;0;0;0;0;0;0;0;0;0;0;0;0;0;0;0;0;0;0;0;0;0;0;0;0;0;0;0;0;6025917.3;0;0;0;0;0;0;0;22587194.0;0;0;0;0;0;0;0;0;0;0;0;0;0;0;3560463.9;0;0;0;0;1868749.2;2524758.8;0;0;0;0;0;0;0;0;0;0;0;0;0;0;0;0;0;0;0;0;10224992.2;0;0;0;0;0;0;0;0;0;0;0;0;0;255523.0;0;1947011.6;0;0;206268.9;195212.5;0;0;0;0;0;0;0;0;0;0;10528699.8;0;0;0;0;0;0;0;0;0;0;0;0;0;0.0
1996M10;161743767.0;0;0;0;0;0;0;0;0;0;0;0;0;0;0;0;0;0;0;0;0;97751.2;0;0;0;0;0;0;0;0;0;33774041.6;0;0;0;0;0;0;0;0;0;0;0;49192472.7;0;0;0;0;0;0;0;0;0;0;0;122.0;0;0;0;0;0;1071028.0;0;18237001.3;0;0;0;0;0;0;0;0;0;130753.1;909085.0;0;0;0;0;0;0;0;0;0;0;0;0;0;0;0;0;7004089.2;0;1976874.0;0;0;6776406.3;0;0;0;0;0;0;0;0;301480.7;0;0;0;0;0;0;0;0;0;0;0;0;0;0;0;0;0;0;0;0;0;0;0;0;0;0;0;0;0;0;0;0;0;0;0;0;0;0;0;0;0;0;0;0;0;0;0;0;0;0;0;0;0;0;0;0;0;0;1725097.1;0;0;0;0;0;0;0;10409819.7;0;0;0;0;0;0;0;0;0;0;0;0;0;0;676663.7;0;0;0;0;909212.8;4941635.0;0;0;0;0;0;0;0;0;0;0;0;0;0;0;0;0;0;0;0;0;9779588.9;0;0;0;0;0;0;0;0;0;0;0;0;0;198554.5;0;774697.2;0;0;1748318.7;0;0;0;0;0;0;0;608873.6;0;0;0;9900200.6;0;0;0;0;0;600000.0;0;0;0;0;0;0;0;0.0
1996M11;259446249.9;0;0;0;0;0;0;0;0;0;0;0;0;0;0;0;0;0;0;0;0;725516.3;0;0;0;0;0;0;0;0;510044.2;53718184.5;0;0;0;0;0;0;0;0;0;0;0;65193527.9;0;0;0;5319493.5;0;0;0;0;0;0;0;77139.9;0;0;0;0;0;1548875.2;0;19957569.3;0;0;0;0;0;0;0;0;0;35989.0;633275.0;0;0;0;0;0;0;0;0;0;0;0;0;0;0;0;0;20305101.8;34425.0;847811.2;220563.1;0;4544734.8;0;0;0;0;0;0;0;0;0;0;0;0;0;0;0;0;0;0;0;0;0;0;0;0;0;0;0;0;0;0;0;0;0;0;0;0;0;0;1220569.3;0;0;0;0;0;0;0;0;0;0;0;0;0;0;0;0;0;0;0;0;0;0;0;0;0;0;0;0;3378705.5;0;0;0;0;0;0;0;27014584.1;0;0;0;0;0;0;0;0;0;0;0;0;0;0;381296.2;0;0;0;0;3469314.5;2915427.0;0;0;0;0;0;0;0;0;0;0;0;0;0;0;0;0;0;0;0;0;12652980.1;0;0;0;0;0;0;0;0;0;0;0;0;0;286735.2;0;802072.3;0;0;3337845.2;0;0;0;0;0;0;0;0;0;0;0;25814469.5;0;0;0;0;0;4500000.0;0;0;0;0;0;0;0;0.0
1996M12;160574005.9;0;0;0;0;0;0;0;0;0;0;0;0;0;0;0;0;0;0;0;0;1406257.8;0;0;0;0;0;0;0;0;0;32637907.1;0;0;0;0;0;0;0;0;0;0;0;43608884.4;0;0;0;0;0;0;0;0;0;0;0;0;0;0;0;0;0;794052.0;0;20173582.7;0;0;0;0;0;0;0;0;0;53100.0;64322.0;0;0;0;0;0;0;0;0;0;0;0;0;0;0;0;0;4463550.0;127875.0;2685501.5;0;0;5533787.1;0;0;0;0;0;0;0;0;364353.5;0;0;0;0;0;0;0;0;0;0;0;0;0;0;0;0;0;0;0;0;0;0;0;0;0;0;0;0;0;626672.2;0;0;0;0;0;0;0;0;0;0;0;0;0;0;0;0;0;0;0;0;0;0;0;0;0;0;0;0;2501266.7;0;0;0;0;0;0;0;2594011.3;0;0;0;0;0;0;0;0;0;0;0;0;0;0;1529291.6;0;0;0;0;175167.5;9225222.3;0;0;0;0;0;0;0;0;0;0;0;0;0;0;0;0;0;0;0;0;10671723.5;0;0;0;0;0;0;0;0;0;0;0;0;0;210341.5;0;482722.3;0;0;2432350.2;0;0;0;0;0;0;0;0;0;0;0;18212063.9;0;0;0;0;0;0;0;0;0;0;0;0;0;0.0
1997M01;225128431.8;0;0;0;0;0;0;0;0;0;0;0;0;0;0;0;0;0;0;0;0;651885.5;0;0;0;0;0;0;0;0;0;48723994.9;0;0;0;0;0;0;0;0;0;0;0;65480796.5;0;0;0;0;0;0;0;0;0;0;0;0;0;0;0;0;0;1553328.0;0;23383430.8;0;0;0;0;0;0;0;0;0;0;79985.0;0;0;0;0;0;0;0;0;0;0;0;0;0;0;0;0;7204942.1;0;19512217.4;0;0;3365359.4;0;0;0;0;0;0;0;0;595521.4;0;0;0;0;0;0;0;0;0;0;0;0;0;0;0;0;0;0;0;0;0;0;0;0;0;0;0;0;0;1459663.7;0;0;0;0;0;0;0;0;0;0;0;0;0;0;0;0;0;0;0;0;0;0;0;0;0;0;0;0;2545962.6;0;0;0;0;0;0;0;4629496.3;0;0;0;0;0;0;0;0;0;0;0;0;0;0;1974726.6;0;0;0;0;695049.1;4063164.1;0;0;0;0;0;0;0;0;0;0;0;0;0;0;0;0;0;0;0;0;13338284.1;0;0;0;0;0;0;0;0;0;0;0;0;0;281835.0;0;2806857.8;0;0;2592134.1;636493.0;0;0;0;0;0;0;0;0;0;0;19553304.3;0;0;0;0;0;0;0;0;0;0;0;0;0;0.0
1997M02;207548553.0;0;0;0;0;0;0;0;0;0;0;0;0;0;364557.0;0;0;0;0;0;0;1024393.8;0;0;0;0;0;0;0;0;0;54264411.8;0;0;0;0;0;0;0;0;0;0;0;57785883.4;0;0;0;0;0;0;0;0;0;0;0;0;0;0;0;0;0;1154563.0;0;18988755.3;0;0;0;0;0;0;0;0;0;241920.9;9000.0;0;0;0;0;0;0;0;0;0;357602.3;0;0;0;0;0;0;5486412.9;287950.0;1061726.7;0;0;8940377.4;0;0;0;0;0;0;0;0;1715522.1;0;0;0;0;0;0;0;505597.6;0;0;0;0;0;0;0;0;0;0;0;0;0;0;0;0;5141091.9;0;0;0;0;0;0;0;0;0;0;0;0;0;0;0;0;0;0;0;0;0;0;0;0;0;0;0;0;0;0;0;0;0;2136983.5;0;0;0;0;0;0;0;11120983.2;0;0;0;0;0;0;0;0;0;0;0;0;0;0;1960545.8;1497875.3;0;0;0;987489.1;3151922.5;0;0;0;0;0;0;0;0;0;0;0;0;0;0;0;0;0;0;0;0;12987620.3;0;0;0;0;0;0;0;0;259500.0;0;0;0;0;223492.0;0;578459.6;0;0;897282.6;1916273.2;0;0;0;0;0;0;0;0;0;0;12500359.7;0;0;0;0;0;0;0;0;0;0;0;0;0;0.0
1997M03;157684189.9;0;0;0;0;0;0;0;0;0;0;0;0;0;239400.0;0;0;0;0;0;0;903052.3;0;0;0;0;0;0;0;0;0;43363814.0;0;0;0;0;0;0;0;0;0;0;0;37678389.1;0;0;0;0;0;0;0;0;0;0;0;0;0;0;0;0;0;1182384.0;0;13117963.5;0;0;0;0;0;0;0;0;0;0;46930.0;0;0;0;0;0;0;0;0;0;0;0;0;0;0;0;0;2437575.9;0;4280468.9;0;0;7827674.7;0;0;0;0;0;0;0;0;1698470.9;0;0;0;0;0;0;0;455677.5;0;0;0;0;0;0;0;0;0;0;0;0;0;0;0;0;0;0;0;0;0;2666719.2;0;0;0;0;0;0;0;0;0;0;0;0;0;0;0;0;0;0;0;0;0;0;0;0;0;0;0;0;4991830.5;0;0;0;0;0;0;0;4179347.9;0;0;0;0;0;0;0;0;0;0;0;0;0;0;263986.8;0;0;0;0;387908.7;4796815.4;0;0;0;0;0;0;0;0;0;0;0;0;0;0;0;0;0;0;0;0;9064872.9;0;0;0;0;0;0;0;0;197291.0;0;0;0;0;315522.6;0;375111.1;0;0;129301.0;406594.1;0;0;0;0;0;0;0;0;0;0;16677088.0;0;0;0;0;0;0;0;0;0;0;0;0;0;0.0
1997M04;232421771.0;0;0;0;0;0;0;0;0;0;0;0;0;0;393625.0;0;0;0;0;0;0;711898.8;0;0;0;0;0;0;0;0;0;86250245.2;0;0;0;0;0;0;0;0;0;0;0;52311537.8;0;0;0;0;0;0;0;0;0;0;0;0;0;0;0;0;0;1622880.0;0;11375728.4;0;0;0;0;0;0;0;0;0;293360.0;217195.0;0;0;0;0;0;0;0;0;0;527614.2;0;0;0;0;0;0;4201424.2;3522297.8;219035.5;0;0;4187516.7;0;0;0;0;0;0;0;0;1510745.9;0;0;0;0;0;0;0;459225.0;0;0;0;0;0;0;0;0;0;0;0;0;0;0;0;0;0;0;0;0;0;682638.4;0;0;0;0;0;0;0;0;0;0;0;0;0;0;0;0;0;0;0;0;0;0;0;0;0;0;0;0;4399614.7;0;0;0;0;0;0;0;4030846.8;0;0;0;0;0;0;0;0;0;0;0;0;0;0;3554705.0;12500000.0;0;0;0;687116.9;8359004.7;0;0;0;0;0;0;0;0;0;0;0;0;0;0;0;0;0;0;0;0;10916141.2;0;0;0;0;0;0;0;0;0;0;0;0;0;222420.0;0;917515.1;0;0;2573878.6;0;0;0;0;0;0;0;0;0;0;0;12773560.0;0;0;0;0;0;3000000.0;0;0;0;0;0;0;0;0.0
1997M05;186929188.1;0;0;0;0;0;0;0;0;0;0;0;0;0;0;0;0;0;0;0;0;974729.4;0;0;0;0;0;0;0;0;0;48105369.9;0;0;0;0;0;0;0;0;0;0;0;45927620.3;0;0;0;0;0;0;0;0;0;0;0;0;0;0;0;0;0;1130220.0;0;11477409.2;0;0;0;0;0;0;0;0;0;484366.3;82700.0;0;0;0;0;0;0;0;0;0;0;0;0;0;0;0;0;4943258.1;0;5949305.6;0;0;5408954.5;0;0;0;0;0;0;0;0;1945838.5;0;0;0;0;0;0;0;1054755.8;0;0;0;0;0;0;0;0;0;0;0;0;0;0;0;0;0;0;0;0;0;2774241.6;0;0;0;0;0;0;0;0;0;0;0;0;0;0;0;0;0;0;0;0;0;0;294632.0;0;0;0;0;0;6341726.5;0;0;0;0;0;0;0;10588067.0;0;0;0;0;0;0;0;0;0;0;0;0;0;0;3585851.0;0;0;0;0;260814.3;5384234.6;0;0;0;0;0;0;0;0;0;0;0;0;0;0;0;0;0;0;0;0;7004175.4;0;0;0;0;0;0;0;0;0;0;0;0;0;281066.0;0;1960233.4;0;0;2516122.7;0;0;0;0;0;0;0;0;0;0;0;18453496.0;0;0;0;0;0;0;0;0;0;0;0;0;0;0.0
1997M06;198482565.4;0;0;0;0;0;0;0;0;0;0;0;0;0;0;0;0;0;0;0;0;1176836.7;0;0;0;0;0;0;0;0;0;46056970.6;0;0;0;0;0;0;0;0;0;0;0;34646837.0;0;0;0;0;0;0;0;0;0;0;0;0;0;0;0;0;0;1130220.0;0;10521196.9;0;0;0;0;0;0;0;0;0;0;3180.0;0;0;0;0;0;0;0;0;0;0;0;0;0;0;0;0;4725254.5;2662715.6;9015508.0;0;0;3355794.1;0;0;0;0;0;0;0;0;4594542.7;0;0;0;0;0;0;0;456154.6;0;0;0;0;0;0;0;0;0;0;0;0;0;0;0;0;0;0;0;0;0;6127507.6;0;0;0;0;0;0;0;0;0;0;0;0;0;0;0;0;0;0;0;0;0;0;477894.0;0;0;0;0;0;4289302.3;0;0;0;0;0;0;0;26973883.0;0;0;0;0;0;0;0;0;0;0;0;0;0;0;1200186.0;1000000.0;0;0;0;316186.7;8471211.7;0;0;0;0;0;0;0;0;0;0;0;0;0;0;0;0;0;0;0;0;6465795.3;0;0;0;0;0;0;0;0;0;0;0;0;0;190985.2;0;2017500.8;0;0;2167354.2;0;0;0;0;0;0;0;0;0;0;0;20322297.8;0;0;0;117250.0;0;0;0;0;0;0;0;0;0;0.0
1997M07;242186642.1;0;0;0;0;0;0;0;0;0;0;0;0;0;0;0;0;0;0;0;0;2929441.7;0;0;0;0;0;0;0;0;0;76316115.8;0;0;0;0;0;0;0;0;0;0;0;65437509.6;0;0;0;0;0;0;0;0;0;0;0;0;0;0;0;0;0;753480.0;0;9254488.1;0;0;0;0;0;0;0;0;0;456179.9;705395.0;0;0;0;0;0;0;0;0;0;0;0;0;0;0;0;0;7218581.8;145800.0;8885487.4;0;0;1740194.0;0;0;0;0;0;0;0;0;2630635.5;0;0;0;0;0;0;0;0;0;0;0;0;0;0;0;0;0;0;0;0;0;0;0;0;1643741.4;0;0;0;0;1975374.9;0;0;0;0;0;0;0;0;0;0;0;0;0;0;0;0;0;0;0;0;0;0;387992.0;0;0;0;0;0;8427149.1;0;0;0;0;0;0;0;7107750.9;0;0;0;0;0;0;0;0;0;0;0;0;0;0;626075.9;0;0;0;0;1584.0;5174535.0;0;0;0;0;0;0;0;0;0;0;0;0;0;0;0;0;0;0;0;0;5867352.5;0;0;0;0;0;0;0;0;0;0;0;0;0;225879.0;0;1678182.7;0;0;2126765.9;6272002.0;0;0;0;0;0;0;0;0;0;0;24198948.0;0;0;0;0;0;0;0;0;0;0;0;0;0;0.0
1997M08;226034268.5;0;0;0;0;0;0;0;0;0;0;0;0;0;0;0;0;0;0;0;0;890568.2;0;0;0;0;0;0;0;0;0;55648290.2;0;0;0;0;0;0;0;0;0;0;0;63562481.7;0;0;0;1225957.5;0;0;0;0;515412.0;0;0;0;0;0;0;0;0;1130220.0;0;14981867.5;0;0;0;0;0;0;0;0;0;0;41676.0;0;0;0;0;0;0;0;0;0;0;0;0;0;0;0;0;6225184.0;0;3072515.3;995490.0;0;7071369.3;0;0;0;0;0;0;0;0;2745692.2;0;0;0;0;0;0;0;470940.0;0;0;0;0;0;0;0;0;0;0;0;0;0;0;0;0;0;0;0;0;0;4396020.8;0;0;0;0;0;0;0;0;0;0;0;0;0;0;0;0;0;0;0;0;0;0;0;0;0;0;0;0;7955201.1;0;0;0;0;0;0;0;7874095.4;0;0;0;0;0;0;0;0;0;0;0;0;0;0;2012775.7;344000.0;0;0;0;3401569.2;10279788.0;0;0;0;0;0;0;0;0;0;0;0;0;0;0;0;0;0;0;0;0;9590160.3;0;0;0;0;0;0;0;0;0;0;1426660.0;0;0;147212.5;0;1590105.6;0;0;1933575.4;0;0;0;0;0;0;0;0;0;0;0;16505440.5;0;0;0;0;0;0;0;0;0;0;0;0;0;0.0
1997M09;253869919.8;0;0;0;0;0;0;0;0;0;0;0;0;0;0;0;0;0;0;0;0;2005407.8;0;0;0;0;0;0;0;0;0;50839948.8;0;0;0;0;0;0;0;0;0;0;0;70467481.1;0;0;0;0;0;0;0;0;0;0;0;0;0;0;0;0;0;776658.1;0;23144562.9;0;0;0;0;0;0;0;0;0;0;126961.0;0;0;0;0;0;0;0;0;0;0;0;0;0;0;0;0;4721125.3;160582.0;438627.0;0;0;3173838.0;0;0;0;0;0;0;0;0;6124341.5;0;0;0;0;0;0;0;0;0;0;0;0;0;0;0;0;0;0;0;0;0;0;0;0;0;0;0;0;0;4483200.9;0;0;0;0;0;0;0;0;0;0;0;0;0;0;0;0;0;0;0;0;0;0;0;0;0;0;0;0;6834321.3;0;0;0;0;0;0;0;30997240.3;0;0;0;0;0;0;0;0;0;0;0;0;0;0;1094459.7;0;0;0;0;2548223.2;10356137.5;0;0;0;0;0;0;0;0;0;0;0;0;0;0;0;0;0;0;0;0;14496827.0;0;0;0;0;0;0;0;0;0;0;0;0;0;183172.0;0;1046486.5;0;0;1873061.7;0;0;0;0;0;0;0;0;0;0;0;17977256.2;0;0;0;0;0;0;0;0;0;0;0;0;0;0.0
1997M10;274562117.7;0;0;0;0;0;0;0;0;0;0;0;0;0;0;0;0;0;0;0;0;854617.6;0;0;0;0;0;0;0;0;0;82500878.3;0;0;0;0;0;0;0;0;0;0;0;61423851.1;0;0;0;0;0;0;0;0;0;0;0;0;0;0;0;0;0;776664.0;0;27106051.6;0;0;0;0;0;0;0;0;0;468470.5;20465.0;0;0;0;0;0;0;0;0;0;0;0;0;0;0;0;0;8040544.7;142222.0;1246815.0;0;0;513690.3;0;0;0;0;0;0;0;0;3272532.7;0;0;0;0;0;0;0;0;0;0;0;0;0;0;0;0;0;0;0;0;0;0;0;0;0;0;0;0;0;506899.3;0;0;0;0;0;0;0;0;0;0;0;0;0;0;0;0;0;0;0;0;0;0;0;0;0;0;0;0;2296930.0;0;0;0;0;0;0;0;23332280.0;0;0;3240.0;0;0;0;0;0;0;0;0;0;0;0;1363896.3;0;0;0;3007695.9;0;7806436.5;0;0;0;0;0;0;0;0;0;0;0;0;0;0;0;0;0;0;0;0;19506955.6;0;0;0;0;0;0;0;0;16625.0;0;0;0;0;257907.2;0;927503.8;0;0;906650.2;4086792.5;0;0;0;0;0;0;0;0;0;0;24175502.7;0;0;0;0;0;0;0;0;0;0;0;0;0;0.0
1997M11;206777378.8;0;0;0;0;0;0;0;0;0;0;0;0;0;0;0;0;0;0;0;0;724032.7;0;0;0;0;0;0;0;0;0;50604502.2;0;0;0;0;0;0;0;0;0;0;0;47358428.8;0;0;0;2817989.0;0;0;0;0;0;0;0;33820.0;0;0;0;0;0;1164996.0;0;15764253.8;0;0;0;0;0;0;0;0;0;653984.0;0;0;0;0;0;0;0;0;0;0;0;0;0;0;0;0;0;7383257.2;0;4595623.8;0;0;4054268.4;0;0;0;0;0;0;0;0;3823138.1;0;0;0;0;0;0;0;0;0;0;0;0;0;0;0;0;0;0;0;0;0;0;0;0;0;0;0;0;0;737835.9;0;0;0;0;0;0;0;0;2466699.6;0;0;0;0;0;0;0;0;0;0;0;0;0;0;0;0;0;0;0;1906282.0;0;0;0;0;0;0;0;5493509.7;0;0;0;0;0;0;0;0;0;0;0;0;0;0;60384.0;0;0;0;0;1007215.6;12618462.1;0;0;0;0;0;0;0;0;0;0;0;0;0;0;0;0;0;0;0;0;16651585.2;0;0;0;0;0;0;0;0;0;0;0;0;0;206951.5;0;2240311.7;0;0;0;0;0;0;0;0;0;0;0;0;0;0;24409847.5;0;0;0;0;0;0;0;0;0;0;0;0;0;0.0
1997M12;163510753.1;0;0;0;0;0;0;0;0;0;0;0;0;0;0;0;0;0;0;0;0;1054574.0;0;0;0;0;0;0;0;0;0;44223739.5;0;0;0;0;0;0;0;0;0;0;0;40847936.2;0;0;0;0;0;0;0;0;0;0;0;72930.0;0;0;0;0;0;1553328.0;0;16518922.6;0;0;0;0;0;0;0;0;0;34579.9;0;0;0;0;0;0;0;0;0;0;0;0;0;0;0;0;0;1999212.7;127969.0;1689590.1;0;0;1606531.0;0;0;0;0;0;0;0;0;1531117.4;0;0;0;0;0;0;0;0;0;0;0;0;0;0;0;0;0;0;0;0;0;0;0;0;0;0;0;0;0;609583.9;0;0;0;0;0;0;0;0;0;0;0;0;0;0;0;0;0;0;0;0;0;0;0;0;0;0;0;0;665059.2;0;0;0;0;0;0;0;4418235.0;0;0;0;0;0;0;0;0;0;0;0;0;0;0;0;0;0;0;0;1056553.8;14256155.6;0;0;0;0;0;0;0;0;0;0;0;0;0;0;0;0;0;0;0;0;15381989.6;0;0;0;0;0;0;0;0;0;0;0;0;0;252266.0;0;706685.0;0;0;0;2088928.7;0;0;0;0;0;0;0;0;0;0;12814866.0;0;0;0;0;0;0;0;0;0;0;0;0;0;0.0
1998M01;215985974.6;0;0;0;0;0;0;0;0;0;0;0;0;0;0;0;0;0;0;0;0;1043246.6;0;0;0;0;0;0;0;0;0;64901534.9;0;0;0;0;0;0;0;0;0;0;0;60912898.7;0;0;0;0;0;0;0;0;0;0;0;0;0;0;0;0;0;1553328.0;0;13377896.9;0;0;0;0;0;0;0;0;0;1731370.2;31440.0;0;0;0;0;0;0;0;0;0;0;0;0;0;0;0;0;6727245.8;0;1344506.7;0;0;2161231.9;0;0;0;0;0;0;0;0;1456948.5;0;0;0;0;0;0;0;0;0;0;0;0;0;0;0;0;0;0;0;0;0;0;0;0;0;0;0;0;0;164533.1;0;0;0;0;0;0;0;0;0;0;0;0;0;0;0;0;0;0;0;0;0;0;615174.0;0;0;0;0;0;1973288.9;0;215712.1;0;0;0;0;0;12137405.9;0;0;0;0;0;0;0;0;0;0;0;0;0;0;108096.0;0;0;0;0;921805.6;8215103.9;0;0;0;0;0;0;0;0;0;0;0;0;0;0;0;0;0;0;0;0;15470993.2;0;0;0;0;0;0;0;0;0;0;0;0;0;258296.1;0;665967.2;0;0;0;0;0;0;0;0;0;0;0;0;0;0;19997950.4;0;0;0;0;0;0;0;0;0;0;0;0;0;0.0
1998M02;265617608.0;0;0;0;0;0;0;0;0;0;0;0;0;0;0;0;0;0;0;0;0;2067440.7;0;0;0;0;0;0;0;0;0;61836006.1;0;0;0;0;0;0;0;0;0;0;0;75730289.2;0;0;0;0;0;0;0;0;0;0;0;0;0;0;0;0;0;776664.0;0;21349692.2;0;0;0;0;0;0;0;0;0;496230.0;49771.0;0;0;0;0;0;0;0;0;0;0;0;117939.0;0;0;0;0;5061330.6;0;23313580.5;320985.8;0;4076244.1;0;0;0;0;0;0;0;0;694917.8;0;0;0;0;0;0;0;0;0;0;0;0;0;0;0;0;0;0;0;0;405407.2;0;0;0;0;0;0;0;0;0;0;0;0;0;0;0;0;0;0;0;0;0;0;0;0;0;0;0;0;0;0;0;0;0;0;0;0;0;2559554.0;0;0;0;0;0;0;0;10636132.8;0;0;0;0;0;0;0;0;0;0;0;0;0;0;0;0;0;0;0;1247513.1;9688983.8;0;0;0;0;0;0;0;0;0;0;0;0;0;0;0;0;0;0;0;0;18000228.4;0;0;0;0;0;0;0;0;0;0;0;0;0;355142.2;0;182105.2;0;0;0;3326580.3;0;0;0;0;0;0;0;0;0;0;23324870.1;0;0;0;0;0;0;0;0;0;0;0;0;0;0.0
1998M03;174585290.4;0;0;0;0;0;0;0;0;0;0;0;0;0;0;0;0;0;0;0;0;1500181.5;0;0;0;0;0;0;0;0;0;51162177.4;0;0;0;0;0;0;0;0;672433.3;0;0;42322740.9;0;0;0;0;0;0;0;0;0;0;0;0;0;0;0;0;0;709128.0;0;16793857.6;0;0;0;0;0;0;0;0;0;827580.2;1841942.0;0;0;0;0;0;0;0;0;0;0;0;0;0;0;0;0;3341591.4;0;2624681.8;0;0;6933960.8;0;0;0;0;0;0;0;0;1022722.5;0;0;0;0;0;0;0;0;0;0;0;0;0;0;0;0;0;0;0;0;0;0;0;0;0;0;0;0;0;0;0;0;0;0;0;0;0;0;0;0;0;0;0;0;0;0;0;0;0;0;0;0;57470.0;0;0;0;0;0;1357738.4;0;0;0;0;0;0;0;3089312.3;0;0;0;0;0;0;0;0;0;0;0;0;0;0;0;0;0;0;182943.5;0;6201132.7;0;0;0;0;0;0;0;0;0;0;0;0;0;0;0;0;0;0;0;0;13890015.3;0;0;0;0;0;0;0;0;0;0;0;0;0;351866.9;0;1736259.9;0;0;0;0;0;0;0;0;0;0;0;0;0;0;17965554.0;0;0;0;0;0;0;0;0;0;0;0;0;0;0.0
1998M04;238852913.8;0;0;0;0;0;0;0;0;0;0;0;0;0;0;0;0;0;0;0;0;1572003.2;0;0;0;0;0;0;0;0;0;83401099.0;0;0;0;0;0;0;0;0;0;0;0;49803785.4;0;0;0;0;0;0;0;0;0;0;0;0;0;0;0;0;0;1304100.0;0;18496758.4;0;0;0;0;0;0;0;0;0;596000.0;36386.0;0;0;0;0;0;0;0;0;0;0;0;0;0;0;0;0;5470045.7;591703.1;1246129.3;0;0;4770254.6;0;0;0;0;0;0;0;0;570630.6;0;0;0;0;0;0;0;0;0;0;0;0;0;0;0;0;0;0;0;0;0;0;0;0;0;0;0;0;0;0;0;0;0;0;0;0;0;0;0;0;0;0;0;0;0;0;0;0;0;0;0;0;235625.0;0;0;0;0;0;1987732.3;0;0;0;0;0;0;0;4513680.6;0;0;0;0;0;0;0;0;0;0;0;0;0;0;465894.0;0;0;0;0;1376518.7;7973154.8;0;0;0;0;0;0;0;0;0;0;0;0;0;0;0;0;0;0;0;0;20930169.4;0;0;0;0;0;0;0;0;0;0;0;0;0;462094.4;0;2658521.3;0;0;327153.9;0;0;0;0;0;0;0;0;0;0;0;30063474.1;0;0;0;0;0;0;0;0;0;0;0;0;0;0.0
1998M05;292904325.8;0;0;0;0;0;0;0;0;0;0;0;0;0;0;0;0;0;0;0;0;1053164.4;0;0;0;0;0;0;0;0;0;72726317.7;0;0;0;0;0;0;0;0;0;0;0;55356724.1;0;0;0;0;0;0;0;0;0;0;0;0;0;0;0;0;0;1304100.0;0;23718333.9;0;0;0;0;0;0;0;0;0;544438.5;28307634.0;0;0;0;0;0;0;0;0;0;0;0;0;0;0;0;0;7450154.5;360945.8;6580300.2;0;0;1831859.2;0;0;0;0;0;0;0;0;946380.3;0;0;0;0;0;0;0;0;0;0;0;0;0;0;0;0;0;0;0;0;0;0;0;0;0;0;0;0;0;0;0;0;0;0;0;0;0;0;0;0;0;0;0;0;0;0;0;0;0;0;0;0;15200.0;0;0;0;0;0;8666913.6;0;0;0;0;0;0;0;7016160.3;0;0;0;0;0;0;0;0;0;0;0;0;0;0;2892236.3;0;0;0;0;1398126.2;8331935.5;0;0;0;0;0;0;0;0;0;0;0;0;0;0;0;0;0;0;0;0;25027486.7;0;0;0;0;0;0;0;0;578864.9;0;0;0;0;435227.0;0;2992943.2;0;0;896603.0;0;0;0;0;0;0;0;732826.3;0;0;0;33739450.1;0;0;0;0;0;0;0;0;0;0;0;0;0;0.0
1998M06;240267473.1;0;0;0;0;0;0;0;0;0;0;0;0;0;0;0;0;0;0;0;0;705315.4;0;0;0;0;0;0;0;0;0;49150668.0;0;0;0;0;0;0;0;0;0;0;0;70870180.2;0;0;0;0;0;0;0;0;0;0;0;0;0;0;0;0;0;2296375.2;0;18396403.6;0;0;0;0;0;0;0;0;0;601733.2;4790176.0;0;0;0;0;0;0;0;0;0;0;0;0;0;0;0;0;8500394.6;272873.0;19513948.0;0;0;792934.5;0;0;0;0;0;0;0;0;9302534.4;0;0;0;0;0;0;0;0;0;0;0;0;0;0;0;0;0;0;0;0;0;0;0;0;0;0;0;0;0;0;0;0;0;0;0;0;0;0;0;0;0;0;0;0;0;0;0;0;0;0;0;0;660372.0;0;0;0;0;0;4401676.8;0;0;0;0;0;0;0;12641946.6;0;0;0;0;0;0;0;0;0;0;0;0;0;0;1370811.2;0;0;0;0;0;7492523.3;0;0;0;0;0;0;0;0;0;0;0;0;0;0;0;0;0;0;0;0;7738296.1;0;0;0;0;0;0;0;0;0;0;0;0;0;230536.5;0;2365349.8;0;0;487218.3;0;0;0;0;0;0;0;0;0;0;0;17685206.3;0;0;0;0;0;0;0;0;0;0;0;0;0;0.0
1998M07;225591332.1;0;0;0;0;0;0;0;0;0;0;0;0;0;149376.0;0;0;0;0;0;0;1317764.9;0;0;0;0;0;0;0;0;0;65323084.6;0;0;0;0;0;0;0;0;0;0;0;54846841.2;0;0;0;0;0;0;0;0;0;0;0;0;0;0;0;0;0;511207.2;0;28376620.1;0;0;0;0;0;0;0;0;0;264738.0;890576.0;0;0;0;0;0;0;0;0;0;0;0;0;0;0;0;0;10522669.8;0;16875139.2;0;0;1390286.2;0;0;0;0;0;0;0;0;10560.0;0;0;0;0;0;0;0;0;0;0;0;0;0;0;0;0;0;0;0;0;0;0;0;0;0;0;0;0;0;0;0;0;0;0;0;0;0;0;2037776.1;0;0;0;0;0;0;0;0;0;0;0;0;0;102800.0;0;0;0;0;0;5246909.6;0;0;0;0;0;0;0;1003467.9;0;0;3396.0;0;0;0;0;0;0;0;0;0;0;0;477310.0;0;0;0;0;0;3197941.8;0;0;0;0;0;0;0;0;0;0;0;0;0;0;0;0;0;0;0;0;4600192.8;0;0;0;0;0;0;0;0;0;0;0;0;0;233678.0;0;2348943.7;0;0;0;0;0;0;0;0;0;0;0;0;0;0;25860053.0;0;0;0;0;0;0;0;0;0;0;0;0;0;0.0
1998M08;182747137.4;0;0;0;0;0;0;0;0;0;0;0;0;0;0;0;0;0;0;0;0;428657.5;0;0;0;0;0;0;0;0;0;49563787.8;0;0;0;0;0;0;0;0;0;0;0;39270549.7;0;0;0;0;0;0;0;0;0;0;0;0;0;0;0;0;0;1533621.6;0;20317407.6;0;0;0;0;0;0;0;0;0;388265.7;455079.0;0;0;0;0;0;0;0;0;0;0;0;0;0;0;0;0;6647280.2;232200.0;749246.8;0;0;6861411.5;0;0;0;0;0;0;0;0;462677.9;0;0;0;0;0;0;0;0;0;0;0;0;0;0;0;0;0;0;0;0;0;0;0;0;0;0;0;0;0;0;0;0;0;0;0;0;0;0;0;0;0;0;0;0;0;0;0;0;0;0;0;0;0;0;0;0;0;0;460122.6;0;0;0;0;0;0;0;8048086.9;0;0;0;0;0;0;0;0;0;0;0;0;0;0;0;0;0;0;0;741468.2;8589040.8;0;0;0;0;0;0;0;0;0;0;0;0;0;0;0;0;0;0;0;0;8696018.7;0;0;0;0;0;0;0;0;0;0;0;0;0;346029.5;0;1604225.0;0;0;0;0;0;0;0;0;0;0;0;0;0;0;27351960.4;0;0;0;0;0;0;0;0;0;0;0;0;0;0.0
1998M09;297122901.9;0;0;0;0;0;0;0;0;0;0;0;0;0;0;0;0;0;0;0;0;554767.1;0;0;0;0;0;0;0;0;0;67456484.5;0;0;0;0;0;0;0;0;0;0;0;56116572.3;0;0;0;0;0;0;0;0;0;0;0;0;0;0;0;0;0;3023979.7;0;42242347.1;0;0;0;0;0;0;0;0;0;0;2001348.0;0;0;0;0;0;0;0;0;0;0;0;0;0;0;0;0;8913794.2;247680.0;5692093.9;0;0;1670316.5;0;0;0;0;0;0;0;0;1853819.5;0;0;0;0;0;0;0;0;0;0;0;0;0;0;0;0;0;0;0;0;817251.6;0;0;0;0;0;0;0;0;0;0;0;0;0;0;0;0;0;0;0;0;0;0;0;0;0;0;0;0;0;0;0;0;0;0;0;0;0;6657598.2;0;0;0;0;0;0;0;19520501.2;0;0;0;0;0;0;0;0;0;0;0;0;0;0;0;0;0;0;0;901240.0;8939418.8;0;0;0;0;0;0;0;0;0;0;0;0;0;0;0;0;0;0;0;0;10585844.7;0;0;0;0;0;0;0;0;19000000.0;0;0;0;0;127410.5;0;457857.0;0;0;0;0;0;0;0;0;0;0;0;0;0;0;40342577.2;0;0;0;0;0;0;0;0;0;0;0;0;0;0.0
1998M10;348794880.3;0;0;0;0;0;0;0;0;0;0;0;0;0;0;0;0;0;0;0;0;894567.6;0;0;0;0;0;0;0;0;0;109548958.7;0;0;0;0;0;0;0;0;0;0;0;72861425.0;0;0;0;0;0;0;0;0;0;0;0;0;0;0;0;0;0;1843128.0;0;27205858.7;0;0;0;0;0;0;0;0;0;562403.0;16534137.0;0;0;0;0;0;0;0;0;0;0;0;0;0;0;0;0;11328062.1;278057.0;9136398.3;0;0;9429849.4;0;0;0;0;0;0;0;0;1996110.0;0;0;0;0;0;0;0;488880.0;0;0;0;0;0;0;0;0;0;0;0;0;0;0;0;0;0;0;0;0;0;743069.8;0;0;0;0;0;0;0;0;0;0;0;0;0;0;0;0;0;0;0;0;0;0;0;0;0;0;0;0;1602887.4;0;0;0;0;0;0;0;11681838.2;0;0;0;0;0;0;0;0;0;0;0;0;0;0;606568.0;0;0;0;0;0;12693751.8;0;0;0;0;0;0;0;0;0;0;0;0;0;0;0;0;0;0;0;0;19983918.6;0;0;0;0;0;0;0;0;0;0;0;0;0;292330.0;0;430230.2;0;0;391098.9;0;0;0;0;0;0;0;0;0;0;0;38261352.5;0;0;0;0;0;0;0;0;0;0;0;0;0;0.0
1998M11;242471085.6;0;0;0;0;0;0;0;0;0;0;0;0;0;0;0;0;0;0;0;0;1616078.8;0;0;0;0;0;0;0;0;0;59794629.9;0;0;0;0;0;0;0;0;0;0;0;66712972.4;0;0;0;0;0;0;0;0;0;0;0;0;0;0;0;0;0;579600.0;0;20589209.6;0;0;0;0;0;0;0;0;0;523127.0;125571.0;0;0;0;0;0;0;0;0;0;0;0;0;0;0;0;0;5745646.0;0;1853731.6;0;0;2815642.4;0;0;0;0;0;0;0;0;6220143.8;0;0;0;0;0;0;0;473376.0;0;0;0;0;0;0;0;0;0;0;0;0;0;0;0;0;0;0;0;0;0;0;0;0;0;0;0;0;0;0;0;0;0;0;0;0;0;0;0;0;0;0;0;0;101050.0;0;0;0;0;0;5516014.8;0;1200000.0;0;0;0;0;0;10460225.6;0;0;0;0;0;0;0;0;0;0;0;0;0;0;972867.0;0;0;0;0;0;20790003.8;0;0;0;0;0;0;0;0;0;0;0;0;0;0;0;0;0;0;0;0;14924067.5;0;0;0;0;0;0;0;0;0;0;0;0;0;256310.0;0;199577.7;0;0;0;0;0;0;0;0;0;0;0;0;0;0;21001240.7;0;0;0;0;0;0;0;0;0;0;0;0;0;0.0
1998M12;209243444.4;0;0;0;0;0;0;0;0;0;0;0;0;0;0;0;0;0;0;0;0;800186.4;0;0;0;0;0;0;0;0;0;47989789.6;0;0;0;0;0;0;0;0;0;0;0;60587562.8;0;0;0;0;0;0;0;0;0;0;0;0;0;0;0;0;0;1159200.0;0;19720693.5;0;0;0;0;0;0;0;0;0;0;414564.0;0;0;0;0;0;0;0;0;0;0;0;0;0;0;0;0;7116346.6;682524.4;688523.1;0;0;1017605.0;0;0;0;0;0;0;0;0;1747662.0;0;0;0;0;0;0;0;966126.9;0;0;0;0;0;0;0;0;0;0;0;0;0;0;0;0;0;0;0;0;0;0;0;0;0;0;0;0;0;0;0;0;0;0;0;0;0;0;0;0;0;0;0;0;0;0;0;0;0;0;5403294.2;0;0;0;0;0;0;0;2729317.4;0;0;0;0;0;0;0;0;0;0;0;0;0;0;13706.3;0;0;0;0;0;11025790.1;0;0;0;0;0;0;0;0;0;0;0;0;0;0;0;0;0;0;0;0;20116630.1;0;0;0;0;0;0;0;0;1500000.0;0;0;0;0;270032.0;0;438163.2;0;0;0;0;0;0;0;0;0;0;0;0;0;0;24855726.7;0;0;0;0;0;0;0;0;0;0;0;0;0;0.0
1999M01;246778304.2;0;0;0;0;0;0;0;0;0;0;0;0;0;5000.0;0;0;0;0;0;1097141.2;0;0;0;0;0;0;0;0;0;0;62733561.3;0;0;0;0;0;0;0;0;0;0;0;66110812.7;0;0;0;0;0;0;0;0;0;0;0;0;0;0;0;0;0;1159200.0;0;22769531.7;0;0;0;0;0;0;0;0;0;421693.6;58064.0;0;0;0;0;0;0;0;0;0;0;0;0;0;0;0;0;7510502.9;278640.0;1515968.9;121500.0;0;6553739.4;0;0;0;0;0;0;0;0;1833043.7;0;0;0;0;0;0;0;1147028.8;0;0;0;0;0;0;0;0;0;0;0;0;0;0;0;0;0;0;0;0;0;0;0;0;0;0;0;0;0;0;0;0;0;0;0;0;0;0;0;0;0;0;0;0;233540.0;0;0;0;0;0;2658637.5;0;792404.8;0;0;0;0;0;13202306.6;0;0;0;0;0;0;0;0;0;0;0;0;0;0;0;0;0;0;0;112728.0;18556825.2;0;0;0;0;0;0;0;0;0;0;0;0;0;0;0;0;0;0;0;0;17050623.0;0;0;0;0;0;0;0;0;0;0;0;0;0;238888.0;0;3019173.4;0;0;0;0;0;0;0;0;0;0;0;0;0;0;17597749.4;0;0;0;0;0;0;0;0;0;0;0;0;0;0.0
1999M02;262018961.5;0;0;0;0;0;0;0;0;0;0;0;0;0;16900.0;0;0;0;0;0;352846.5;0;0;0;0;0;0;0;0;0;0;56380478.6;0;0;0;0;0;0;0;0;0;0;0;59134433.1;0;0;0;1283077.3;0;0;0;0;0;0;0;0;0;0;0;0;0;0;0;23296581.4;0;0;0;0;0;0;0;0;0;172315.0;360821.0;0;0;0;0;0;0;0;0;0;0;0;0;0;0;0;0;6241814.8;1769711.4;6684176.8;0;0;14474748.7;0;0;0;0;0;0;0;0;5577944.3;0;0;0;0;0;0;0;646788.4;0;0;0;0;0;0;0;0;0;0;0;0;0;0;0;0;0;0;0;0;0;0;0;0;0;0;0;0;0;0;0;0;0;0;0;0;0;0;0;0;0;0;0;0;0;0;0;0;0;0;5130415.0;0;0;0;0;0;0;0;10927705.7;0;0;0;0;0;0;0;0;0;0;0;0;0;0;732314.5;0;0;0;0;0;19996763.6;0;0;0;0;0;0;0;0;0;0;0;0;0;0;0;0;0;0;0;0;31218397.0;0;0;0;0;0;0;0;0;0;0;0;0;0;264847.0;0;2221453.9;0;0;327952.4;0;0;0;0;0;0;0;0;0;0;0;14806475.2;0;0;0;0;0;0;0;0;0;0;0;0;0;0.0
1999M03;263440765.4;0;0;0;0;0;0;0;0;0;0;0;0;0;0;0;0;0;0;0;900315.7;0;0;0;0;0;0;0;0;0;0;58209432.8;0;0;0;0;0;0;0;0;0;0;0;79590935.5;0;0;0;0;0;0;0;0;561.0;0;0;0;0;0;0;0;0;1008504.0;0;28883810.4;0;0;0;0;0;0;0;0;0;164474.5;1762202.0;0;0;0;0;0;0;0;0;0;0;0;0;0;0;0;0;7571499.9;154800.0;2683727.5;0;0;9162168.1;0;0;0;0;0;0;0;0;3347671.1;0;0;0;0;0;0;0;0;0;0;0;0;0;0;0;0;0;0;0;0;0;0;0;0;0;0;0;0;0;225043.5;0;0;0;0;0;0;0;0;0;0;0;0;0;0;0;0;0;0;0;0;0;0;166080.0;0;0;0;0;0;829929.5;0;1000538.5;0;0;0;0;0;6069705.5;0;0;0;0;0;0;0;0;0;0;0;0;0;0;0;0;0;0;0;7153.0;15428806.1;0;0;0;0;0;0;0;0;0;0;0;0;0;0;0;0;0;0;0;0;23998003.8;0;0;0;0;0;0;0;0;0;0;0;0;0;460902.0;0;2453190.6;0;0;87857.4;0;0;0;0;0;0;0;0;0;0;0;19273453.0;0;0;0;0;0;0;0;0;0;0;0;0;0;0.0
1999M04;295002986.6;0;0;0;0;0;0;0;0;0;0;0;0;0;0;0;0;0;0;0;2302388.2;0;0;0;0;0;0;0;0;0;0;87596379.1;0;0;0;0;0;0;0;0;0;0;0;80787324.5;0;0;0;0;0;0;0;0;1297700.0;0;0;816568.8;0;0;0;0;0;1008504.0;0;22966833.7;0;0;0;0;0;0;0;0;0;0;16579338.0;0;0;0;0;0;0;0;0;0;0;0;0;0;0;0;0;6624455.8;185376.0;3222711.9;0;0;5614759.1;0;0;0;0;0;0;0;0;3960513.9;0;0;0;0;0;0;0;0;0;0;0;0;0;0;0;0;0;0;0;0;0;0;0;0;0;0;0;0;0;0;0;0;0;0;0;0;0;0;0;0;0;0;0;0;0;0;0;0;0;0;0;0;101050.0;0;0;0;0;0;3308373.1;0;0;0;0;0;0;0;1784567.4;0;0;0;0;0;0;0;0;0;0;0;0;0;0;848798.6;0;0;0;0;17842.0;18345620.6;0;0;0;0;0;0;0;0;0;0;0;0;0;0;0;0;0;0;0;0;15646040.0;0;0;0;0;0;0;0;0;0;0;0;0;0;268683.0;0;1201384.8;0;0;462240.0;0;0;0;0;0;0;0;0;0;0;0;20055534.1;0;0;0;0;0;0;0;0;0;0;0;0;0;0.0
1999M05;232056088.3;0;0;0;0;0;0;0;0;0;0;0;0;0;0;0;0;0;0;0;836442.8;0;0;0;0;0;0;0;0;0;0;36539463.0;0;0;0;0;0;0;0;0;0;0;0;73108669.0;0;0;0;0;0;0;0;0;0;0;0;0;0;0;0;0;0;504252.0;0;20043495.2;0;0;0;0;0;0;0;0;0;786131.6;5106900.0;0;0;0;0;0;0;0;0;0;0;0;0;0;0;0;0;7617914.3;0;2309510.9;0;0;13703004.1;0;0;0;0;0;0;0;0;2936118.8;0;0;0;0;0;0;0;0;0;0;0;0;0;0;0;0;0;0;0;0;0;0;0;0;0;0;0;0;0;0;0;0;0;0;0;0;0;0;0;0;0;0;0;0;0;0;0;0;0;0;0;0;18600.0;0;0;0;0;0;2801697.4;0;861832.0;0;0;0;0;0;4512034.9;0;0;0;0;0;0;0;0;0;0;0;0;0;0;778908.0;0;0;0;0;3194.0;24397646.0;0;0;0;0;0;0;0;0;0;0;0;0;0;0;0;0;0;0;0;0;12384077.5;0;0;0;0;0;0;0;0;0;0;0;0;0;264612.0;0;2595089.5;0;0;0;0;0;0;0;0;0;0;0;0;0;0;19946495.2;0;0;0;0;0;0;0;0;0;0;0;0;0;0.0
1999M06;262258905.3;0;0;0;0;0;0;0;0;0;0;0;0;0;0;0;0;0;0;0;2046990.9;0;0;0;0;0;0;0;0;0;0;73430413.4;0;0;0;0;0;0;0;0;0;0;0;62778122.8;0;0;0;1171702.7;0;0;0;0;0;0;0;0;0;0;0;0;0;0;0;23556098.0;0;0;0;0;0;0;0;0;0;303540.0;76417.0;0;0;0;0;0;0;0;0;0;0;0;0;0;0;0;0;10954034.0;330227.0;3126947.9;0;0;10965194.1;0;0;0;0;0;0;0;0;6973331.5;0;0;0;0;0;0;0;0;0;0;0;0;0;0;0;0;0;0;0;0;0;0;0;0;0;0;0;0;0;0;0;0;0;0;0;0;0;0;0;0;0;0;0;0;0;0;0;0;0;0;0;0;0;0;0;0;0;0;1530564.9;0;0;0;0;0;0;0;12444619.7;0;0;0;0;0;0;0;0;0;0;0;0;0;0;1404398.0;0;0;0;0;127068.0;16835629.8;0;0;0;0;0;0;0;0;0;0;0;0;0;0;0;0;0;0;0;0;8984208.3;0;0;0;0;0;0;0;0;0;0;0;0;0;225379.0;0;3387528.7;0;0;0;0;0;0;0;0;0;0;0;0;0;0;21606489.7;0;0;0;0;0;0;0;0;0;0;0;0;0;0.0
1999M07;209350496.9;0;0;0;0;0;0;0;0;0;0;0;0;0;0;0;0;0;0;0;1301083.7;0;0;0;0;0;0;0;0;0;0;46992705.1;0;0;0;0;0;0;0;0;0;0;0;58964462.8;0;0;0;1071160.4;0;0;0;0;0;0;0;0;0;0;0;0;0;652443.1;0;19711303.4;0;0;0;0;0;0;0;0;0;339055.2;62631.0;0;0;0;0;0;0;0;0;0;0;0;0;0;0;0;0;11740821.8;157750.0;9346178.6;0;0;6039870.9;0;0;0;0;0;0;0;0;6108871.3;0;0;0;0;0;0;0;0;0;0;0;0;0;0;0;0;0;0;0;0;0;0;0;0;0;0;0;0;0;0;0;0;0;0;0;0;0;0;0;0;0;0;0;0;0;0;0;0;0;0;0;0;0;0;0;0;0;0;2346707.7;0;0;0;0;0;0;0;5818293.2;0;0;0;0;0;0;0;0;0;0;0;0;0;0;0;0;0;0;0;34410.0;10530221.6;0;0;0;0;0;0;0;0;0;0;0;0;0;0;0;0;0;0;0;0;9632199.7;0;0;0;0;0;0;0;0;0;0;0;0;0;258219.5;0;2114363.7;0;0;0;0;0;0;0;0;0;0;0;0;0;0;16127744.2;0;0;0;0;0;0;0;0;0;0;0;0;0;0.0
1999M08;201956549.2;0;0;0;0;0;0;0;0;0;0;0;0;0;0;0;0;0;0;0;1662577.7;0;0;0;0;0;0;0;0;0;0;47085153.0;0;0;0;0;0;0;0;0;0;0;0;55957583.3;0;0;0;0;0;0;0;0;0;0;0;0;0;0;0;0;0;452088.0;0;23257908.0;0;0;0;0;0;0;0;0;0;1373207.2;884530.0;0;0;0;0;0;0;0;0;0;0;0;0;0;0;0;0;6632635.1;339847.0;2477793.4;0;0;2304922.7;0;0;0;0;0;0;0;0;5858577.9;0;0;0;0;0;0;0;4300090.3;0;0;0;0;0;0;0;0;0;0;0;0;0;0;0;0;0;0;0;0;0;0;0;0;0;0;0;0;0;0;0;0;0;0;0;0;0;0;0;0;0;0;0;0;96000.0;0;0;0;0;0;3037273.5;0;0;0;0;0;0;0;1622105.5;0;0;0;0;0;0;0;0;0;0;0;0;0;0;0;0;0;0;0;0;12229565.0;0;0;0;0;0;0;0;0;0;0;0;0;0;0;0;0;0;0;0;0;10611397.5;0;0;0;0;0;0;0;0;0;0;0;0;0;382766.0;0;4261126.5;0;0;616934.7;507490.4;0;0;0;0;0;0;0;0;0;0;16004976.5;0;0;0;0;0;0;0;0;0;0;0;0;0;0.0
1999M09;292966140.7;0;0;0;0;0;0;0;0;0;0;0;0;0;0;0;0;0;0;0;1478017.5;0;0;0;0;0;0;0;0;0;0;47307032.2;0;0;0;0;0;0;0;0;0;0;0;81254974.9;0;0;0;0;0;0;0;0;0;0;0;0;0;0;0;0;0;452088.0;0;30144644.1;0;0;0;0;0;0;0;0;0;1079949.5;561558.0;0;0;0;0;0;0;0;0;0;0;0;0;0;0;0;0;10915815.6;0;2389879.8;0;0;5719687.8;0;0;0;0;0;0;0;0;9330294.4;0;0;0;0;0;0;0;1720237.4;0;0;0;0;0;0;0;0;0;0;0;0;0;0;0;0;0;0;0;0;0;0;0;0;0;0;0;0;0;0;0;0;0;0;0;0;0;0;0;0;0;0;0;0;15000.0;0;0;0;0;0;5604206.0;0;0;0;0;0;0;0;9167586.3;0;0;0;0;0;0;0;0;0;0;0;0;0;0;0;0;0;0;0;27025828.7;17064103.4;0;0;0;0;0;0;0;0;0;0;0;0;0;0;0;0;0;0;0;0;23896398.1;0;0;0;0;0;0;0;0;0;0;0;0;0;323477.0;0;2533897.2;0;0;0;620016.0;0;0;0;0;0;0;0;0;0;0;14361449.0;0;0;0;0;0;0;0;0;0;0;0;0;0;0.0
1999M10;380026896.4;0;0;0;0;0;0;0;0;0;0;0;0;0;0;0;0;0;0;0;4396481.6;0;0;0;0;0;0;0;0;0;0;76140774.5;0;0;0;0;0;0;0;0;0;0;0;80318459.0;0;0;0;0;0;0;0;0;48000000.0;0;0;0;0;0;0;0;0;892584.0;0;41611586.6;0;0;0;0;0;0;0;0;0;709822.0;270861.0;0;0;0;0;0;0;0;0;0;0;0;0;0;0;0;0;12036156.9;2701530.6;5549461.0;0;0;5978853.2;0;0;0;0;0;0;0;0;3732164.9;0;0;0;0;0;0;0;0;0;0;0;0;0;0;0;0;0;0;0;0;0;0;0;0;0;0;0;0;0;0;0;0;0;0;0;0;0;0;0;0;0;0;588411.5;0;0;0;0;0;0;0;0;0;0;0;0;0;0;0;5810228.0;0;0;0;0;0;0;0;12523172.4;0;0;0;0;0;0;0;0;0;0;0;0;0;0;0;0;0;0;0;0;18595898.5;0;0;0;0;0;0;0;0;0;0;0;0;0;0;0;0;0;0;0;0;24562430.5;0;0;0;0;0;0;0;0;0;0;0;0;0;311282.0;0;4351701.3;0;0;0;496099.3;0;0;0;0;0;0;0;0;0;0;30448937.6;0;0;0;0;0;0;0;0;0;0;0;0;0;0.0
1999M11;323635201.1;0;0;0;0;0;0;0;0;0;0;0;0;0;25949.4;0;0;0;0;0;4346177.2;0;0;0;0;0;0;0;0;0;0;78240076.6;0;0;0;0;0;0;0;0;0;0;0;87166435.1;0;0;0;0;0;0;0;0;0;0;0;0;0;0;0;0;0;440496.0;0;32465944.9;0;0;0;0;0;0;0;0;0;0;106058.0;0;0;0;0;0;0;0;0;0;626095.5;0;0;0;0;0;0;7204660.3;24742.0;672170.0;0;0;2696344.0;0;0;0;0;0;0;0;0;2098197.1;0;0;0;0;0;0;0;560929.1;0;0;0;0;0;0;0;0;0;0;0;0;0;0;0;0;0;0;0;0;0;0;0;0;0;0;0;0;0;0;0;0;0;0;1143753.2;0;0;0;0;0;0;0;0;0;0;0;0;0;0;0;7110781.8;0;742666.1;0;0;0;0;0;1488059.9;0;0;0;0;0;0;0;0;0;0;0;0;0;0;307358.8;0;0;0;0;0;40468377.9;0;0;0;0;0;0;0;0;0;0;0;0;0;0;0;0;0;0;0;0;28348545.8;0;0;0;0;0;0;0;0;0;0;0;0;0;308082.0;0;2213488.7;0;0;477060.0;0;0;0;0;0;0;0;0;0;0;0;24352751.6;0;0;0;0;0;0;0;0;0;0;0;0;0;0.0
1999M12;300992373.0;0;0;0;0;0;0;0;0;0;0;0;0;0;0;0;0;0;0;0;2710215.6;0;0;0;0;0;0;0;0;0;0;62424758.2;0;0;0;0;0;0;0;0;0;0;0;110440158.7;0;0;0;0;0;0;0;0;0;0;0;0;0;0;0;0;0;440496.0;0;29062673.1;0;0;0;0;0;0;0;0;0;871852.1;697247.0;0;0;0;0;0;0;0;0;0;0;0;0;0;0;0;0;5284515.4;40549.0;705197.0;0;0;1826997.5;0;0;0;0;0;0;0;0;2199630.3;0;0;0;0;0;0;6623645.5;560938.0;0;0;0;0;0;0;0;0;0;0;0;0;0;0;0;0;0;0;0;0;0;0;55254.5;0;0;17348.1;0;0;0;0;0;0;0;0;0;0;0;0;0;0;0;0;0;0;0;0;0;0;0;0;2353766.8;0;0;0;0;0;0;0;692664.1;0;0;0;0;0;0;0;0;0;0;0;0;0;0;0;0;0;0;0;0;23209492.5;0;0;0;0;0;0;0;0;0;0;0;0;0;0;0;0;0;0;0;0;25671351.8;0;0;0;0;0;0;0;0;0;0;0;0;0;297431.0;0;2737259.9;0;0;0;0;0;0;0;0;0;0;0;0;0;0;22068931.1;0;0;0;0;0;0;0;0;0;0;0;0;0;0.0
2000M01;440156619.9;0;0;0;0;0;0;0;0;0;0;0;0;0;0;0;0;0;0;0;1697452.9;0;0;0;0;0;0;0;0;0;0;73063066.5;0;0;0;0;0;0;0;0;0;0;0;70120245.6;0;0;0;0;0;0;0;0;0;0;0;0;0;0;0;0;0;439939.0;0;22821088.0;0;0;0;0;0;0;0;0;0;928904.1;148185467.0;0;0;0;0;0;0;0;0;0;0;0;0;0;0;0;0;3966550.1;843017.8;956623.3;0;0;6076531.1;0;0;0;0;0;0;0;0;1240656.9;0;0;0;0;0;0;1080180.4;623056.8;0;0;0;0;0;0;0;0;0;0;0;0;0;0;0;0;16000000.0;0;0;0;0;0;0;0;0;0;0;0;0;0;0;0;0;0;0;0;0;0;0;0;0;0;0;0;0;0;0;0;0;0;4506789.7;0;0;0;0;0;0;0;17637351.3;0;0;0;0;0;0;0;0;0;0;0;0;0;0;39300.0;0;0;0;0;10807012.0;19347740.0;0;0;0;0;0;0;0;0;0;0;0;0;0;0;0;0;0;0;0;0;22279602.4;0;0;0;0;0;0;0;0;0;0;0;0;0;257462.4;0;617908.5;0;0;0;0;0;0;0;0;0;0;0;0;0;0;16620674.3;0;0;0;0;0;0;0;0;0;0;0;0;0;0.0
2000M02;266720744.1;0;0;0;0;0;0;0;0;0;0;0;0;0;27137.4;0;0;0;0;0;2651785.2;0;0;0;0;0;0;0;0;0;0;45939645.3;0;0;0;0;0;0;0;0;0;0;0;65171933.8;0;0;0;0;0;0;0;0;2872594.2;0;0;0;0;0;0;0;0;439939.0;0;26379082.4;0;0;0;0;0;0;0;0;0;384714.0;1640087.0;0;0;0;0;0;0;0;0;0;0;0;0;0;0;0;0;4501535.3;940739.9;6295353.3;0;0;3623099.5;0;0;0;0;0;0;0;0;5444156.7;0;0;0;0;0;0;0;2182639.3;0;0;0;0;0;0;0;0;0;0;0;0;0;0;0;0;0;0;0;0;0;0;0;0;0;0;0;0;0;0;0;0;0;0;0;0;0;0;0;0;0;0;0;0;0;0;0;0;0;0;5672110.3;0;0;0;0;0;0;0;5579294.5;0;0;0;0;0;0;0;0;0;0;0;0;0;0;0;0;0;0;0;3363.0;28558019.8;0;0;0;0;0;0;0;0;0;0;0;0;0;0;0;0;0;0;0;0;34097195.2;0;0;0;0;0;0;0;0;0;0;0;0;0;233748.0;0;4612367.5;0;0;0;0;0;0;0;0;0;0;0;0;0;0;19470203.5;0;0;0;0;0;0;0;0;0;0;0;0;0;0.0
2000M03;356605389.6;0;0;0;0;0;0;0;0;0;0;0;0;0;0;0;0;0;0;0;2123495.4;0;0;0;0;0;0;0;0;0;0;104821815.4;0;0;0;0;0;0;0;0;0;0;0;84698935.7;0;0;0;0;0;0;0;0;0;0;0;0;0;0;0;0;0;874098.0;0;24282369.2;0;0;0;0;0;0;0;0;0;152938.0;545092.0;0;0;0;0;0;0;0;0;0;0;0;0;0;0;0;0;7631534.0;894704.8;4281159.3;0;0;11385581.6;0;0;0;0;0;0;0;0;4841911.4;0;0;0;0;0;0;1774992.0;1159773.3;0;0;0;0;0;0;0;0;0;0;0;0;0;0;0;0;0;0;0;0;0;0;0;0;0;0;0;0;0;0;0;0;0;0;0;0;0;0;0;0;0;0;0;0;0;0;0;0;0;0;1199377.5;0;0;0;0;0;0;0;10280712.0;0;0;0;0;0;0;0;0;0;0;0;0;0;0;71321.0;0;0;0;0;139326.0;30004809.7;0;0;0;0;0;0;0;0;0;0;0;0;0;0;0;0;0;0;0;0;38756510.4;0;0;0;0;0;0;0;0;0;0;0;0;0;495366.5;0;6790552.1;0;0;0;0;0;0;0;0;0;0;0;0;0;0;19399014.2;0;0;0;0;0;0;0;0;0;0;0;0;0;0.0
2000M04;260898532.4;0;0;0;0;0;0;0;0;0;0;0;0;0;0;0;0;0;0;0;2244253.2;0;0;0;0;0;0;0;0;0;0;83233946.5;0;0;0;0;0;0;0;0;0;0;0;54314295.8;0;0;0;0;0;0;0;0;0;0;0;0;0;0;0;0;0;0;0;17886326.0;0;0;0;0;0;0;0;0;0;568025.4;237705.0;0;0;0;0;0;0;0;0;0;0;0;0;0;0;0;0;5394686.3;1709860.4;7722334.3;0;0;1167566.7;0;0;0;0;0;0;0;0;3016592.2;0;0;0;0;0;0;0;282453.8;0;0;0;0;0;0;0;0;0;0;0;0;0;0;0;0;0;0;0;0;0;0;0;0;0;0;0;0;0;0;0;0;0;0;0;0;0;0;0;0;0;0;0;0;0;0;0;0;0;0;5571790.2;0;0;0;0;0;0;0;7789359.4;0;0;0;0;0;0;0;0;0;0;0;0;0;0;0;0;0;0;0;613662.0;23778927.4;0;0;0;0;0;0;0;0;0;0;0;0;0;0;0;0;0;0;0;0;22426983.8;0;0;0;0;0;0;0;0;0;0;0;0;0;601793.9;0;3844515.1;0;0;0;0;0;0;0;0;0;0;82924.4;0;0;0;18410530.6;0;0;0;0;0;0;0;0;0;0;0;0;0;0.0
2000M05;245647576.1;0;0;0;0;0;0;0;0;0;0;0;0;0;0;0;0;0;0;0;915150.7;0;0;0;0;0;0;0;0;0;0;49456072.3;0;0;0;0;0;0;0;0;0;0;0;70055643.8;0;0;0;0;0;0;0;0;0;0;0;0;0;0;0;0;0;0;0;17467033.9;0;0;0;0;0;0;0;0;0;696667.9;3469684.0;0;0;0;0;0;0;0;0;0;1423622.8;0;0;0;0;0;0;5961658.8;0;2604771.5;0;0;3416309.0;0;0;0;0;0;0;0;0;5253167.0;0;0;0;0;0;0;69003.0;1596610.1;0;0;0;0;0;0;0;0;0;0;0;0;0;0;0;0;0;0;0;0;0;328191.6;0;0;0;0;0;0;0;0;0;0;0;0;0;0;0;0;0;0;0;0;0;0;0;0;0;0;0;0;881312.0;0;0;0;0;0;0;0;9618647.8;0;0;0;0;0;0;0;0;0;0;0;0;0;0;0;29071.0;0;0;0;750.0;25232358.0;0;0;0;0;0;0;0;0;0;0;0;0;0;0;0;0;0;0;0;0;21483830.9;0;0;0;0;0;0;0;0;0;0;0;0;0;119820.0;0;6552232.8;0;0;0;0;0;0;0;0;0;0;0;0;0;0;19015967.1;0;0;0;0;0;0;0;0;0;0;0;0;0;0.0
2000M06;296166637.5;0;0;0;0;0;0;0;0;0;0;0;0;0;0;0;0;0;0;0;5814740.1;0;0;0;0;0;0;0;0;0;0;44782067.3;0;0;0;0;0;0;0;0;0;0;0;95095596.4;0;0;0;0;0;0;0;0;0;0;0;35904.0;0;0;0;0;83200.0;0;0;19167024.9;0;0;0;0;0;0;0;0;0;0;1723472.0;0;0;0;0;0;0;0;0;0;897999.7;0;0;0;0;0;0;15350212.4;0;2458234.8;0;0;16875871.6;0;0;0;0;0;0;0;0;2105638.1;0;0;0;0;0;0;0;3662950.0;0;0;0;0;0;0;0;0;0;0;0;0;0;0;0;0;710891.1;0;0;0;0;0;0;0;0;0;0;0;0;0;0;0;0;0;0;0;0;0;0;0;0;0;0;0;0;0;0;0;0;0;1382095.5;0;0;0;0;0;0;0;14912029.2;0;0;0;0;0;0;0;0;0;0;0;0;0;0;298770.0;1826832.4;0;0;0;2129884.6;15790156.3;0;0;0;0;0;0;0;0;0;0;0;0;0;0;0;0;0;0;0;0;17793314.0;0;0;0;0;0;0;0;0;0;0;0;0;0;261011.0;0;6786837.0;0;0;0;0;0;0;0;0;0;0;0;0;0;0;26221904.8;0;0;0;0;0;0;0;0;0;0;0;0;0;0.0
2000M07;248401676.9;0;0;0;0;0;0;0;0;0;0;0;0;0;0;0;0;0;0;0;1239211.7;0;0;0;0;0;0;0;0;0;0;38927193.1;0;0;0;0;0;0;0;0;0;0;0;70946890.5;0;0;0;0;0;0;0;0;0;0;0;0;0;0;0;0;0;72.8;0;19318921.5;0;0;0;0;0;0;0;0;0;1699189.0;5777356.0;0;0;0;0;0;0;0;0;0;0;0;0;0;0;0;0;12556922.1;0;4936440.4;0;0;8307381.0;0;0;0;0;0;0;0;0;8180441.6;0;0;0;0;0;0;0;1154984.7;0;0;0;0;0;0;0;0;0;0;0;0;0;0;0;0;0;0;0;0;0;436803.8;0;0;0;0;0;0;0;0;0;0;0;0;0;0;0;0;0;0;0;0;0;0;0;0;9000000.0;0;0;0;5888780.7;0;0;0;0;0;0;0;5668229.0;0;0;0;0;0;0;0;0;0;0;0;0;0;0;130572.0;144141.0;0;0;0;0;18920334.7;0;0;0;0;0;0;0;0;0;0;0;0;0;0;0;0;0;0;0;0;10711737.2;0;0;0;0;0;0;0;0;0;0;0;0;0;318483.0;0;3335343.1;0;0;0;0;0;0;0;0;0;0;0;0;0;0;20802248.0;0;0;0;0;0;0;0;0;0;0;0;0;0;0.0
2000M08;262863770.4;0;0;0;0;0;0;0;0;0;0;0;0;0;0;0;0;0;0;0;1899779.3;0;0;0;0;0;0;0;0;0;0;74703575.5;0;0;0;0;0;0;0;0;0;0;0;59044847.5;0;0;0;0;0;0;0;0;0;0;0;0;0;0;0;0;0;0;0;23433673.4;0;0;0;0;0;0;0;0;0;419553.2;46548.0;0;0;0;0;0;0;0;0;0;0;190045.2;0;0;0;0;0;8243665.7;0;49798.0;0;0;1904047.2;0;0;0;0;0;0;0;0;7278517.5;0;0;0;0;0;0;0;898220.1;0;0;0;0;0;0;0;0;0;0;0;0;0;0;0;0;0;0;0;0;0;1336848.5;0;0;0;0;0;0;0;0;0;0;0;0;0;0;0;0;202992.8;0;0;0;0;0;4303635.0;0;0;0;0;0;5703088.0;0;0;0;0;0;0;0;4969514.4;0;0;0;0;0;0;0;0;0;0;0;0;0;0;9524.0;977575.0;0;0;0;1906234.5;18037590.4;0;0;0;0;0;0;0;0;0;0;0;0;0;0;0;0;0;0;0;0;18509703.0;0;0;0;0;0;0;0;0;0;0;617468.6;0;0;275307.5;0;5237039.8;0;0;0;0;0;0;0;0;0;0;0;0;0;0;22664978.2;0;0;0;0;0;0;0;0;0;0;0;0;0;0.0
2000M09;339915122.1;0;0;0;0;0;0;0;0;0;0;0;0;0;0;0;0;0;0;0;3178207.1;0;0;0;0;0;0;0;0;0;0;45454067.9;0;0;0;0;0;0;0;0;0;0;0;92636534.9;0;0;0;0;0;0;0;0;0;0;0;0;0;0;0;0;0;0;0;33782025.4;0;0;0;0;0;0;0;0;0;1059148.2;5027641.4;0;0;0;0;0;0;0;0;0;0;0;0;0;0;0;0;12676486.2;335808.0;848313.0;0;0;12632280.9;0;0;0;0;0;0;0;0;7205850.8;0;0;0;0;0;0;0;1943339.8;0;0;0;0;0;0;0;0;0;0;0;0;0;0;0;0;0;0;0;0;0;927499.2;0;0;0;0;0;0;0;0;0;0;0;0;0;0;0;0;0;0;0;0;0;0;0;0;0;0;0;0;1843013.3;0;0;0;0;0;0;0;29354465.5;0;0;0;0;0;0;0;0;0;0;0;0;0;0;0;1907765.2;0;0;0;661751.4;27871465.5;0;0;0;0;0;0;0;0;0;0;0;0;0;0;0;0;0;0;0;0;23768616.4;0;0;0;0;0;0;0;0;0;0;0;0;0;382769.9;0;1701007.9;0;0;0;0;0;0;0;0;0;0;0;0;0;0;34717064.4;0;0;0;0;0;0;0;0;0;0;0;0;0;0.0
2000M10;366202789.5;0;0;0;0;0;0;0;0;0;0;0;0;0;0;0;0;0;0;0;3217857.5;0;0;0;0;0;0;0;0;0;0;40759962.1;0;0;0;0;0;0;0;0;0;0;0;71842553.5;0;0;0;0;0;0;0;0;0;0;0;50224.0;0;0;0;0;0;0;0;30684139.7;0;0;0;0;0;0;0;0;0;0;1956507.0;0;0;0;0;0;0;0;0;0;709966.1;886121.2;0;0;0;0;0;10580503.7;3107083.2;32404470.2;0;0;13206569.1;0;0;0;0;0;0;0;0;22423237.6;0;0;0;0;0;0;0;6646924.6;0;0;0;0;0;0;0;0;0;0;0;0;0;0;0;0;0;0;0;0;0;0;0;0;0;0;0;0;0;0;0;0;0;0;0;0;0;0;0;0;0;0;0;0;0;0;0;0;0;0;1956768.6;0;0;0;0;0;0;0;30858460.2;0;0;0;0;0;0;0;0;0;0;0;0;0;0;0;1551185.6;0;0;471457.8;0;31278327.7;0;0;0;0;0;0;0;0;0;0;0;0;0;0;0;0;0;0;0;0;26635037.2;0;0;0;0;0;0;0;0;0;0;0;0;0;374857.0;0;5419643.4;0;0;0;0;0;0;0;0;0;0;0;0;0;0;29180932.4;0;0;0;0;0;0;0;0;0;0;0;0;0;0.0
2000M11;369880785.1;0;0;0;0;0;0;0;0;0;0;0;0;0;2723250.0;0;0;0;0;0;3994831.0;0;0;0;0;0;0;0;0;0;0;96233500.9;0;0;0;0;0;0;0;0;0;0;0;69258802.4;0;0;0;0;0;0;0;0;0;0;0;0;0;0;0;0;0;0;0;26177082.2;0;0;0;0;0;0;0;0;0;753669.5;429044.0;0;0;0;0;0;0;0;0;0;0;1860652.1;0;0;0;0;0;12660396.4;0;1921724.4;0;0;2155819.2;0;0;0;0;0;0;0;0;12338368.6;0;0;0;0;0;0;0;559838.7;0;0;0;0;0;0;0;0;0;0;0;0;0;0;0;0;0;0;0;0;0;857416.9;58885.0;0;0;0;0;0;0;0;0;0;0;0;0;0;0;0;0;0;0;0;0;0;0;0;0;0;0;0;543417.1;0;0;0;0;0;0;0;3350859.4;0;0;0;0;0;0;0;0;0;0;0;0;0;0;0;5101595.0;0;0;0;582283.0;44054161.0;0;0;0;0;0;0;0;0;0;0;0;0;0;0;0;0;0;0;0;0;42889471.5;0;0;0;0;0;0;0;0;0;0;0;0;0;279401.8;0;7619075.6;0;0;0;0;0;0;0;0;0;0;0;0;0;0;33477239.7;0;0;0;0;0;0;0;0;0;0;0;0;0;0.0
2000M12;375642628.1;0;0;0;0;0;0;0;0;0;0;0;0;0;0;0;0;0;0;0;3970699.3;0;0;0;0;0;0;0;0;0;0;73954675.9;0;0;0;0;0;0;0;0;0;0;0;114707790.0;0;0;0;0;0;0;0;0;0;0;0;32299.0;0;0;0;0;0;0;0;39201855.4;0;0;0;0;0;0;0;0;0;1194835.2;5895192.0;0;0;0;0;0;0;0;0;0;0;0;0;0;0;0;0;8009176.0;0;737213.0;123624.8;0;3819751.1;0;0;0;0;0;0;0;0;12144534.7;0;0;0;0;0;0;0;1747302.4;0;0;0;0;0;0;0;0;0;0;0;0;0;0;0;0;0;0;0;0;0;0;184765.1;0;0;0;0;0;0;0;0;0;0;0;0;0;0;0;0;0;0;0;0;0;0;0;0;0;0;0;658332.1;0;0;0;0;0;0;0;16403613.3;0;0;0;0;0;0;0;0;0;0;0;0;0;0;0;101746.7;0;0;0;0;16239222.5;0;0;0;0;0;0;0;0;0;0;0;0;0;0;0;0;0;0;0;0;47903333.5;0;0;0;0;0;0;0;0;0;0;0;0;0;754041.5;0;2581512.9;0;0;0;0;0;0;0;0;0;0;0;0;0;0;25277111.7;0;0;0;0;0;0;0;0;0;0;0;0;0;0.0
2001M01;282024263.7;0;0;0;0;0;0;0;0;0;0;0;0;0;0;0;0;0;0;0;1550609.2;0;0;0;0;0;0;0;0;0;0;51398625.0;0;0;0;0;0;0;0;0;0;0;0;57067908.8;0;0;0;0;0;0;0;0;0;0;0;0;0;0;0;0;0;0;0;25746240.8;0;0;0;0;0;0;0;0;0;1130765.4;391509.0;0;0;0;0;0;0;0;0;0;0;0;0;0;0;0;0;7841879.3;0;581903.6;0;0;11203014.3;0;0;0;0;0;0;0;0;3733915.0;0;0;0;0;0;0;482.0;590166.5;0;0;0;0;0;0;0;0;0;0;0;0;0;0;0;0;0;0;0;0;0;1158432.7;18270.8;0;0;0;0;0;0;0;0;0;0;0;0;0;0;0;0;0;0;0;0;0;0;0;0;0;0;0;5179158.8;0;0;0;0;0;0;0;33960613.5;0;0;0;0;0;0;0;0;0;0;0;0;0;0;36871.0;0;0;0;0;0;12127449.1;0;0;0;0;0;0;0;0;0;0;0;0;0;0;0;0;0;0;0;0;38185150.8;0;0;0;0;0;0;0;0;0;0;0;0;0;616717.9;0;2074538.1;0;0;0;0;0;0;0;0;0;0;0;0;0;0;27430042.2;0;0;0;0;0;0;0;0;0;0;0;0;0;0.0
2001M02;356590733.1;0;0;0;0;0;0;0;0;0;0;0;0;0;0;0;0;0;0;0;975730.1;0;0;0;0;0;0;0;0;0;0;53622682.6;0;0;0;0;0;0;0;0;0;0;0;104679329.3;0;0;0;0;0;0;0;0;0;0;0;754771.1;0;0;0;0;0;36921.0;0;32699865.5;0;0;0;0;0;0;0;0;0;1821329.1;127613.0;0;0;0;0;0;0;0;0;0;0;0;0;0;0;0;0;9369149.7;63880.0;1183100.0;0;0;13681977.1;0;0;0;0;0;0;0;0;9501974.9;0;0;0;0;0;0;0;1421822.0;0;0;0;0;0;0;0;0;0;0;0;0;0;0;0;0;0;0;0;0;0;0;0;0;0;0;0;0;0;0;0;0;0;0;0;0;0;0;0;0;0;0;0;0;0;0;0;0;0;0;1168612.5;0;1309346.5;0;0;0;0;0;21756418.6;0;0;0;0;0;0;0;0;0;0;0;0;0;0;0;0;0;0;0;501770.0;13978021.1;0;0;0;0;0;0;0;0;0;0;0;0;0;0;0;0;0;0;0;0;55560400.2;0;0;0;0;0;0;0;0;0;0;0;0;0;1576649.1;0;2185594.8;0;0;0;0;0;0;0;0;0;0;0;0;0;0;28613774.9;0;0;0;0;0;0;0;0;0;0;0;0;0;0.0
2001M03;465170071.6;0;0;0;0;0;0;0;0;0;0;0;0;0;1068.0;0;0;0;0;0;3935172.5;0;0;0;0;0;0;0;0;0;0;83798000.0;0;0;0;0;0;0;0;0;0;0;0;110279921.8;0;0;0;0;0;0;0;0;0;0;0;719019.1;0;0;0;0;0;569.0;0;48848016.7;0;0;0;0;0;0;0;0;0;496786.6;0;0;0;0;0;0;0;0;0;0;0;0;0;0;0;0;0;13233068.8;0;2859641.2;0;0;13772745.7;0;0;0;0;0;0;0;0;8032789.8;0;0;0;0;0;0;1160000.0;6395342.7;0;0;0;0;0;0;0;0;0;0;0;0;0;0;0;0;0;0;0;0;0;433713.2;0;0;0;0;0;0;0;0;0;0;0;0;0;0;0;0;0;0;0;0;0;0;0;0;0;0;0;0;5254292.0;0;0;0;0;0;0;0;37792745.2;0;0;0;0;0;0;0;0;0;0;0;0;0;0;15905.0;0;0;0;0;762215.4;12789223.3;0;0;0;0;0;0;0;0;0;0;0;0;0;0;0;0;0;0;0;0;75798348.0;0;0;0;0;0;0;0;0;0;0;279206.3;0;0;1821466.9;0;5473485.5;0;0;679900.5;0;0;0;0;0;0;0;0;0;0;0;30537428.4;0;0;0;0;0;0;0;0;0;0;0;0;0;0.0
2001M04;420434804.3;0;0;0;0;0;0;0;0;0;0;0;0;0;0;0;0;0;0;0;1190632.8;0;0;0;0;0;0;0;0;0;0;113107105.2;0;0;0;0;0;0;0;0;0;0;0;94938435.2;0;0;0;0;0;0;0;0;294461.0;0;0;0;0;0;0;0;0;0;0;32034085.8;0;0;0;0;0;0;0;0;0;614708.8;40125929.0;0;0;0;0;0;0;0;0;0;0;0;0;0;0;0;0;9537990.1;0;8175785.3;0;0;9898899.0;0;0;0;0;0;0;0;0;12162694.7;0;0;0;0;0;0;0;1908309.2;0;0;0;0;0;0;0;0;0;0;0;0;0;0;0;0;0;0;0;0;0;659448.3;54308.2;0;0;0;0;0;0;0;0;0;0;0;0;0;0;0;0;0;0;0;0;0;0;0;9500000.0;0;0;0;2892814.1;0;0;0;0;0;0;0;6057092.0;0;0;0;0;0;0;0;0;0;0;0;0;0;0;0;924464.8;0;0;0;0;7360339.6;0;0;0;0;0;0;0;0;0;0;0;0;0;0;0;0;0;0;0;0;42194789.6;0;0;0;0;0;0;0;0;0;0;0;0;0;763992.8;0;2981635.5;0;0;0;0;0;0;0;0;0;0;0;0;0;0;23056883.6;0;0;0;0;0;0;0;0;0;0;0;0;0;0.0
2001M05;254968373.1;0;0;0;0;0;0;0;0;0;0;0;0;0;0;0;0;0;0;0;411714.6;0;0;0;0;0;0;0;0;0;0;51693101.6;0;0;0;0;0;0;0;0;0;0;0;70691268.0;0;0;0;0;0;0;0;0;0;0;0;0;0;0;0;0;0;0;0;26466661.2;0;0;0;0;0;0;0;0;0;780244.4;54470.0;0;0;0;0;0;0;0;0;0;462478.4;0;0;0;0;0;0;7236365.7;472971.3;14614023.3;0;0;5759975.0;0;0;0;0;0;0;0;0;11723404.5;0;0;0;0;0;0;0;297537.0;0;0;0;0;0;0;0;0;0;0;0;0;0;0;0;0;0;0;0;0;0;819502.1;16814.5;0;0;0;0;0;0;0;0;0;0;0;0;0;0;0;0;0;0;0;0;0;0;0;0;0;0;0;490320.1;0;0;0;0;0;0;0;6373788.7;0;0;0;0;0;0;0;0;0;0;0;0;0;0;0;0;0;0;0;0;13713704.1;0;0;0;0;0;0;0;0;0;0;0;0;0;0;0;0;0;0;0;0;25983782.0;0;0;0;0;0;0;0;0;0;0;274241.8;0;0;1159641.3;0;783917.6;0;0;0;0;0;0;0;0;0;0;0;0;0;0;14688445.6;0;0;0;0;0;0;0;0;0;0;0;0;0;0.0
2001M06;374071807.6;0;0;0;0;0;0;0;0;0;0;0;0;0;0;0;0;0;0;0;3021839.8;0;0;0;0;0;0;0;0;0;0;51634859.1;0;0;0;0;0;0;0;0;0;0;0;80786490.4;0;0;0;0;0;0;0;0;0;0;0;574529.4;0;0;0;0;0;0;0;44725689.8;0;0;0;0;0;0;0;0;0;1310825.4;8322695.9;0;0;0;0;0;0;0;0;0;0;0;0;0;0;0;0;14656417.0;0;9448659.3;0;0;8580043.9;0;0;0;0;0;0;0;0;6764319.7;0;0;0;0;0;0;0;2660531.2;0;0;0;0;0;0;0;0;0;0;0;0;0;0;0;0;0;0;0;0;0;465241.5;57669.8;0;0;0;0;0;0;0;0;0;0;0;0;0;0;0;0;0;0;0;0;0;0;0;0;0;0;0;1942096.5;0;0;0;0;0;0;0;44622322.7;0;0;0;0;0;0;0;0;0;0;0;0;0;0;0;0;0;0;0;0;10769030.4;0;0;0;0;0;0;0;0;0;0;0;0;0;0;0;0;0;0;0;0;41508978.3;0;0;0;0;0;0;0;0;0;0;0;0;0;724798.5;0;11114842.7;0;0;0;577060.0;0;0;0;0;0;0;0;0;0;0;29802866.0;0;0;0;0;0;0;0;0;0;0;0;0;0;0.0
2001M07;358969452.9;0;0;0;0;0;0;0;0;0;0;0;0;0;0;0;0;0;0;0;3282052.2;0;0;0;0;0;0;0;0;0;0;94010537.0;0;0;0;0;0;0;0;0;0;0;0;87290844.6;0;0;0;0;0;0;0;0;0;0;0;348400.2;0;0;0;0;0;0;0;35316707.5;0;0;0;0;0;0;0;0;0;839468.0;832604.0;0;0;0;0;0;0;0;0;0;0;0;0;0;0;0;0;8274917.4;0;8136891.3;0;0;12359492.4;0;0;0;0;0;0;0;0;9770045.3;0;0;0;0;0;0;0;5468710.8;0;0;0;0;0;0;0;0;0;0;0;0;0;0;0;0;7974.0;0;0;0;0;695429.9;60487.0;0;0;0;0;0;0;0;0;0;0;0;0;0;0;0;0;0;0;0;0;0;0;0;0;0;0;0;1915561.1;0;0;0;0;0;0;0;15314012.1;0;0;0;0;0;0;0;0;0;0;0;0;0;0;0;0;0;0;0;607972.5;7073761.3;0;0;0;0;0;0;0;0;0;0;0;0;0;0;0;0;0;0;0;0;38813956.6;0;0;0;0;0;0;0;0;0;0;0;0;0;310799.2;0;5852373.6;0;0;0;0;0;0;0;0;0;0;0;0;0;0;22386454.8;0;0;0;0;0;0;0;0;0;0;0;0;0;0.0
2001M08;309453074.5;0;0;0;0;0;0;0;0;0;0;0;0;0;0;0;0;0;0;0;2177003.7;0;0;0;0;0;0;0;0;0;0;51498155.7;0;0;0;0;0;0;0;0;0;0;0;110580296.5;0;0;0;0;0;0;0;0;453600.0;0;0;1075179.3;0;0;0;0;0;0;0;38592386.6;0;0;0;0;0;0;0;0;0;2063032.7;200308.0;0;0;0;0;0;0;0;0;0;0;0;0;0;0;0;0;3988967.7;0;2168254.1;0;0;1955671.6;0;0;0;0;0;0;0;0;3962827.8;0;0;0;0;0;0;0;8683588.0;0;0;0;0;0;0;0;0;0;0;0;0;0;58812.0;0;0;0;0;0;0;0;383410.9;27046.6;0;0;0;0;0;0;0;0;0;0;0;0;0;0;0;0;0;0;0;0;0;0;0;0;0;0;0;1822959.2;0;0;0;0;0;0;0;15562827.2;0;0;0;0;0;0;0;0;0;0;0;0;0;0;1080031.0;0;0;0;0;0;7084838.7;0;0;0;0;0;0;0;0;0;0;0;0;0;0;0;0;0;0;0;0;24731989.6;0;0;0;0;0;0;0;0;0;0;1951207.6;0;0;779234.9;0;4792968.5;0;0;0;375109.7;0;0;0;0;0;0;0;0;0;0;23403366.9;0;0;0;0;0;0;0;0;0;0;0;0;0;0.0
2001M09;397145932.5;0;0;0;0;0;0;0;0;0;0;0;0;0;0;0;0;0;0;0;3651804.8;0;0;0;0;0;0;0;0;0;0;63313038.5;0;0;0;0;0;0;0;0;0;0;0;98621352.4;0;0;0;0;0;0;0;0;0;0;0;533493.1;0;0;0;0;0;213939.3;0;47291044.9;0;0;0;0;0;0;0;0;0;2387596.0;4603133.0;0;0;0;0;0;0;0;0;0;1613310.9;0;0;0;0;0;0;14294315.3;371720.0;2592960.4;0;0;8183561.4;0;0;0;0;0;0;0;0;6069252.0;0;0;0;0;0;0;0;6439368.2;0;0;0;0;0;0;0;0;0;0;0;0;0;0;0;0;0;0;0;0;0;1098075.4;62729.9;0;0;0;0;0;0;0;0;0;0;0;0;0;0;0;0;0;0;0;0;0;0;0;0;0;0;0;4269268.3;0;0;502865.1;0;0;0;0;48498974.0;0;0;0;0;0;0;0;0;0;0;0;0;0;0;448785.0;0;0;0;0;0;4969049.4;0;0;0;0;0;0;0;0;0;0;0;0;0;0;0;0;0;0;0;0;39978691.1;0;0;0;0;0;0;0;0;0;0;1633490.3;0;0;738916.6;0;1597870.6;0;0;0;445721.8;0;0;0;0;0;0;0;0;0;0;32461208.1;0;260396.9;0;0;0;0;0;0;0;0;0;0;0;0.0
2001M10;383266450.2;0;0;0;0;0;0;0;0;0;0;0;0;0;0;0;0;0;0;0;2693427.0;0;0;0;0;0;0;0;0;0;0;40786141.9;0;0;0;0;0;0;0;0;0;0;0;91017474.8;0;0;0;0;0;0;0;0;0;0;0;532861.0;0;0;0;0;0;136593.0;0;39680371.0;0;0;0;0;0;0;0;0;0;1120358.5;57363.0;0;0;0;0;0;0;0;0;0;0;0;0;0;0;0;0;15428101.4;0;1683013.4;0;0;2379886.3;0;0;0;0;0;0;0;0;7984506.3;0;0;0;0;0;0;0;2143160.8;0;0;0;0;0;0;0;0;0;0;0;0;0;0;0;0;0;0;0;0;0;720268.2;17202.6;0;0;0;0;0;0;0;0;0;0;0;0;0;0;0;0;0;0;0;0;0;0;0;0;0;0;0;742603.1;0;0;0;0;0;0;0;79467596.9;0;0;0;0;0;0;0;0;0;0;0;0;0;0;290391.0;69000.0;0;0;0;1600185.5;15834631.7;0;0;0;0;0;0;0;0;0;0;0;0;0;0;0;0;0;0;0;0;45487490.8;0;0;0;0;0;0;0;0;0;0;0;0;0;613435.7;0;2716464.5;0;0;0;0;0;0;0;0;0;0;0;0;0;0;29901718.1;0;162203.9;0;0;0;0;0;0;0;0;0;0;0;0.0
2001M11;382407254.5;0;0;0;0;0;0;0;0;0;0;0;0;0;0;0;0;0;0;0;1735954.6;0;0;0;0;0;0;0;0;0;0;63189393.0;0;0;0;0;0;0;0;0;0;0;0;114239002.5;0;0;0;0;0;0;0;0;0;0;0;1000968.9;0;0;0;0;0;1057864.0;0;34833482.0;0;0;0;0;0;0;0;0;0;813194.5;79420.0;0;0;0;0;0;0;0;0;0;0;0;0;0;0;0;0;21337521.6;0;910284.5;0;0;6800688.5;0;0;0;0;0;0;0;0;5173224.9;0;0;0;0;0;0;0;8966159.9;0;0;0;0;0;0;0;0;0;0;0;0;0;0;0;0;0;0;0;0;0;0;20859.5;0;0;0;0;0;0;0;0;0;0;0;0;0;0;0;0;0;0;0;0;0;0;0;0;0;0;0;5855401.7;0;1375841.0;0;0;0;730521.4;0;24503170.7;0;0;0;0;0;0;0;0;0;0;0;0;0;0;549821.1;0;0;0;0;233040.8;5123251.8;0;0;0;0;0;0;0;0;0;0;0;0;0;0;0;0;0;0;0;0;41663839.8;0;0;0;0;0;0;0;0;0;0;0;0;0;1243753.8;0;1540592.7;0;0;0;0;0;0;0;0;0;0;0;0;0;0;39272618.6;0;157382.9;0;0;0;0;0;0;0;0;0;0;0;0.0
2001M12;326024356.9;0;0;0;0;0;0;0;0;0;0;0;0;0;0;0;0;0;0;0;3220441.9;0;0;0;0;0;0;0;0;0;0;74378360.2;0;0;0;0;0;0;0;0;0;0;0;76783510.9;0;0;0;0;0;0;0;0;0;0;0;0;0;0;0;0;0;853301.4;0;18995611.1;0;0;0;0;0;0;0;0;0;0;3221079.0;0;0;0;0;0;0;0;0;0;0;0;0;0;0;0;0;13256912.7;0;1132814.0;0;0;12886020.5;0;0;0;0;0;0;0;0;5379104.8;0;0;0;0;0;0;0;2808325.5;0;0;0;0;0;0;0;0;0;0;0;0;0;0;0;0;0;0;0;0;0;372480.7;48591.1;0;0;0;0;0;0;0;0;0;0;0;0;0;0;0;0;0;0;0;0;0;0;0;0;0;0;0;2328291.9;0;1444707.8;0;0;0;0;0;32309511.7;0;0;0;0;0;0;0;0;0;555771.2;0;0;0;0;7268.0;0;0;0;0;292248.0;10077975.7;0;0;0;0;0;0;0;0;0;0;0;0;0;0;0;0;0;0;0;0;37954167.2;0;0;0;0;0;0;0;0;0;0;0;0;0;841696.1;0;4205538.8;0;0;0;0;0;0;0;0;0;0;0;0;0;0;22468655.0;0;201971.8;0;0;0;0;0;0;0;0;0;0;0;0.0
2002M01;306270987.3;0;0;0;0;0;0;0;0;0;0;0;0;0;0;0;0;0;0;0;2435379.4;0;0;0;0;0;0;0;0;0;0;43827081.4;0;0;0;0;0;0;0;0;0;0;0;86279668.3;0;0;0;0;0;0;0;0;0;0;0;999713.9;0;0;0;0;0;1112883.2;0;24212590.6;0;0;0;0;0;0;0;0;0;1074239.6;1361022.0;0;0;0;0;0;0;0;0;0;1132945.6;0;0;0;0;0;0;9831665.8;0;4297333.3;0;0;14811225.8;0;0;0;0;0;0;0;0;3655446.5;0;0;0;0;0;0;0;0;0;0;0;0;0;0;0;0;0;0;0;0;0;0;0;0;0;0;0;0;0;1439288.2;0;0;0;0;0;0;0;0;0;0;0;0;0;0;0;0;0;0;0;0;0;0;0;0;0;0;0;0;2859578.6;0;587764.1;0;0;0;0;0;30394855.5;0;0;0;0;0;0;0;0;0;0;0;0;0;0;0;0;0;0;0;0;6224205.3;0;0;0;0;0;0;0;0;0;0;0;0;0;0;0;0;0;0;0;0;41354264.9;0;0;0;0;0;0;0;0;0;0;0;0;0;259934.0;0;5861299.1;0;0;0;0;0;0;0;0;0;0;0;0;0;0;22258602.3;0;0;0;0;0;0;0;0;0;0;0;0;0;0.0
2002M02;314600523.9;0;0;0;0;0;0;0;0;0;0;0;0;0;0;0;0;0;0;0;1228372.9;0;0;0;0;0;0;0;0;0;0;53642925.9;0;0;0;0;0;0;0;0;0;0;0;61667496.0;0;0;0;0;0;0;0;0;0;0;0;0;0;0;0;0;0;724600.0;0;23147562.7;0;0;0;0;0;0;0;962459.3;0;2019962.9;946079.0;0;0;0;0;0;0;0;0;0;0;0;0;0;0;0;0;8019867.1;2000.0;5242268.4;0;0;25652491.2;0;0;0;0;0;0;0;0;8177353.5;0;0;0;0;0;0;0;0;0;0;0;0;0;0;0;0;0;0;0;0;0;0;0;0;0;0;0;0;0;140103.3;752032.7;0;0;0;0;0;0;0;0;0;0;0;0;0;0;0;0;0;0;0;0;0;0;0;0;0;0;0;2385306.5;0;2261966.4;0;0;0;0;0;15504974.1;0;0;0;0;0;0;0;0;0;0;0;0;0;0;718406.0;0;0;0;0;876563.9;13334401.8;0;0;0;0;0;0;0;0;0;0;0;0;0;0;0;0;0;0;0;0;55531597.2;0;0;0;0;0;0;0;0;0;0;0;0;0;477454.3;0;7681548.9;0;0;0;0;0;0;0;0;0;0;0;0;3000000.0;0;20314658.7;0;188071.2;0;0;0;0;0;0;0;0;0;0;0;0.0
2002M03;395672384.9;0;0;0;0;0;0;0;0;0;0;0;0;0;0;0;0;0;0;0;1092427.6;0;0;0;0;0;0;0;0;0;0;68515662.0;0;0;0;0;0;0;0;0;0;0;0;80193467.8;0;0;0;0;0;0;0;0;273780.0;0;0;0;0;0;0;0;0;399092.0;0;32805666.7;0;0;0;0;0;0;0;0;0;3761640.9;592848.0;0;0;0;0;0;0;0;0;0;2256376.9;0;0;0;0;0;0;12479916.7;310600.0;4143912.4;0;0;21822923.3;0;0;0;0;0;0;0;0;11615812.9;0;0;0;0;0;0;0;0;0;0;0;0;0;0;0;0;0;0;0;0;0;0;0;0;0;0;0;0;0;853301.4;0;0;0;0;0;0;0;0;0;0;0;0;0;0;0;0;0;0;0;0;0;0;0;0;0;0;0;0;3718284.6;2566074.0;620950.1;0;0;0;0;0;42253843.9;0;0;0;0;0;0;0;0;0;0;0;0;0;0;1265280.0;0;0;0;0;6804554.0;15512312.1;0;0;0;0;0;0;0;0;0;0;0;0;0;0;0;0;0;0;0;0;45655332.7;0;0;0;0;0;0;0;0;0;0;0;0;0;870885.6;0;7451673.6;0;0;0;0;0;0;0;0;0;0;0;0;0;0;27465873.8;0;369892.1;0;0;0;0;0;0;0;0;0;0;0;0.0
2002M04;377203707.6;0;0;0;0;0;0;0;0;0;0;0;0;0;0;0;0;0;0;0;2255940.8;0;0;0;0;0;0;0;0;0;0;137354036.7;0;0;0;0;0;0;0;0;0;0;0;76882291.7;0;0;0;0;0;0;0;0;0;0;0;0;0;0;0;0;0;420033.4;0;21682595.4;0;0;0;0;0;0;0;0;0;1592444.8;123550.0;0;0;0;0;0;0;0;0;0;0;0;0;0;0;0;0;8945224.1;0;8848836.9;0;0;9300826.9;0;0;0;0;0;0;0;0;9354630.3;0;0;0;0;0;0;0;0;0;0;0;0;0;0;0;0;0;0;0;0;0;0;0;0;0;0;0;0;0;0;16763.4;0;0;0;0;0;0;0;0;0;0;0;0;0;0;0;0;0;0;0;0;0;0;0;0;0;0;0;2393719.1;0;1987148.8;0;0;0;0;0;15314121.8;0;0;0;0;0;0;0;0;0;0;0;0;0;0;304200.0;0;0;0;0;1347704.7;13110211.6;0;0;0;0;0;0;0;0;0;0;0;0;0;0;0;0;0;0;0;0;33949241.0;0;0;0;0;0;0;0;0;0;0;0;0;0;676468.8;0;4450152.9;0;0;0;0;0;0;0;0;0;0;0;0;0;0;26893564.6;0;0;0;0;0;0;0;0;0;0;0;0;0;0.0
2002M05;369263037.0;0;0;0;0;0;0;0;0;0;0;0;0;0;0;0;0;0;0;0;4139354.4;0;0;0;0;0;0;0;0;0;0;97513881.0;0;0;0;0;0;0;0;0;0;0;0;75803817.5;0;0;0;0;0;0;0;0;0;0;0;430064.4;0;0;0;0;0;424925.6;0;41450209.5;0;0;0;0;0;0;0;0;0;689196.7;369901.0;0;0;0;0;0;0;0;0;0;1739452.2;0;0;0;0;0;0;15809669.7;398720.0;4274431.7;0;0;18654321.0;0;0;0;0;0;0;0;0;9305176.1;0;0;0;0;0;0;0;37216.4;0;0;0;0;0;0;0;0;0;0;0;0;0;0;0;0;0;0;0;0;0;0;31633.5;0;0;0;0;0;0;0;0;0;0;0;0;0;0;0;0;0;0;0;0;0;0;0;0;0;0;0;2059586.6;0;1253972.1;0;0;0;0;0;7156231.5;0;0;0;0;0;0;0;0;0;0;0;0;0;0;529450.0;0;0;0;0;248562.8;13577156.8;0;0;0;0;0;0;0;0;0;0;0;0;0;0;0;0;0;0;0;0;41987721.5;0;0;0;0;0;0;0;0;0;0;0;0;0;535470.9;0;5456612.2;0;0;0;0;0;0;0;0;0;0;0;0;0;0;25233998.6;0;152303.4;0;0;0;0;0;0;0;0;0;0;0;0.0
2002M06;316108482.8;0;0;0;0;0;0;0;0;0;0;0;0;0;0;0;0;0;0;0;1246528.8;0;0;0;0;0;0;0;0;0;0;70186844.3;0;0;0;0;0;0;0;0;0;0;0;71107786.2;0;0;0;0;0;0;0;0;0;0;0;0;0;0;0;0;0;399321.0;0;21844062.0;0;0;0;0;0;0;0;0;0;1452964.0;219230.0;0;0;0;0;0;0;0;0;0;0;0;0;0;0;0;0;21080963.5;0;2483858.0;0;0;11815624.6;0;0;0;0;0;0;0;0;4009191.9;0;0;0;0;0;0;0;1410381.7;0;0;0;0;0;0;0;0;0;0;0;0;0;0;0;0;0;0;0;0;0;0;126962.7;0;0;0;0;0;0;0;0;0;0;0;0;0;0;0;0;0;0;0;0;0;0;0;0;0;0;0;6495928.7;0;2872238.9;0;0;0;0;0;22310298.9;0;0;0;0;0;0;0;0;0;0;0;0;0;0;1000343.2;0;0;0;0;218408.5;8550599.2;0;0;0;0;0;0;0;0;0;0;0;0;0;0;0;0;0;0;0;0;41923505.7;0;0;0;0;0;0;0;0;0;0;0;0;0;937204.0;0;1323950.0;0;0;0;0;0;0;0;0;0;0;0;0;0;0;22843644.8;0;248642.2;0;0;0;0;0;0;0;0;0;0;0;0.0
2002M07;363261316.3;0;0;0;0;0;0;0;0;0;0;0;0;0;0;0;0;0;0;0;1579627.4;0;0;0;0;0;0;0;0;0;0;141068465.4;0;0;0;0;0;0;0;0;0;0;0;61250403.4;0;0;0;0;0;0;0;0;0;0;0;497442.0;0;0;0;0;0;624452.0;0;24340744.9;0;0;0;0;0;0;0;0;0;1152405.7;204291.0;0;0;0;0;0;0;0;0;0;0;0;0;0;0;0;0;12756433.9;425120.0;6111309.5;0;0;10378180.8;0;0;0;0;0;0;0;0;2608642.6;0;0;0;0;0;0;0;8577225.4;0;0;0;0;0;0;0;0;0;0;0;0;0;0;0;0;0;0;0;0;0;0;51009.4;0;0;0;0;0;0;0;0;0;0;0;0;0;0;0;0;0;0;0;0;0;0;0;0;0;0;0;3320607.5;0;1745879.0;0;0;0;0;0;9623032.5;0;0;0;0;0;0;0;0;0;0;0;0;0;0;329820.0;16441355.6;0;0;0;155562.0;3866754.5;0;0;0;0;0;0;0;0;0;0;0;0;0;0;0;0;0;0;0;0;30795208.8;0;0;0;0;0;0;0;0;0;0;0;0;0;367974.9;0;1011695.0;0;0;3230939.4;0;0;0;0;0;0;0;0;0;0;0;20553041.2;0;193692.7;0;0;0;0;0;0;0;0;0;0;0;0.0
2002M08;304462740.3;0;0;0;0;0;0;0;0;0;0;0;0;0;0;0;0;0;0;0;2741364.0;0;0;0;0;0;0;0;0;0;0;83922199.9;0;0;0;0;0;0;0;0;0;0;0;69177787.0;0;0;0;0;0;0;0;0;0;0;0;40972.8;0;0;0;0;0;784079.2;0;26124000.2;0;0;0;0;0;0;0;0;0;727950.0;78370.0;0;0;0;0;0;0;0;0;0;165069.3;0;0;0;0;0;0;13904646.7;0;3143832.2;0;0;6940193.5;0;0;0;0;0;0;0;0;5760057.0;0;0;0;0;0;0;0;4478795.6;0;0;0;0;0;0;0;0;0;0;0;0;0;0;0;0;0;0;0;0;0;0;54954.1;0;0;0;0;0;0;0;0;0;0;0;0;0;0;0;0;0;0;0;0;0;0;0;0;0;0;0;2170338.0;0;1686214.0;0;0;0;0;0;14623439.8;0;0;0;0;0;0;0;0;0;0;0;0;0;0;4329380.8;3351497.9;0;0;0;4712484.0;5951637.2;0;0;0;0;0;0;0;0;0;0;0;0;0;0;0;0;0;0;0;0;22994553.7;0;0;0;0;0;0;0;0;0;0;0;0;0;563893.7;0;4448104.7;0;0;0;0;0;0;0;0;0;0;0;0;0;0;21586925.1;0;0;0;0;0;0;0;0;0;0;0;0;0;0.0
2002M09;348827847.1;0;0;0;0;0;0;0;0;0;0;0;0;0;0;0;0;0;0;0;1465516.3;0;0;0;0;0;0;0;0;0;0;83622645.9;0;0;0;0;0;0;0;0;0;0;0;71095900.5;0;0;0;0;0;0;0;0;0;0;0;0;0;0;0;0;0;2388643.1;0;27633236.8;0;0;0;0;0;0;0;0;0;2674765.1;2338.0;0;0;0;0;0;0;0;0;0;0;0;0;0;0;0;0;21711389.8;0;2947742.9;0;0;14123742.2;0;0;0;0;0;0;0;0;9240388.8;0;0;0;0;0;0;0;2435583.8;0;0;0;0;0;0;0;0;0;0;0;0;0;0;0;0;0;0;0;0;0;0;27619.8;0;0;0;0;0;0;0;0;0;0;0;0;0;0;0;0;0;0;0;0;0;0;0;0;0;0;0;1086306.0;0;2776518.1;0;0;0;0;0;28945832.9;0;0;0;0;0;0;0;0;0;0;0;0;0;0;43575.0;0;0;0;0;8148691.9;9321535.0;0;0;0;0;0;0;0;0;0;0;0;0;0;0;0;0;0;0;0;0;31545677.6;0;0;0;0;0;0;0;0;0;0;0;0;0;595177.2;0;3268548.2;0;0;0;0;0;0;0;0;0;0;0;0;0;0;23334293.2;0;392179.0;0;0;0;0;0;0;0;0;0;0;0;0.0
2002M10;458219686.9;0;0;0;0;0;0;0;0;0;0;0;0;0;0;0;0;0;0;0;4043983.5;0;0;0;0;0;0;0;0;0;0;99884369.0;0;0;0;0;0;0;0;0;0;0;0;80383782.2;0;0;0;0;0;0;0;0;0;0;0;985796.2;0;0;0;0;0;1278672.8;0;32400992.4;0;0;0;0;0;0;0;0;0;2085471.6;121267.0;0;0;0;0;0;0;0;0;0;0;0;0;0;0;0;0;24387264.7;421520.0;126403.5;0;0;14491933.4;0;0;0;0;0;0;0;0;6378980.5;0;0;0;0;0;0;0;5503347.7;0;0;0;0;0;0;0;0;0;0;0;0;0;0;0;0;0;0;0;0;0;852128.0;83377.8;0;0;0;0;0;0;0;0;0;0;0;0;0;0;0;0;0;0;0;0;0;0;0;1007169.0;0;0;0;14641606.7;0;2401518.8;0;0;0;0;0;76230915.7;0;0;0;0;0;0;0;0;0;0;0;0;0;0;537379.3;4251898.0;0;0;0;1017364.3;11027130.5;0;0;0;0;0;0;0;0;0;0;0;0;0;0;0;0;0;0;0;0;42442529.2;0;0;0;0;0;0;0;0;0;0;0;0;0;722169.2;0;5048417.1;0;0;2504163.4;0;0;0;0;0;0;0;0;0;0;0;22757525.0;0;200610.6;0;0;0;0;0;0;0;0;0;0;0;0.0
2002M11;408777561.6;0;0;0;0;0;0;0;0;0;0;0;0;0;0;0;0;0;0;0;1636929.2;0;0;0;0;0;0;0;0;0;0;87700675.0;0;0;0;0;0;0;0;0;0;0;0;68251886.9;0;0;0;0;0;0;0;0;327027.7;0;0;656876.8;0;0;0;0;0;5099769.2;0;35375690.7;0;0;0;0;0;0;0;0;0;961006.0;55025637.0;0;0;0;0;0;0;0;0;0;0;0;0;0;0;0;0;17676728.7;14883.7;1691521.4;0;0;13992620.9;0;0;0;0;0;0;0;0;5013435.9;0;0;0;0;0;0;0;0;0;0;0;0;0;0;0;0;0;0;0;0;0;0;0;0;0;0;0;0;0;0;329864.0;0;0;0;0;0;0;0;0;0;0;0;0;0;0;0;0;0;0;0;0;0;0;0;0;0;0;0;3510703.0;0;3984077.3;0;0;0;0;0;7668623.9;0;0;0;0;0;0;0;0;0;0;0;0;0;0;0;0;0;0;0;2126768.5;7199853.0;0;0;0;0;0;0;0;0;0;0;0;0;0;0;0;0;189957.9;0;0;0;51919183.4;0;0;0;0;0;0;0;0;0;0;0;0;0;1163767.4;0;2209667.0;0;0;2146006.5;490089.6;0;0;0;0;0;0;0;0;0;0;32330650.1;0;83661.1;0;0;0;0;0;0;0;0;0;0;0;0.0
2002M12;271762417.4;0;0;0;0;0;0;0;0;0;0;0;0;0;0;0;0;0;0;0;316604.6;0;0;0;0;0;0;0;0;0;0;56209464.3;0;0;0;0;0;0;0;0;0;0;0;48946753.4;0;0;0;0;0;0;0;0;0;0;0;262709.8;0;0;0;0;0;1217458.2;0;25246740.5;0;0;0;0;0;0;0;0;0;281831.7;9010.0;0;0;0;0;0;0;0;0;0;0;0;0;0;0;0;0;8301362.1;417120.0;1639030.8;0;0;8859944.7;0;0;0;0;0;0;0;0;6446635.9;0;0;0;0;0;0;0;532830.5;0;0;0;0;0;0;0;0;0;0;0;0;0;0;0;0;0;0;0;0;0;0;41300.8;0;0;0;0;0;0;0;0;0;0;0;0;0;0;0;0;0;0;0;0;0;0;0;0;0;0;0;2633980.2;0;1984721.2;0;0;0;0;0;30073767.7;0;0;0;0;0;0;0;0;0;0;0;0;0;0;418306.8;0;0;0;0;2334257.3;7985806.5;0;0;0;0;0;0;0;0;0;0;0;0;0;0;0;0;0;0;0;0;39460023.5;0;0;0;0;0;0;0;0;0;0;0;0;0;904152.5;0;7358693.0;0;0;0;0;0;0;0;0;0;0;0;0;0;0;19879911.4;0;0;0;0;0;0;0;0;0;0;0;0;0;0.0
2003M01;302813281.9;0;0;0;0;0;0;0;0;0;0;0;0;0;0;0;0;0;0;0;1640584.8;0;0;0;0;0;0;0;0;0;0;63257825.7;0;0;0;0;0;0;0;0;0;0;0;67188233.2;0;0;0;0;0;0;0;0;118828.9;0;0;690521.0;0;0;0;0;0;1210212.0;0;36206237.2;0;0;0;0;0;0;0;0;0;712103.0;15000.0;0;0;0;0;0;0;0;0;0;0;0;0;0;0;0;0;9187928.5;188784.0;4379609.2;0;0;12597557.9;0;0;0;0;0;0;0;0;4249987.3;0;0;0;0;0;0;0;298851.5;0;0;0;0;0;0;0;0;0;0;0;0;0;0;0;0;0;0;0;0;0;0;13719.7;0;0;0;0;0;0;0;0;0;0;0;0;0;0;0;0;0;0;0;0;0;0;0;0;0;0;0;2222332.3;0;2475852.7;0;0;0;0;0;17061397.0;0;0;0;0;0;0;0;0;0;0;0;0;0;0;0;0;0;0;0;305312.7;5483661.5;0;0;0;0;0;0;0;0;0;0;0;0;0;0;0;0;0;0;0;0;53275569.0;0;0;0;0;0;0;0;0;0;0;0;0;0;343699.0;0;1753116.5;0;0;433014.1;0;0;0;0;0;0;0;0;0;0;0;17503343.3;0;0;0;0;0;0;0;0;0;0;0;0;0;0.0
2003M02;294286583.9;0;0;0;0;0;0;0;0;0;0;0;0;0;0;0;0;0;0;0;1687266.1;0;0;0;0;0;0;0;0;0;0;44315728.8;0;0;0;0;0;0;0;0;0;0;0;83727834.3;0;0;0;0;0;0;0;0;0;0;0;0;0;0;0;0;0;1686538.1;0;34780548.4;0;0;0;0;0;0;0;0;0;1298822.1;0;0;0;0;0;0;0;0;0;0;0;0;0;0;0;0;0;11044897.6;425120.0;12193215.2;0;0;12486631.9;0;0;0;0;0;0;0;0;7964714.0;0;0;0;0;0;0;0;0;0;0;0;0;0;0;0;0;0;0;0;0;0;0;0;0;0;0;0;0;0;0;454836.7;0;0;0;0;0;0;0;0;0;0;0;0;0;0;0;0;0;0;0;0;0;0;0;0;0;0;0;2436130.4;0;1875119.5;0;0;0;0;0;11345473.4;0;0;0;0;0;0;0;0;0;0;0;0;0;0;35680.0;0;0;0;0;969089.9;5037571.2;0;0;0;0;0;0;0;0;0;0;0;0;0;0;0;0;0;0;0;0;43018886.7;0;0;0;0;0;0;0;0;0;0;0;0;0;1060538.6;0;1986298.9;0;0;981858.6;0;0;0;0;0;0;0;0;0;0;0;13473783.4;0;0;0;0;0;0;0;0;0;0;0;0;0;0.0
2003M03;359148053.4;0;0;0;0;0;0;0;0;0;0;0;0;0;0;0;0;0;0;0;1791121.1;0;0;0;0;0;0;0;0;0;0;61629079.5;0;0;0;0;0;0;0;0;0;0;0;78050391.6;0;0;0;0;0;0;0;0;128029.4;0;0;689759.6;0;0;0;0;0;840904.0;0;45729866.6;0;0;0;0;0;0;0;0;0;1468330.4;27880.0;0;0;0;0;0;0;0;0;0;0;0;0;0;0;0;0;8430528.1;0;14769273.8;0;0;20016629.1;0;0;0;0;0;0;0;0;4998849.0;0;0;0;0;0;0;0;4772099.4;0;0;0;0;0;0;0;0;0;0;0;0;0;0;0;0;0;0;0;0;0;435960.6;55230.9;0;0;0;0;0;0;0;0;0;0;0;0;0;0;0;0;0;0;0;0;0;0;0;0;0;0;0;1779389.5;0;2570967.6;0;0;0;0;0;11662995.2;0;0;0;0;0;0;0;0;0;0;0;0;0;0;44600.0;0;0;0;0;2936617.3;7032579.0;0;0;0;0;0;0;0;0;0;0;0;0;0;0;0;0;0;0;0;0;66065955.2;0;0;0;0;0;0;0;0;0;0;0;0;0;887858.1;0;2555257.6;0;0;392976.5;80500.0;0;0;0;0;0;0;0;0;0;0;19124660.7;0;179763.7;0;0;0;0;0;0;0;0;0;0;0;0.0
2003M04;408621887.9;0;0;0;0;0;0;0;0;0;0;0;0;0;0;0;0;0;0;0;1594488.0;0;0;0;0;0;0;0;0;0;0;145174062.4;0;0;0;0;0;0;0;0;0;0;0;90551640.0;0;0;0;0;0;0;0;0;0;0;0;1773465.4;0;0;0;0;0;710890.0;0;38679888.1;0;0;0;0;0;0;0;0;0;565401.2;37854.0;0;0;0;0;0;0;0;0;0;0;0;0;0;0;0;0;6787461.9;1737153.3;9068642.4;0;0;19958980.8;0;0;0;0;0;0;0;0;4026827.2;0;0;0;0;0;0;0;8466022.5;0;0;0;0;0;0;0;0;0;0;490000.0;0;0;0;0;0;0;0;0;0;0;0;94590.4;0;0;0;0;0;0;0;0;0;0;0;0;0;0;0;0;0;0;0;0;0;0;0;0;0;0;0;1648413.4;0;3088237.8;0;0;0;0;0;4790826.6;0;0;0;0;0;0;0;0;0;0;0;0;0;0;438386.1;0;0;0;0;1348234.6;3935409.0;0;0;0;0;0;466663.6;0;0;0;0;0;0;0;0;0;0;0;0;0;0;36802354.3;0;0;0;0;0;0;0;0;0;0;283134.4;0;0;573452.5;0;6692621.4;0;0;0;459777.0;0;0;0;0;0;0;0;0;0;0;18211911.4;0;165098.0;0;0;0;0;0;0;0;0;0;0;0;0.0
2003M05;276048340.0;0;0;0;0;0;0;0;0;0;0;0;0;0;0;0;0;0;0;0;0;0;0;0;0;0;0;0;0;0;0;43909502.9;0;0;0;0;0;0;0;0;0;0;0;35205255.8;0;0;0;0;0;0;0;0;0;0;0;0;0;0;0;0;0;398312.0;0;17809437.4;0;0;0;0;0;0;0;0;0;1158530.2;6370.0;0;0;0;0;0;0;0;0;0;0;0;0;0;0;0;0;2071507.0;0;13474580.5;0;0;4351417.9;0;0;0;0;0;0;0;0;74809684.7;0;0;0;0;0;0;15400.0;7036326.6;0;0;0;0;0;0;0;0;0;0;0;0;0;0;0;0;0;0;0;0;0;0;16664.7;0;0;0;0;0;0;0;0;0;0;0;0;0;0;0;0;0;0;0;0;0;0;0;0;0;0;0;430466.9;0;0;0;0;0;0;0;29789874.3;0;0;0;0;0;0;0;0;0;0;0;0;0;0;704174.6;0;0;0;0;16124500.0;1497247.7;0;0;0;0;0;0;0;0;0;0;0;0;0;0;0;0;0;0;0;0;20316703.5;0;0;0;0;0;0;0;0;0;0;0;0;0;125948.0;0;309255.0;0;0;0;0;0;0;0;0;0;0;0;0;0;0;6487180.2;0;0;0;0;0;0;0;0;0;0;0;0;0;0.0
2003M06;310224363.2;0;0;0;0;0;0;0;0;0;0;0;0;0;0;0;0;0;0;0;398723.9;0;0;0;0;0;0;0;0;0;0;87358918.6;0;0;0;0;0;0;0;0;0;0;0;59865112.7;0;0;0;0;0;0;0;0;0;0;0;0;0;0;0;0;0;4733142.6;0;25884180.4;0;0;0;0;0;0;0;0;0;476200.0;62348.0;0;0;0;0;0;0;0;0;0;571372.9;0;0;0;0;0;0;4627073.7;748226.8;14526577.3;0;0;23835737.9;0;0;0;0;0;0;0;0;1646307.9;0;0;0;0;0;0;0;1807881.8;0;0;0;0;0;0;0;0;0;0;0;0;0;0;0;0;0;0;0;0;0;0;210478.8;0;0;0;0;0;0;0;0;0;0;0;0;0;0;0;0;0;0;0;0;0;0;0;0;0;0;0;1103665.9;0;1618689.2;0;0;0;0;0;11925127.0;0;0;0;0;0;0;0;0;0;0;0;0;0;0;0;0;0;0;0;4141718.3;5675683.0;0;0;0;0;0;0;0;0;0;0;0;0;0;0;0;0;0;0;0;0;24885424.5;0;0;0;0;0;0;0;0;0;0;0;0;0;337634.0;0;3584123.7;0;0;551885.4;2139111.5;0;0;0;0;0;0;0;0;0;0;26420388.9;0;1088628.6;0;0;0;0;0;0;0;0;0;0;0;0.0
2003M07;319208219.7;0;0;0;0;0;0;0;0;0;0;0;0;0;0;0;0;0;0;0;1362322.6;0;0;0;0;0;0;0;0;0;0;85433924.6;0;0;0;0;0;0;0;0;0;0;0;81831568.9;0;0;0;0;0;0;0;0;144956.2;0;0;0;0;0;0;0;237969.2;833606.0;0;18895035.7;0;0;0;0;0;0;0;0;0;591192.6;0;0;0;0;0;0;0;0;0;0;0;0;0;0;0;0;0;8915728.8;0;6378835.4;0;0;20643998.4;0;0;0;0;0;0;0;0;906678.1;0;0;0;0;0;0;0;6806474.9;0;0;0;0;0;0;0;0;0;0;0;0;0;0;0;0;0;0;0;0;0;0;332298.0;0;0;0;0;0;0;0;0;0;0;0;0;0;0;0;0;0;0;0;0;0;0;0;0;0;0;0;1606359.6;0;1894658.8;82495.5;0;0;0;0;16956661.5;0;0;0;0;0;0;0;0;0;0;0;0;0;0;0;0;0;0;0;5211075.8;10333464.7;0;0;0;0;0;0;0;0;0;0;0;0;0;0;0;0;0;0;0;0;24606440.2;0;0;0;0;0;0;0;0;0;0;288443.3;0;0;209337.0;0;3021830.3;0;0;845541.3;1730837.4;0;0;0;0;0;0;0;0;0;0;19106484.8;0;0;0;0;0;0;0;0;0;0;0;0;0;0.0
2003M08;298117151.4;0;0;0;0;0;0;0;0;0;0;0;0;0;0;0;0;0;0;0;689980.4;0;0;0;0;0;0;0;0;0;0;65852633.4;0;0;0;0;0;0;0;0;0;0;0;63074653.8;0;0;0;0;0;0;0;0;0;0;0;0;0;0;0;0;0;1514346.6;0;31303161.3;0;0;0;0;0;0;0;0;0;286182.0;129897.0;0;0;0;0;0;0;0;0;0;0;0;0;0;0;0;0;10112185.6;0;33124255.7;0;385087.8;7876789.0;0;0;0;0;0;0;0;0;1756001.7;0;0;0;0;0;0;0;2528604.1;0;0;0;0;0;0;0;0;0;0;0;0;0;0;0;0;108008.4;0;0;0;0;0;122954.6;0;0;0;0;0;0;0;0;0;0;0;0;0;0;0;0;0;0;0;0;0;0;0;0;0;0;0;1030625.1;0;1808200.0;0;0;0;0;0;12197308.1;0;0;0;0;0;0;0;0;0;0;0;0;0;0;522159.0;0;0;0;0;4313808.9;11434601.6;0;0;0;0;0;0;0;0;0;0;0;0;0;0;0;0;0;0;0;0;21866270.8;0;0;0;0;0;0;0;0;0;0;0;0;0;444372.7;0;4583453.1;0;0;0;2782616.5;0;0;0;0;0;0;0;0;0;0;18268994.4;0;0;0;0;0;0;0;0;0;0;0;0;0;0.0
2003M09;293840366.1;0;0;0;0;0;0;0;0;0;0;0;0;0;0;0;0;0;0;0;166705.7;0;0;0;0;0;0;0;0;0;0;61786996.9;0;0;0;0;0;0;0;0;0;0;0;65074670.8;0;0;0;0;0;0;0;0;0;0;0;0;0;0;0;0;0;439973.9;0;32770972.1;0;0;0;0;0;0;0;0;0;0;94657.0;0;0;0;0;0;0;0;0;0;188007.7;2191847.0;0;0;0;0;0;18612021.6;420320.0;284766.0;0;0;5255483.6;0;0;0;0;0;0;0;0;1691308.3;0;0;0;0;0;0;0;7973857.1;0;0;0;0;0;0;0;0;0;0;0;0;0;0;0;0;0;0;0;0;0;684765.1;0;0;0;0;0;0;0;0;0;0;0;0;0;0;0;0;0;0;0;0;0;0;0;0;0;0;0;0;2143451.5;0;1956965.9;0;0;0;0;0;11825663.6;0;0;0;0;0;0;0;0;0;0;0;0;0;0;0;882610.6;0;0;0;0;15414741.7;0;0;0;0;0;0;0;0;0;0;0;0;0;0;0;0;0;0;0;0;38690643.6;0;0;0;0;0;0;0;0;0;0;0;0;0;215166.6;0;3658731.1;0;0;0;40125.8;0;0;0;0;0;0;0;0;0;0;20599391.8;0;776521.2;0;0;0;0;0;0;0;0;0;0;0;0.0
2003M10;385613459.0;0;0;0;0;0;0;0;0;0;0;0;0;0;0;0;0;0;0;0;2807640.4;0;0;0;0;0;0;0;0;0;0;60112428.7;0;0;0;0;0;0;0;0;0;0;0;102873420.8;0;0;0;0;0;0;0;0;0;0;0;0;0;0;0;0;189612.4;426824.0;0;31922988.2;0;0;0;0;0;0;0;0;0;840178.2;90750.0;0;0;0;0;0;0;0;0;0;481581.2;0;0;0;0;0;0;18955704.9;0;907734.1;0;0;6199676.1;0;0;0;0;0;0;0;0;1690541.0;0;0;0;0;0;0;0;4447181.7;0;0;0;0;0;0;0;0;0;0;0;0;0;0;0;0;0;0;0;0;0;209216.9;0;0;0;0;0;0;0;0;0;0;0;0;0;0;0;0;0;0;0;0;0;0;0;0;0;0;0;0;3670811.0;0;2186785.7;0;0;0;0;0;40948033.7;0;0;6700.0;0;0;0;0;0;0;0;0;0;0;0;1326843.7;0;0;0;0;2405578.8;8274761.5;0;0;0;0;0;0;0;0;0;0;0;0;0;0;0;0;0;0;0;0;48243342.1;0;0;0;0;0;0;0;0;0;0;0;0;0;1258940.1;0;10240252.7;0;0;0;1544837.6;0;0;0;0;0;0;0;0;0;0;33351093.7;0;0;0;0;0;0;0;0;0;0;0;0;0;0.0
2003M11;363261892.3;0;0;0;0;0;0;0;0;0;0;0;0;0;0;0;0;0;0;0;1555928.5;0;0;0;0;0;0;0;0;0;0;81222005.6;0;0;0;0;0;0;0;0;0;0;0;94735452.3;0;0;0;0;0;0;0;0;0;0;0;0;0;0;0;0;0;5915756.3;0;28198809.7;0;0;0;0;0;0;0;0;0;341078.9;21995.0;0;0;0;0;0;0;0;0;0;532037.1;0;0;0;0;0;0;17223979.4;422620.0;469733.5;208747.0;0;13169882.7;0;0;0;0;0;0;0;0;1681322.2;0;0;0;0;0;0;0;3185127.9;0;0;0;0;0;0;0;0;0;0;0;0;0;0;0;0;0;0;0;0;0;0;10118.4;0;0;0;0;0;0;0;0;0;0;0;0;0;0;0;0;0;0;0;0;0;0;0;0;0;0;0;3009554.9;0;4188611.1;0;0;0;0;0;19357499.0;0;0;0;0;0;0;0;0;0;0;0;0;0;0;0;900000.0;0;0;0;326784.2;4469936.6;0;0;0;0;0;0;0;0;0;0;0;0;0;0;0;0;0;0;0;0;51982647.0;0;0;0;0;0;0;0;0;0;0;272390.2;0;0;472528.5;0;2163171.2;0;0;1708013.5;0;0;0;0;0;0;0;0;0;0;0;25516161.5;0;0;0;0;0;0;0;0;0;0;0;0;0;0.0
2003M12;301116563.2;0;0;0;0;0;0;0;0;0;0;0;0;0;0;0;0;0;0;0;135836.3;0;0;0;0;0;0;0;0;0;0;63849977.7;0;0;0;0;0;0;0;0;0;0;0;88295881.3;0;0;0;0;0;0;0;0;0;0;0;28199.5;0;0;0;0;124043.2;6059551.2;0;25582659.5;0;0;0;0;0;0;0;0;0;0;4004.0;0;0;0;0;0;0;0;0;0;0;0;0;0;0;0;0;8249412.1;0;602790.7;0;0;12421451.9;0;0;0;0;0;0;0;0;2040883.8;0;0;0;0;0;0;0;4166474.8;0;0;0;0;0;0;0;0;0;0;0;0;0;0;0;0;0;0;0;0;0;2787.1;0;0;0;0;0;0;0;0;0;0;0;0;0;0;0;0;0;0;0;0;0;0;0;0;0;0;0;0;2919566.8;0;2435731.3;0;0;0;0;0;13184065.4;0;0;0;0;0;0;0;0;0;0;0;0;0;0;0;7745015.5;0;0;0;799725.4;5988419.1;0;0;0;0;0;0;0;0;0;0;0;0;0;0;0;0;0;0;0;0;37700016.3;0;0;0;0;0;0;0;0;0;0;0;0;0;464435.1;0;4806880.1;0;0;365497.6;281281.3;0;0;0;0;0;0;0;0;0;0;12181277.0;0;99108.0;0;0;0;0;0;0;0;581591.2;0;0;0;0.0
2004M01;417124085.2;0;0;0;0;0;0;0;0;0;744950.0;0;0;0;0;0;0;0;0;0;555986.2;0;0;0;0;0;0;0;0;0;0;106358284.8;0;0;0;0;0;0;0;0;0;0;0;64201505.6;0;0;0;0;0;0;0;0;0;0;0;0;0;0;0;0;0;1159388.0;0;23485243.7;0;0;0;0;707855.0;0;0;0;0;8960.0;552654.0;0;0;0;0;0;0;0;0;0;0;0;0;0;0;0;0;8808496.9;0;84774499.2;0;0;12061845.0;0;0;0;0;0;0;0;0;2293701.1;0;0;0;0;0;0;0;1022810.6;0;0;0;0;0;0;0;0;0;0;800000.0;0;0;0;0;0;0;0;0;0;0;1259084.2;11431.3;0;0;0;0;0;0;0;0;0;0;0;0;0;0;0;0;0;0;0;0;0;0;0;0;0;0;0;2571447.5;0;334764.6;0;0;0;0;0;28887585.4;0;0;0;0;0;0;0;0;0;0;0;0;0;0;0;0;0;0;0;2289855.7;1704164.3;0;0;0;0;0;0;0;0;0;0;0;0;0;0;0;91097.9;0;0;0;0;47829463.1;0;0;0;0;0;0;0;0;0;0;256106.2;0;0;1043963.3;0;5381417.5;0;0;216596.0;0;0;0;0;0;0;0;0;0;0;0;17331878.7;0;379049.3;0;0;0;0;0;0;0;0;0;0;0;0.0
2004M02;244880699.7;0;0;0;0;0;0;0;0;0;0;0;0;0;0;0;0;0;0;0;1126181.9;0;0;0;0;0;0;0;0;0;0;53674189.6;0;0;0;0;0;0;0;0;0;0;0;56248311.0;0;0;0;0;0;0;0;0;0;0;0;0;0;0;0;0;0;1068877.8;0;24458664.6;0;0;0;0;0;0;0;0;0;834189.2;166478.0;0;0;0;0;0;0;0;0;0;0;0;0;0;0;0;0;13421159.9;1482812.1;5460352.7;0;344166.8;7774301.0;0;0;0;0;0;0;0;0;1421209.1;0;0;0;0;0;0;0;1754918.2;0;0;0;0;0;0;0;0;0;0;0;0;0;0;0;0;0;0;0;0;0;0;37167.6;0;0;0;0;0;0;0;0;0;0;0;0;0;0;0;0;0;0;0;0;0;0;0;0;0;0;0;1401951.8;0;3620167.1;0;0;0;0;0;5151526.7;0;0;0;0;0;0;0;0;0;0;0;0;0;0;12203.0;82490.6;0;0;0;215331.2;2882894.2;0;0;0;0;0;0;0;0;0;0;0;0;0;0;0;0;0;0;0;0;42035221.3;0;0;0;0;0;0;0;0;0;0;0;0;0;652712.4;0;5220240.2;0;0;1177013.1;0;0;0;0;0;0;0;18357.6;0;0;0;12481326.2;0;656284.8;0;0;0;0;0;0;0;0;0;0;0;0.0
2004M03;373174284.4;0;0;0;0;0;0;0;0;0;0;0;0;0;0;0;0;0;0;0;769754.7;0;0;0;0;0;0;0;0;0;0;96605771.9;0;0;0;0;0;0;0;0;0;0;0;90852490.2;0;0;0;0;0;0;0;0;0;0;0;0;0;0;0;0;206738.3;320286.4;0;40194743.9;0;0;0;0;0;0;0;0;0;0;2455680.0;0;0;0;0;0;0;0;0;0;0;0;0;0;0;0;0;9397076.8;733227.2;10776939.6;0;0;2578322.5;0;0;0;0;0;0;0;0;1325776.8;0;0;0;0;0;0;0;2061432.7;0;0;0;0;0;0;0;0;0;0;0;0;0;0;0;0;0;0;0;0;0;0;40176.6;0;0;0;0;0;0;0;138570.0;0;0;0;0;0;0;0;0;0;0;0;0;0;0;0;0;0;0;0;3414654.7;0;3597965.3;0;0;0;0;0;18116149.6;0;0;0;0;0;0;0;0;0;0;0;0;0;0;829938.8;0;0;0;0;536956.4;5411793.0;0;0;0;0;0;0;0;0;0;0;0;0;0;0;0;245645.0;0;0;0;0;52496142.0;0;0;0;0;0;0;0;0;0;0;0;0;0;835995.7;0;5924141.5;0;0;156880.5;0;0;0;0;0;0;0;165795.0;0;0;0;22433179.0;0;552060.4;0;0;0;0;0;0;0;0;0;0;0;0.0
2004M04;331966744.7;0;0;0;0;0;0;0;0;0;0;0;0;0;0;0;0;0;0;0;823105.6;0;0;0;0;0;0;0;0;0;0;101613236.3;0;0;0;0;0;0;0;0;0;0;0;79805050.9;0;0;0;0;0;0;0;0;0;0;0;0;0;0;0;0;158313.8;681298.8;0;28624947.7;0;0;0;0;0;0;0;0;0;0;99993.0;0;0;0;0;0;0;0;0;0;0;0;0;0;0;0;0;8170966.4;1113083.4;9476857.0;0;0;3670354.7;0;0;0;0;0;0;0;0;1084910.3;0;0;0;0;0;0;0;3218402.4;0;0;0;0;0;0;0;0;0;0;0;0;0;0;0;0;0;0;0;0;0;11086380.0;51832.3;0;0;0;0;0;0;0;0;0;0;0;0;0;0;0;0;0;0;0;0;0;0;0;0;0;0;0;2416288.0;0;2809440.8;0;0;0;0;0;15467429.4;0;0;0;0;0;0;0;0;0;0;0;0;0;0;0;0;0;0;0;1051636.8;2067096.4;0;0;0;0;0;0;0;0;0;0;0;0;0;0;0;78686.8;0;0;0;0;37450303.5;0;0;0;0;0;0;0;0;0;0;285238.5;0;0;855807.8;0;4970319.3;0;0;393120.0;0;0;0;0;0;0;0;0;0;0;0;14442645.0;0;0;0;0;0;0;0;0;0;0;0;0;0;0.0
2004M05;317461590.8;0;0;0;0;0;0;0;0;0;0;0;0;0;0;0;0;0;0;0;650555.0;0;0;0;0;0;0;0;0;0;0;89348972.4;0;0;0;0;0;0;0;0;0;0;0;52705647.2;0;0;0;0;0;0;0;0;933797.8;0;0;0;0;0;0;0;0;686524.7;0;31200666.3;0;0;0;0;0;0;0;0;0;912502.4;686113.0;0;0;0;0;0;0;0;0;0;0;0;0;0;0;0;0;10091153.4;861779.6;5296577.8;0;0;13859281.7;0;0;0;0;0;0;0;0;1913557.8;0;0;0;0;0;0;0;4157113.6;0;0;0;0;0;0;0;0;0;0;0;0;0;0;0;0;0;0;0;0;0;0;28643.7;0;0;0;0;0;0;0;0;0;0;0;0;0;0;0;0;0;0;0;0;0;0;0;0;0;0;0;1820803.8;0;6517801.9;0;0;0;0;0;36533946.9;0;0;0;0;0;0;0;0;0;0;0;0;0;0;0;0;0;0;0;470465.9;5106532.4;0;0;0;0;0;0;0;0;0;0;0;0;0;0;0;78610.9;71137.1;0;0;0;32625235.6;0;0;0;0;0;0;0;0;0;0;0;0;0;486406.4;0;3831370.9;0;0;0;983898.9;0;0;0;0;0;0;0;0;0;0;14534715.8;0;1067778.1;0;0;0;0;0;0;0;0;0;0;0;0.0
2004M06;279767439.9;0;0;0;0;0;0;0;0;0;0;0;0;0;0;0;0;0;0;0;1347864.1;0;0;0;0;0;0;0;0;0;0;86700184.8;0;0;0;0;0;0;0;0;0;0;0;45563079.5;0;0;0;0;0;0;0;0;2146820.1;0;0;0;0;0;0;0;230196.0;323171.0;0;22117711.7;0;0;0;0;0;0;0;0;0;0;317566.0;0;0;0;0;0;0;0;0;0;176465.6;0;0;0;0;0;0;10658971.0;377420.0;15339799.4;0;0;15253444.6;0;0;0;0;0;0;0;0;1038824.9;0;0;0;0;0;0;0;2283442.5;0;0;0;0;0;0;0;0;0;0;0;0;0;0;0;0;0;0;0;0;0;0;697093.9;0;0;0;0;0;0;0;0;0;0;0;0;0;0;0;0;0;0;0;0;0;0;0;0;0;0;0;873408.6;0;4233233.7;0;0;0;0;0;18313277.4;0;0;0;0;0;0;0;0;0;0;0;0;0;0;0;112020.0;0;0;0;490438.5;3450857.5;0;0;0;0;0;4010.0;0;0;0;0;0;0;0;0;0;165419.5;0;0;0;0;23631742.4;0;0;0;0;0;0;0;0;0;0;113914.0;0;0;281927.6;0;3512983.9;0;0;265720.0;0;0;0;0;0;0;0;0;0;0;0;19746431.9;0;0;0;0;0;0;0;0;0;0;0;0;0;0.0
2004M07;311161006.4;0;0;0;0;0;0;0;0;0;0;0;0;0;0;0;0;0;0;0;610609.2;0;0;0;0;0;0;0;0;0;0;93031151.1;0;0;0;0;0;0;0;0;0;0;0;46695660.7;0;0;0;0;0;0;0;0;511640.5;0;123016.8;0;0;0;0;0;170563.1;689821.8;0;18147691.0;0;0;0;0;0;0;0;0;0;321836.0;910482.0;0;0;0;0;0;0;0;0;0;0;0;0;0;0;0;0;15558394.5;171808.9;35874523.8;0;0;19856580.8;0;0;0;0;0;0;0;0;1731805.5;0;0;0;0;0;0;0;6877650.1;0;0;0;0;0;0;0;0;0;0;0;0;0;0;0;0;0;0;0;0;0;754720.9;94611.2;0;0;0;0;0;0;0;0;0;0;0;0;0;0;0;0;0;0;0;0;0;0;0;0;0;0;0;1804116.7;0;2431267.7;0;0;0;0;0;27863893.0;0;0;0;0;0;0;0;0;0;0;0;0;0;0;0;2597362.8;0;0;0;1155737.3;2384388.1;0;0;0;0;0;0;0;0;0;0;0;0;0;668438.0;0;325601.8;0;0;0;0;10719019.5;0;0;0;0;0;0;0;0;0;0;0;0;0;273347.0;0;316614.2;0;0;365137.5;0;0;0;0;0;0;0;0;0;0;0;17885898.8;0;237615.8;0;0;0;0;0;0;0;0;0;0;0;0.0
2004M08;216823959.5;0;0;0;0;0;0;0;0;0;0;0;0;0;0;0;0;0;0;0;466330.8;0;0;0;0;0;0;0;0;0;0;63450984.3;0;0;0;0;0;0;0;0;0;0;0;30672144.2;0;0;0;0;0;0;0;0;0;0;0;0;0;0;0;0;0;1600390.0;0;19350258.8;0;0;0;0;0;0;0;0;0;10679825.4;214260.0;0;0;0;0;0;0;0;0;0;0;0;0;0;142706.2;0;0;5049897.2;968000.0;6168.0;0;0;15360929.9;0;0;0;0;0;0;0;0;669503.0;0;0;0;0;0;0;0;7766266.3;0;0;0;0;0;0;0;0;0;0;0;0;0;0;0;0;0;0;0;0;0;0;44769.7;0;0;0;0;0;0;0;0;0;0;0;0;0;0;0;0;0;0;0;0;0;0;0;0;0;0;0;3315911.9;0;3484151.0;0;0;0;0;0;22371235.0;0;0;0;0;0;0;0;0;0;0;0;0;0;0;624838.4;1222248.5;0;0;0;411515.8;3358181.3;0;0;0;0;0;0;0;0;0;0;0;0;0;0;0;83591.9;0;0;0;0;11566615.2;0;0;0;0;0;0;0;0;0;0;0;0;0;461689.5;0;3636634.2;0;0;0;0;0;0;0;0;0;0;0;0;0;0;9844912.8;0;0;0;0;0;0;0;0;0;0;0;0;0;0.0
2004M09;298355563.0;0;0;0;0;0;0;0;0;0;0;0;0;0;0;0;0;0;0;0;331344.5;0;0;0;0;0;0;0;0;0;0;53317050.4;0;0;0;0;0;0;0;0;0;0;0;72720878.6;0;0;0;0;0;0;0;0;0;0;0;0;0;0;0;0;242419.9;1735816.8;0;29078217.2;0;0;0;0;0;0;0;0;0;9995356.0;801561.0;0;0;0;0;0;0;0;0;0;0;149746.3;0;0;0;0;0;19956672.7;0;294060.0;0;0;10281006.3;0;0;0;0;0;0;0;0;1449475.7;0;0;0;0;0;0;0;2083790.4;0;0;0;0;0;0;0;0;0;0;0;0;0;0;0;0;0;0;0;0;0;124647.2;435148.0;0;0;0;0;0;0;0;0;0;0;0;0;0;0;0;0;0;0;0;0;0;0;0;0;0;0;0;1449156.4;0;3389574.4;0;0;0;761225.0;0;24752253.0;0;0;0;0;0;0;0;0;0;0;0;0;0;0;0;9117270.1;0;0;0;7023935.2;3937340.0;0;0;0;0;0;0;0;0;0;0;0;0;0;0;0;262065.9;0;0;0;0;18549925.5;0;0;0;0;0;0;0;0;0;0;0;0;0;303611.0;0;5925127.5;0;0;371962.5;0;0;0;0;0;0;0;0;0;0;0;16317160.0;0;3197765.5;0;0;0;0;0;0;0;0;0;0;0;0.0
2004M10;341743797.7;0;0;0;0;0;0;0;0;0;0;0;0;0;0;0;0;0;0;0;1022395.3;0;0;0;0;0;0;0;0;0;0;64542534.0;0;0;0;0;0;0;0;0;0;0;0;48546511.5;0;0;0;0;0;0;0;0;0;0;0;0;0;0;0;0;0;1016795.5;0;27456184.8;0;0;0;0;0;0;0;0;0;1108827.6;131365.0;0;0;0;0;0;0;0;0;0;0;1101948.2;0;0;0;0;0;11694890.2;378000.0;18066752.6;0;0;12015167.1;0;0;0;0;0;0;0;0;1502352.7;0;0;0;0;0;0;0;3391280.4;0;0;0;0;0;0;0;0;0;0;0;0;0;0;0;0;0;0;0;0;0;679631.2;102760.0;0;0;16366.7;0;0;0;0;0;0;0;0;0;0;0;0;0;0;0;0;0;0;0;0;0;0;0;0;1967871.3;0;4818783.8;0;0;0;0;0;68275909.8;0;0;0;0;0;0;0;0;0;0;0;0;0;0;0;11050724.6;0;0;0;7442176.4;4864448.0;0;0;0;0;0;0;0;0;0;0;0;0;0;0;0;284990.4;27406.5;0;0;0;26889418.2;0;0;0;0;0;0;0;0;0;0;112644.7;0;0;234625.5;0;4465040.4;0;0;0;0;0;0;0;0;0;0;0;0;0;0;15876485.6;0;2659509.9;0;0;0;0;0;0;0;0;0;0;0;0.0
2004M11;300759740.6;0;0;0;0;0;0;0;0;0;0;0;0;0;0;0;0;0;0;0;1326598.2;0;0;0;0;0;0;0;0;0;0;69962170.8;0;0;0;0;0;0;0;0;0;0;0;63041159.6;0;0;0;0;0;0;0;0;1053513.2;0;0;0;0;0;0;0;301281.0;698742.4;0;24374579.2;0;0;0;0;0;0;0;0;0;736027.1;230066.0;0;0;0;0;0;0;0;0;0;0;0;0;0;0;0;0;9047884.1;172174.0;263275.0;179506.3;0;24306531.4;0;0;0;0;0;0;0;0;2916852.2;0;0;0;0;0;0;0;7772126.4;0;0;0;0;0;0;0;0;0;0;0;0;0;0;0;0;149296.0;0;0;0;0;117849.2;107609.3;0;0;0;0;0;0;0;0;0;0;0;0;0;0;0;0;0;0;0;0;0;0;0;0;0;0;0;4151561.0;0;6594232.5;0;0;0;0;0;17184723.0;0;0;0;0;0;0;0;0;0;0;0;0;0;0;0;5753824.0;0;0;0;1438451.1;4760673.8;0;0;0;0;0;0;0;0;0;0;0;0;0;0;0;263607.0;0;0;0;0;31658613.6;0;0;0;0;0;0;0;0;0;0;0;0;0;486884.5;0;2646935.2;0;0;378787.5;2056844.5;0;0;0;0;0;0;0;0;0;0;16574393.3;0;0;52968.4;0;0;0;0;0;0;0;0;0;0;0.0
2004M12;256189877.1;0;0;0;0;0;0;0;0;0;0;0;0;0;0;0;0;0;0;0;0;0;0;0;0;0;0;0;0;0;0;62844309.9;0;0;0;0;0;0;0;0;0;0;0;67656935.8;0;0;0;0;0;0;0;0;369898.2;0;0;0;0;0;0;0;0;6137968.5;0;16807647.2;0;0;0;0;0;0;0;0;0;703715.8;331865.0;0;0;0;0;0;0;0;0;0;0;0;0;0;0;0;0;10658169.2;0;960993.0;0;0;8434702.6;0;0;0;0;0;0;0;0;841440.7;0;0;0;0;0;0;0;538532.6;0;0;0;0;0;0;0;0;0;0;0;0;0;0;0;0;0;0;0;0;0;444010.8;0;0;0;0;0;0;0;0;0;0;0;0;0;0;0;0;0;0;0;0;0;0;0;0;0;0;0;0;3023905.3;0;3324346.0;0;0;0;0;0;12931051.7;0;0;0;0;0;0;0;0;0;0;0;0;0;0;0;6838787.6;0;0;0;1147774.9;2634132.4;0;0;0;0;0;0;0;0;0;0;0;0;0;0;0;244148.1;0;0;0;0;33924466.7;0;0;0;0;0;0;0;0;0;0;0;0;0;338943.0;0;846189.0;0;0;0;0;0;0;0;0;0;0;0;0;0;0;14205943.1;0;0;0;0;0;0;0;0;0;0;0;0;0;0.0
2005M01;291550826.4;0;0;0;0;0;0;0;0;0;0;0;0;0;0;0;0;0;0;0;1597722.6;0;0;0;0;0;0;0;0;0;0;113866727.9;0;28750.1;0;0;0;0;0;0;0;0;0;49464649.6;0;0;0;0;0;0;0;0;820966.1;0;0;0;0;0;0;0;248684.8;2288766.5;0;19255832.9;0;0;0;0;0;0;0;0;0;457475.3;861080.0;0;0;0;0;0;0;0;0;0;0;0;0;0;0;0;0;7922544.8;0;32179851.9;0;0;4853227.7;0;0;0;0;0;0;0;0;1316148.7;0;0;0;0;0;0;0;72224.6;0;0;0;0;0;0;0;0;0;0;0;0;0;0;0;0;0;0;0;0;0;135726.9;22446.2;0;0;0;0;0;0;0;0;0;0;0;0;0;0;0;0;0;0;0;0;0;0;0;0;0;0;0;3030557.7;0;2069136.2;0;0;0;0;0;6641428.2;0;0;0;0;0;0;0;0;0;0;0;0;0;0;53138.0;0;0;0;0;1260566.8;4995545.3;0;0;0;0;0;0;0;0;0;0;0;0;0;0;0;343404.3;0;0;0;0;21475077.8;0;0;0;0;0;0;0;0;0;0;0;0;0;349187.4;0;3857649.2;0;0;0;0;0;612997.2;0;0;0;0;0;0;694976.0;0;10774335.9;0;0;0;0;0;0;0;0;0;0;0;0;0;0.0
2005M02;269030804.2;0;0;0;0;0;0;0;0;0;0;0;0;0;0;0;0;0;0;0;632369.5;0;0;0;0;0;0;0;0;0;0;55320225.1;0;4290.0;0;0;0;0;0;0;0;0;0;68725552.5;0;0;0;0;0;0;0;0;776857.1;0;0;0;0;0;0;0;0;1757043.0;0;20880288.3;0;0;0;0;0;0;0;0;0;988066.7;1072961.0;0;0;0;0;0;0;0;0;0;0;265046.5;0;0;0;0;0;6482176.8;657388.9;4452482.2;0;0;11262817.2;0;0;0;0;0;0;0;0;1262838.0;0;0;0;0;0;0;0;535916.8;0;0;0;0;0;0;0;0;0;0;0;0;0;441717.9;0;0;8927.3;0;0;0;0;737424.5;20780.0;0;0;0;0;0;0;0;0;0;0;0;0;0;0;0;0;0;0;0;0;0;0;0;0;0;0;0;2635286.8;0;2626214.0;0;0;0;0;0;5176764.3;0;0;0;0;0;0;0;0;0;0;0;0;0;0;0;6540937.5;0;0;0;2873988.5;3035613.0;0;0;0;0;0;0;0;0;0;0;0;0;0;0;0;0;0;0;0;0;47715567.0;0;0;0;0;0;0;0;0;0;0;70532.0;0;0;456491.1;0;2572093.2;0;0;560250.0;92372.9;0;0;0;0;0;0;0;0;0;0;16693213.5;0;1696311.1;0;0;0;0;0;0;0;0;0;0;0;0.0
2005M03;277016784.6;0;0;0;0;0;0;0;0;0;0;0;0;0;0;0;0;0;0;0;1375841.6;0;0;0;0;0;0;0;0;0;0;77309695.6;0;0;0;0;0;0;0;0;0;0;0;55746626.4;0;0;0;0;0;0;0;0;1821063.0;0;0;0;0;0;0;0;0;1809121.1;0;31178372.5;0;0;0;0;0;0;0;0;0;162440.6;1267084.0;0;0;0;0;0;0;0;0;0;0;0;0;0;0;0;0;5041701.6;86087.0;3845477.6;0;0;13627044.5;0;0;0;0;0;0;0;0;2968027.5;0;0;0;0;0;0;0;1093382.7;0;0;0;0;0;0;0;0;0;0;0;0;0;0;0;0;0;0;0;0;0;2006994.9;20623.8;0;0;0;0;0;0;0;0;0;0;0;0;0;0;0;0;0;0;0;0;0;0;0;0;0;0;0;3009006.6;0;4855012.1;0;0;0;0;0;5459338.7;0;0;0;0;0;0;0;0;0;0;0;0;0;0;1273.1;4879705.6;0;0;0;7269282.5;6895261.2;0;0;0;0;0;0;0;0;0;0;0;0;0;0;0;0;0;0;0;0;28144253.6;0;0;0;0;0;0;0;0;0;0;0;0;0;353716.7;0;3231904.3;0;0;0;0;0;0;0;0;0;0;0;0;0;0;12650576.7;0;907869.4;0;0;0;0;0;0;0;0;0;0;0;0.0
2005M04;368561347.7;0;0;0;0;0;0;0;0;0;0;0;0;0;0;0;0;0;0;0;1483770.2;0;0;0;0;0;0;0;0;0;0;130459747.5;0;0;0;0;0;0;0;0;0;0;0;47841340.0;0;0;0;0;0;0;0;0;382062.2;0;0;0;0;0;0;0;220218.0;1398309.2;0;30783367.1;0;0;0;0;0;0;0;0;0;11461173.2;247393.0;0;0;0;0;0;0;0;0;0;0;0;0;0;0;0;0;5783528.6;533685.2;7025155.6;0;0;9943923.2;0;0;0;0;0;0;0;0;5070772.6;0;0;0;0;0;0;0;1104593.4;0;0;0;0;0;0;0;0;0;0;0;0;0;0;0;0;0;0;0;0;0;0;46905.0;0;0;0;0;0;0;0;0;0;0;0;0;0;0;0;0;0;0;0;0;0;0;0;0;0;0;0;2768519.0;0;5078826.4;0;0;0;0;0;14875262.4;0;0;0;0;0;0;0;0;0;0;0;0;0;0;3527670.8;1347802.6;0;0;0;8312389.2;6118241.6;0;0;0;0;0;0;0;0;0;0;0;0;0;0;0;0;0;0;0;0;47076231.9;0;0;0;0;0;0;0;0;0;0;239997.2;0;0;327072.0;0;4051219.1;0;0;0;0;0;0;0;0;0;0;0;0;0;0;20495109.9;0;557061.5;0;0;0;0;0;0;0;0;0;0;0;0.0
2005M05;273710596.9;0;0;0;0;0;0;0;0;0;0;0;0;0;0;0;0;0;0;0;326403.9;0;0;0;0;0;0;0;0;0;0;93669663.5;0;0;0;0;0;0;0;0;0;0;0;43281918.0;0;0;0;0;0;0;0;0;790649.4;0;0;0;0;0;0;0;0;943281.9;0;20833974.3;0;0;0;0;0;0;0;0;0;12261402.3;2764061.0;0;0;0;0;0;0;0;0;0;0;0;0;0;0;0;0;8748952.3;0;3568229.3;0;0;4289147.6;0;0;0;0;0;0;0;0;10431203.2;0;0;0;0;0;0;0;1299931.5;0;0;0;0;0;0;0;0;0;0;0;0;0;0;0;0;0;0;0;0;0;3970700.3;0;0;0;0;0;0;0;0;0;0;0;0;0;0;0;0;0;0;0;0;0;0;0;0;0;0;0;0;3233962.1;0;1204185.1;0;0;0;0;0;12053753.8;0;0;0;0;0;0;0;0;670356.0;0;0;0;0;0;533623.9;126688.8;0;0;0;6789618.6;104882.8;0;0;0;0;0;0;0;0;0;0;0;0;0;0;0;0;0;0;0;0;25633361.8;0;0;0;0;0;0;0;0;0;0;258131.4;0;0;323369.5;0;1360738.7;0;0;0;0;0;0;0;0;0;0;0;0;0;0;14238405.9;0;0;0;0;0;0;0;0;0;0;0;0;0;0.0
2005M06;245498693.3;0;0;0;0;0;0;0;0;0;0;0;0;0;0;0;0;0;0;0;902971.0;0;0;0;0;0;0;0;0;0;0;50337310.8;0;0;0;0;0;0;0;0;0;0;0;39747715.2;0;0;0;0;0;0;0;0;406618.6;0;0;0;0;0;0;0;454870.4;4386300.2;0;20345545.0;0;0;0;0;0;0;0;0;0;10637700.7;334006.0;0;0;0;0;0;0;0;0;0;0;0;0;0;0;0;0;4790639.5;78650.3;7094522.4;0;0;13572882.6;0;0;0;0;0;0;0;0;2930450.8;0;0;0;0;0;0;0;7300756.1;0;0;0;0;0;0;0;0;0;0;0;0;0;0;0;0;0;0;0;0;0;6694393.4;53445.4;0;0;0;0;0;0;0;0;0;0;0;0;0;0;0;0;0;0;0;0;0;0;0;0;0;0;0;2781199.3;0;3137525.6;0;0;0;0;0;9778885.5;0;0;0;0;0;0;0;0;0;0;0;0;0;0;0;15523627.4;0;0;0;3364151.8;1528689.4;0;0;0;0;0;0;0;0;0;0;0;0;0;0;0;0;0;0;0;0;19024372.0;0;0;0;0;0;0;0;0;0;0;0;0;0;154659.0;0;1570317.2;0;0;0;0;0;0;0;0;0;0;0;0;0;0;13861689.7;0;4704798.0;0;0;0;0;0;0;0;0;0;0;0;0.0
2005M07;322780806.7;0;0;0;0;0;0;0;0;0;0;0;0;0;0;0;0;0;0;0;351391.2;0;0;0;0;0;0;0;0;0;0;103236268.3;0;0;0;0;0;0;0;0;0;0;0;41162350.2;0;0;0;0;0;0;0;0;32228.9;0;0;0;0;0;0;0;0;0;0;23723424.1;0;0;0;0;0;0;0;0;0;125304.5;1146523.0;0;0;0;0;0;0;0;0;0;0;4614025.5;0;0;0;0;0;7447306.0;1158393.9;1249869.9;0;0;14074774.2;0;0;0;0;0;0;0;0;8423535.4;0;0;0;0;0;0;0;9686558.7;0;0;0;0;0;0;0;0;0;0;0;0;0;0;0;0;73500.0;0;0;0;0;4188313.2;0;0;0;6269.6;0;0;0;0;0;0;0;0;0;0;0;0;0;0;0;0;0;0;0;0;0;0;0;0;1544307.4;0;4761829.4;0;0;0;0;0;14293221.7;0;0;0;0;0;0;0;0;0;0;0;0;0;0;0;52481203.2;0;0;0;3139259.6;1033125.8;0;0;0;0;0;0;0;0;0;0;0;0;0;0;0;0;0;0;0;0;13438241.1;0;0;0;0;0;0;0;0;0;0;0;0;0;164559.0;0;882870.6;0;0;1016234.9;0;0;0;0;0;0;0;0;0;0;0;7044009.3;0;2281908.0;0;0;0;0;0;0;0;0;0;0;0;0.0
2005M08;230078317.2;0;0;0;0;0;0;0;0;0;0;0;0;0;0;0;0;0;0;0;0;0;0;0;0;0;0;0;0;0;0;63678429.3;0;0;0;0;0;0;0;0;0;0;0;24722633.1;0;0;0;0;0;0;0;0;590.2;0;0;0;0;0;0;0;0;2440776.7;0;10323044.2;0;0;0;0;0;0;0;0;0;249738.0;2416491.0;0;0;0;0;0;0;0;0;0;0;8445812.9;0;0;0;0;0;8691797.6;0;687017.6;0;0;7526491.0;0;0;0;0;0;0;0;0;5367838.5;0;0;0;0;0;0;0;35766720.2;0;0;0;0;0;0;0;0;0;0;0;0;0;0;0;0;0;0;0;0;0;7440582.8;0;0;0;0;0;0;0;0;0;0;0;0;0;0;0;0;0;0;0;0;0;0;0;0;0;0;0;0;1766365.6;0;2558220.1;0;0;0;0;0;13018268.1;0;0;0;0;0;0;0;0;0;0;0;0;0;0;156828.4;6145394.0;0;0;0;1052998.8;1607587.0;0;0;0;0;0;0;0;0;0;0;0;0;0;0;0;0;0;0;0;0;15514445.4;0;0;0;0;0;0;0;0;0;0;0;0;0;110925.0;0;718475.4;0;0;472183.1;581412.4;0;0;0;0;0;0;0;0;0;0;8120587.3;0;496663.7;0;0;0;0;0;0;0;0;0;0;0;0.0
2005M09;299236298.6;0;0;0;0;0;0;0;0;0;0;0;0;0;0;0;0;0;0;0;1001926.6;0;0;0;0;0;0;0;0;0;0;76915379.3;0;0;0;0;0;0;0;0;0;0;0;45382098.0;0;0;0;0;0;0;0;0;264035.9;0;0;0;0;0;0;0;166445.8;1032064.6;0;34818207.7;0;0;0;0;0;0;0;0;0;10367642.1;1110971.5;0;0;0;0;0;0;0;0;0;0;0;0;0;0;0;0;11976070.2;0;975741.0;127939.9;0;7608530.2;0;0;0;0;0;0;0;0;4648499.5;0;0;0;0;0;0;0;5636048.2;0;0;0;0;0;0;0;0;0;0;0;0;0;0;0;0;0;0;0;0;0;7961199.7;42040.8;0;0;0;0;0;0;0;0;0;0;0;0;0;0;0;0;0;0;0;0;0;0;0;0;0;0;0;1575000.4;0;4508576.4;0;0;0;0;0;17664830.4;0;0;0;0;0;0;0;0;0;0;0;0;0;0;181969.1;2585406.0;0;0;0;2398360.7;2985989.8;0;0;0;0;0;0;0;0;0;0;0;0;0;0;0;0;27498.2;0;0;0;29527026.0;0;0;0;0;0;0;0;0;0;0;0;0;0;225924.0;0;1744871.3;0;0;431477.7;0;0;0;0;0;0;0;0;0;0;0;18332352.5;0;7012175.2;0;0;0;0;0;0;0;0;0;0;0;0.0
2005M10;453637701.1;0;0;0;0;0;0;0;0;0;0;0;0;0;0;0;0;0;0;0;1372050.2;0;0;0;0;0;0;0;0;0;0;110659928.2;0;0;0;0;0;0;0;0;0;0;0;33758617.7;0;0;0;0;0;0;0;0;331865.1;0;0;0;0;0;0;0;236120.9;1932351.2;0;25278071.4;0;0;0;0;0;0;0;0;0;6063803.7;180319.0;0;0;0;0;0;0;0;0;0;0;3115188.5;0;0;0;0;0;15878557.2;0;1097253.5;0;0;14197746.5;0;0;0;0;0;0;0;0;8417214.6;0;0;0;0;0;0;0;3507787.9;0;0;0;0;0;0;0;0;0;0;0;0;0;0;0;0;0;0;0;0;0;623416.7;0;0;0;22068.3;0;0;0;0;0;0;0;0;0;0;0;0;0;0;0;0;0;0;0;0;0;0;0;0;1654443.3;0;3116355.4;0;0;0;0;0;75243479.1;0;0;0;0;0;0;0;0;0;0;0;0;0;0;0;5089465.7;0;0;0;89858395.0;1071106.1;0;0;0;0;0;0;0;0;0;0;0;0;0;0;0;0;30605.0;0;0;0;29259440.8;0;0;0;0;0;0;0;0;0;0;0;0;0;423243.5;0;1607071.7;0;0;1173549.2;0;0;0;0;0;0;0;0;0;0;0;13513144.6;0;4874032.0;0;0;0;0;0;0;0;0;0;0;51009.3;0.0
2005M11;286596062.5;0;0;0;0;0;0;0;0;0;0;0;0;0;0;0;0;0;0;0;1280842.3;0;0;0;0;0;0;0;0;0;0;106362553.7;0;1700.0;0;0;0;0;0;0;0;0;0;29190980.9;0;0;0;0;0;0;0;0;407097.5;0;0;0;0;0;0;0;160931.9;935194.3;0;32391247.0;0;0;0;0;0;0;0;0;0;0;14726.0;0;0;0;0;0;0;0;0;0;0;0;0;0;0;0;0;9237519.3;578707.5;1305913.7;0;0;846285.2;0;0;0;0;0;0;0;0;9028902.9;0;0;0;0;0;0;0;10001690.3;0;0;0;0;0;0;0;0;0;0;0;0;0;0;0;0;123000.0;0;0;0;0;454185.8;20193.5;0;0;0;0;0;0;0;0;0;0;0;0;0;0;0;0;0;0;0;0;0;0;0;0;0;0;0;2816839.2;0;1005119.2;0;0;0;0;0;25636921.0;0;0;0;0;0;0;0;0;0;0;0;0;0;0;182023.9;0;0;0;0;1204278.9;2008202.1;0;0;0;0;0;0;0;0;0;0;0;0;0;0;0;0;0;0;0;0;34808502.0;0;0;0;0;0;0;0;0;0;0;0;0;0;274028.0;0;1596277.1;0;0;2237794.6;0;0;0;0;0;0;0;0;0;0;0;10834427.1;0;1649977.5;0;0;0;0;0;0;0;0;0;0;0;0.0
2005M12;266783022.9;0;0;0;0;0;0;0;0;0;0;0;0;0;0;0;0;0;0;0;659066.2;0;0;0;0;0;0;0;0;0;0;61346533.6;0;302548.8;0;0;0;0;0;0;0;0;0;37942065.3;0;0;0;0;0;0;0;0;257436.3;0;0;0;0;0;0;0;264687.9;1969592.8;0;24323372.8;0;0;0;0;0;0;0;0;0;312111.7;0;0;0;0;0;0;0;0;0;0;0;4032505.0;0;3185600.0;0;0;0;6935453.0;302228.5;1555454.1;0;0;2786794.5;0;0;0;0;0;0;0;0;10510915.3;0;0;0;0;0;0;0;266863.5;0;0;0;0;0;0;0;0;0;0;0;0;0;0;0;0;240602.0;0;0;0;0;1849066.9;22695.6;0;0;0;0;0;0;0;0;0;0;0;0;0;0;0;0;0;0;0;0;0;0;0;0;0;0;0;1502736.9;0;6083274.9;0;0;0;0;0;14194527.3;0;0;0;0;0;0;0;0;0;0;0;0;0;0;0;515042.8;0;0;0;4008210.9;2540766.7;0;0;0;0;0;0;0;0;0;0;0;0;0;0;0;0;0;0;0;0;38089741.1;0;0;0;0;0;0;0;0;0;0;0;0;0;345277.0;0;1628876.9;0;0;1344041.1;0;0;0;0;0;0;0;0;0;0;0;36458928.9;0;957868.0;0;0;0;0;0;0;0;0;0;0;48136.5;0.0
2006M01;267660878.6;0;0;0;0;0;0;0;0;0;0;0;0;0;0;0;0;0;0;0;1497183.6;0;0;0;0;0;0;0;0;0;0;91865438.8;0;0;0;0;0;0;0;0;0;0;0;36208549.8;0;0;0;0;0;0;0;0;267122.3;0;0;0;0;0;0;0;0;954766.0;0;32100681.9;0;0;0;0;0;0;0;0;0;68000.0;1395690.3;0;0;0;0;0;0;0;0;0;0;0;0;0;0;0;0;5733674.3;877164.8;1827823.2;0;0;7568104.2;0;0;0;0;0;0;0;0;10295568.4;0;0;0;0;0;0;0;3019645.8;0;0;0;0;0;0;0;0;0;0;0;0;0;0;0;0;0;0;0;0;0;4115009.6;0;0;0;0;0;0;0;0;0;0;0;0;0;0;0;0;0;0;0;0;0;0;0;0;0;0;0;0;3538606.1;0;2292860.0;0;0;0;0;0;6971273.1;0;0;0;0;0;0;0;0;0;0;0;0;0;0;240130.1;70650.0;0;0;0;4053787.6;2330129.6;0;0;0;0;0;0;0;0;0;0;0;0;0;0;0;0;0;0;0;0;30397935.5;0;0;0;0;0;0;30254.4;0;0;0;0;0;0;247254.0;0;1184926.7;0;0;0;73406.6;0;0;0;0;0;0;0;0;0;0;18435241.6;0;0;0;0;0;0;0;0;0;0;0;0;0;0.0
2006M02;319246724.7;0;0;0;0;0;0;0;0;0;0;0;0;0;0;0;0;0;0;0;61423.9;0;0;0;0;0;0;0;0;0;0;87576008.6;0;0;0;0;0;0;0;0;0;0;0;37362517.0;0;0;0;0;0;0;0;0;423365.2;0;0;0;0;0;0;0;288469.0;1566765.1;0;26671488.3;0;0;0;0;0;0;0;0;0;9658770.6;1639389.9;0;0;0;0;0;0;0;0;0;0;0;0;0;0;0;0;2496442.1;1285747.1;30956811.1;0;0;11748412.2;0;0;0;0;0;0;0;0;9113585.8;0;0;0;0;0;0;0;1373718.9;0;0;0;0;0;0;0;0;0;0;0;0;0;0;0;0;549999.5;0;0;0;0;928796.5;102033.5;0;0;1852.8;0;0;0;0;0;0;0;0;0;0;0;0;0;0;0;0;0;0;0;0;0;0;0;0;5100184.4;0;4803555.6;0;0;0;0;0;16628907.1;0;0;0;0;0;0;0;0;599525.0;0;0;0;0;0;198570.0;1031858.4;0;0;0;6820472.8;3481440.5;0;0;0;0;0;0;0;0;0;0;0;0;0;0;0;0;0;0;0;0;24092361.8;0;0;0;0;0;0;0;0;0;0;0;0;0;297714.0;0;2304631.9;0;0;0;0;0;0;0;0;0;0;0;0;0;0;28904818.2;0;1177088.0;0;0;0;0;0;0;0;0;0;0;0;0.0
2006M03;425062054.0;0;0;0;0;0;0;0;0;0;0;0;0;0;0;0;0;0;0;0;1351879.9;0;0;0;0;0;0;0;0;0;0;110720527.6;0;0;0;0;0;0;0;0;0;0;0;48637058.5;0;0;0;0;0;0;0;0;123947.1;0;0;0;0;0;0;0;275715.7;1085241.3;0;47821117.0;0;0;0;0;0;0;0;1193920.0;0;25453456.1;7645447.2;0;0;0;0;0;0;0;0;0;0;0;0;0;0;0;0;11634822.6;928001.4;21058690.2;0;0;13797558.5;0;0;0;0;0;0;0;0;3692778.4;0;0;0;0;0;0;0;4172388.4;0;0;0;0;0;0;0;0;0;0;0;0;0;0;0;0;284438.0;0;0;0;0;153967.4;53198.7;0;0;0;0;0;0;0;0;0;0;0;0;0;0;0;0;0;0;0;0;0;0;0;0;0;0;0;7774898.4;0;5960838.4;0;0;0;0;0;28872865.1;0;0;0;0;0;0;0;0;0;0;0;0;0;0;318406.3;0;0;0;0;3092427.1;3621131.5;0;0;0;0;0;0;0;0;0;0;0;0;0;0;0;0;0;0;0;0;49771859.2;0;0;0;0;0;0;106160.9;0;0;0;0;0;0;549379.2;0;2057483.1;0;0;0;193722.5;0;0;0;0;0;0;0;0;0;0;18443377.3;0;4215351.0;0;0;0;0;0;0;0;0;0;0;0;0.0
2006M04;256184062.5;0;0;0;0;0;0;0;0;0;0;0;0;0;0;0;0;0;0;0;514693.6;0;0;0;0;0;0;0;0;0;0;103589204.5;0;0;0;0;0;0;0;0;0;0;0;15559462.6;0;0;0;0;0;0;0;0;123969.3;0;0;0;0;0;0;0;0;1515263.4;0;26783661.0;0;0;0;0;0;0;0;0;0;0;579601.2;0;0;0;0;0;0;0;0;0;0;0;0;0;0;0;0;6601504.9;544068.7;3101654.7;0;0;13943191.1;0;0;0;0;0;0;0;0;3000176.6;0;0;0;0;0;0;0;2262977.4;0;0;0;0;0;0;0;0;0;0;0;0;0;158014.1;0;0;0;0;0;0;0;957852.7;43902.6;0;0;0;0;0;0;0;0;0;0;0;0;0;0;0;0;0;0;0;0;0;0;0;0;0;0;0;3481531.9;0;4808308.0;0;0;0;0;0;19378721.5;0;0;0;0;0;0;0;0;0;0;0;0;0;0;0;720592.1;0;0;0;3875699.0;203144.4;0;0;0;0;0;0;0;0;0;0;0;0;0;0;0;0;0;0;0;0;30371352.6;0;0;0;0;0;0;0;0;0;0;0;0;0;412698.0;0;1594378.2;0;0;204885.0;0;0;0;0;0;0;0;0;0;0;0;11242879.8;0;523525.6;0;0;0;0;0;0;0;0;0;0;87148.1;0.0
2006M05;223809757.2;0;0;0;0;0;0;0;0;0;0;0;0;0;0;0;0;0;0;0;162114.3;0;0;0;0;0;0;0;0;0;0;50401761.0;0;0;0;0;0;0;0;0;0;0;0;33098445.3;0;0;0;0;0;0;0;0;95065.1;0;0;1325.1;0;0;0;0;210331.6;673263.0;0;25380523.9;0;0;0;0;0;0;0;0;0;0;4004211.8;0;0;0;0;0;0;0;0;0;0;0;0;0;0;0;0;6807119.4;2555023.1;3511788.9;0;0;14058368.0;0;0;0;0;0;0;0;0;3582100.0;0;0;0;0;0;0;0;2421619.6;0;0;0;0;0;0;0;0;0;0;0;0;0;0;0;0;56286.2;0;0;0;0;6418879.1;0;0;0;0;0;0;0;0;0;0;0;0;0;0;0;0;0;0;0;0;0;0;0;0;0;0;0;0;954971.8;0;1905938.4;0;0;0;0;0;17031856.9;0;0;0;0;0;0;0;0;0;0;0;0;0;0;0;0;0;0;0;3925012.0;0;0;0;0;0;0;0;0;0;0;0;0;0;0;0;0;0;0;0;0;0;27980527.8;0;0;0;0;0;0;0;0;0;0;0;0;0;1239282.7;0;2434195.6;0;0;0;0;0;0;0;0;0;0;0;0;0;0;12948229.7;0;1951516.8;0;0;0;0;0;0;0;0;0;0;0;0.0
2006M06;354750836.7;0;0;0;0;0;0;0;0;0;0;0;0;0;0;0;0;0;0;0;208538.2;0;0;0;0;0;0;0;0;0;0;93907022.1;0;30397.7;0;0;0;0;0;0;0;0;0;35086210.3;0;0;0;0;0;0;0;0;188413.7;0;0;0;0;0;0;0;0;959661.8;0;39343335.9;0;0;0;0;0;0;0;0;0;0;1984666.8;0;0;0;0;0;0;0;0;0;0;0;0;0;0;0;0;12179049.7;327706.5;18558873.9;0;0;17342650.7;0;0;0;0;0;3091228.6;0;0;1331336.7;0;0;0;0;0;0;0;7677010.4;0;0;0;0;0;0;0;0;0;0;0;0;0;0;0;0;1582628.4;0;0;0;0;150206.8;67643.1;0;0;0;0;0;0;0;0;0;0;0;0;0;0;0;0;0;0;0;0;0;0;0;0;0;0;0;1037577.3;0;2659080.0;0;0;0;0;0;70379937.8;0;0;0;0;0;0;0;0;173000.0;0;0;0;0;0;203202.0;1121376.8;0;0;25674.0;5365954.1;536129.1;0;0;0;0;0;0;0;0;0;0;0;0;0;0;0;0;0;0;0;0;15780164.0;0;0;0;0;0;0;0;0;0;0;0;0;0;3312825.3;0;1873453.7;0;0;370625.0;0;0;0;0;0;0;0;0;0;0;0;17737915.1;0;0;55878.5;0;0;0;0;0;0;0;0;0;101462.7;0.0
2006M07;313405182.8;0;0;0;0;0;0;0;0;0;0;0;0;0;0;0;0;0;0;0;368929.1;0;0;0;0;0;0;0;0;0;0;87645296.3;0;0;0;0;0;0;0;0;0;0;0;29740748.7;0;0;0;0;0;0;0;0;633359.5;0;0;0;0;0;0;0;150062.3;594571.8;0;21994201.4;0;0;0;0;0;0;0;0;0;12991975.1;2354598.5;0;0;0;0;0;0;0;0;0;0;0;0;0;0;0;0;5733727.1;1038783.9;1256995.1;0;0;18122715.3;0;0;0;0;0;0;0;0;4382993.5;0;0;0;0;0;0;0;18550252.8;0;0;0;0;0;0;0;0;0;0;0;0;0;0;0;0;2330894.7;0;1637775.4;0;0;3591806.9;31170.4;0;0;293367.1;0;0;0;155491.5;0;0;0;0;0;0;0;0;0;0;0;0;0;0;0;0;0;0;0;0;1207829.9;0;3500987.0;0;0;0;0;0;42063100.1;0;0;0;0;0;0;0;0;0;0;0;0;0;0;126954.9;9802757.9;0;0;0;9085127.8;0;0;0;0;0;0;0;0;0;0;0;0;0;0;0;0;0;0;0;0;0;18658046.1;0;0;0;0;0;0;434572.3;0;0;0;0;0;0;1358038.5;0;708464.7;0;0;0;196826.5;0;0;0;0;0;0;0;0;0;0;8187682.0;0;4475078.7;0;0;0;0;0;0;0;0;0;0;0;0.0
2006M08;325533085.4;0;0;0;0;0;0;0;0;0;0;0;0;0;0;0;0;0;0;0;463503.2;0;0;0;0;0;0;0;0;0;0;73387438.9;0;0;0;0;0;0;0;0;0;0;0;44965160.3;0;0;0;0;0;0;0;0;69060.8;0;0;0;0;0;0;0;0;1158773.1;0;16486060.1;0;0;0;0;0;0;0;0;0;1090234.4;1900260.7;0;0;0;0;0;0;0;0;0;0;0;0;0;0;0;0;3523478.1;1370248.0;14886960.8;0;0;6370431.7;0;0;0;0;0;0;0;0;4192145.2;0;0;0;0;0;0;0;11063367.7;0;0;0;0;0;0;0;0;0;0;0;0;0;0;0;0;8383284.3;0;0;0;0;1311899.4;33525.8;0;0;0;0;0;0;0;0;0;0;0;0;0;0;0;0;0;0;0;0;0;0;0;0;0;0;0;545214.0;0;2125168.5;0;0;0;0;0;76690002.6;0;0;0;0;0;0;0;0;0;0;0;0;0;0;219393.0;10702707.9;0;0;0;10759694.6;1280079.9;0;0;0;0;0;0;0;0;0;0;0;0;0;0;0;0;0;0;0;0;12322166.0;0;0;0;0;0;0;0;0;0;0;0;0;0;2422489.0;0;2225878.6;0;0;0;0;0;0;0;0;0;0;0;0;0;0;14211320.8;0;1275484.0;0;0;0;0;0;0;0;0;0;0;97653.9;0.0
2006M09;376509818.0;0;0;0;0;0;0;0;0;0;0;0;0;0;0;0;0;0;0;0;0;0;0;0;0;0;0;0;0;0;0;106283538.4;0;0;0;0;0;0;0;0;0;0;0;41223772.4;0;0;0;0;0;0;0;0;1581640.6;0;0;0;0;0;0;0;0;12342447.8;0;40280765.5;0;0;0;0;0;0;0;0;0;3082090.0;245471.6;0;0;0;0;0;0;0;0;0;0;2440549.1;0;0;0;0;0;16288962.3;1769893.3;4519982.7;0;0;7004945.9;0;0;0;0;0;0;0;0;6579520.9;0;0;0;0;0;0;0;6931040.6;0;0;0;0;0;0;0;0;0;0;0;0;0;0;0;0;4086917.5;0;0;0;0;1210850.4;64047.4;0;0;0;0;0;0;0;0;0;0;0;0;0;0;0;0;0;0;0;0;0;0;0;0;0;0;0;1194415.5;0;3951880.2;0;0;0;0;0;29881374.9;0;0;0;0;0;0;0;0;0;0;0;0;0;0;248594.5;3100248.7;0;0;0;17460547.1;7495966.0;0;0;0;0;0;0;0;0;0;0;0;0;0;0;0;0;0;0;0;0;29701333.8;0;0;0;0;0;0;0;0;0;0;300503.4;0;0;3344394.3;0;6038486.0;0;0;0;0;0;0;0;0;0;0;0;0;0;0;15325672.3;0;2330142.6;0;0;0;0;0;0;0;0;0;0;199822.4;0.0
2006M10;413896387.6;0;0;0;0;0;0;0;0;0;0;0;0;0;0;0;0;0;0;0;0;0;0;0;0;0;0;0;0;0;0;81232361.5;0;0;0;0;0;0;0;0;0;0;0;45633658.2;0;0;0;0;0;0;0;0;494586.7;0;0;0;0;0;0;0;0;352108.4;0;41281285.9;0;0;0;0;0;0;0;0;0;944425.2;1936949.7;0;0;0;0;0;0;0;0;0;578314.3;0;0;0;0;0;0;12450928.0;1169463.8;2589991.5;542792.3;0;4314394.7;0;0;0;0;0;0;0;0;3791972.7;0;0;0;0;0;0;0;3958037.1;0;0;0;0;0;0;0;0;0;0;0;0;0;88383.2;0;0;908403.3;0;0;0;0;2240030.5;60761.0;0;0;0;0;0;0;0;0;0;0;0;0;0;0;0;0;0;0;0;0;0;0;0;0;0;0;0;4196659.2;0;3465048.3;0;0;0;0;0;122331672.4;0;0;0;0;0;0;0;0;0;0;0;0;0;0;248466.0;1631769.0;0;0;0;15297794.0;2327557.5;0;0;0;0;0;0;0;0;0;0;0;0;0;0;0;0;0;0;0;0;27321163.7;0;0;0;0;0;0;0;0;0;0;0;0;0;4956612.6;0;2079745.0;0;0;939007.0;0;0;0;0;0;0;0;3100045.2;0;0;0;21287923.5;0;46859.4;0;0;0;0;0;0;0;0;0;0;97216.8;0.0
2006M11;346913744.4;0;0;0;0;0;0;0;0;0;0;0;0;0;0;0;0;0;0;0;1815970.8;0;0;0;0;0;0;0;0;0;0;61438986.8;0;0;0;0;0;0;0;0;0;0;0;47137711.6;0;0;410916.3;0;0;0;0;0;1540605.1;0;0;0;0;0;0;0;241748.7;2915469.6;0;37475576.2;0;0;0;0;0;0;0;0;0;0;1011571.5;0;0;0;0;0;0;0;0;0;0;9110218.7;0;0;0;0;0;11753539.3;379295.3;7216320.8;0;0;5510735.1;0;0;0;0;0;0;0;0;7424191.1;0;0;0;0;0;0;0;14793388.6;0;0;0;0;0;0;0;0;0;0;0;0;0;0;0;0;0;0;0;0;0;1752442.2;44598.0;0;0;0;0;0;0;0;0;0;0;0;0;0;0;0;0;0;0;0;0;0;0;0;0;0;0;0;4013858.4;0;5031769.0;0;0;0;0;0;47872078.5;0;0;0;0;0;0;0;0;0;0;0;0;0;0;724224.3;799727.2;0;0;0;16565869.5;2989447.2;0;0;0;0;0;0;0;0;0;0;0;0;0;0;0;0;0;0;0;0;26083450.1;0;0;0;0;0;0;0;0;0;0;30124.5;0;0;3460742.6;0;2234382.1;0;0;0;0;0;0;0;0;0;0;0;0;0;0;24615167.8;0;420735.6;0;0;0;0;0;0;0;0;0;0;98882.0;0.0
2006M12;300158280.1;0;0;0;0;0;0;0;0;0;0;0;0;0;0;0;0;0;0;0;621916.8;0;0;0;0;0;0;0;0;0;0;73708333.4;0;46041.8;0;0;0;0;0;0;0;0;0;49569338.7;0;0;0;0;0;0;0;0;112743.0;0;0;0;0;0;0;0;0;2086033.4;0;28978936.6;0;0;0;0;0;0;0;0;0;0;1920239.7;0;0;0;0;0;0;0;0;0;0;3277471.0;0;0;0;0;0;3751001.4;1056215.4;6607259.4;0;429874.9;9315751.7;0;0;0;0;0;0;0;0;3074411.8;0;0;0;0;0;0;0;2143361.4;0;0;0;0;0;0;0;0;0;0;0;0;0;0;0;0;0;0;0;0;0;782975.0;126193.1;0;0;0;0;0;0;0;0;0;0;0;0;0;0;0;0;0;0;0;0;0;0;0;0;0;0;0;7342621.1;0;4252737.3;0;0;0;0;0;17320268.6;0;0;0;0;0;0;0;0;432141.6;0;0;0;0;0;362030.8;449695.5;0;0;0;21681191.5;1232412.0;0;0;0;0;0;0;0;0;0;0;0;0;0;0;0;0;29797.1;0;0;0;22454846.5;0;0;0;0;0;0;0;0;0;0;0;0;0;1581543.1;0;2383834.4;0;0;0;0;0;0;0;0;0;0;0;0;0;0;32060487.6;0;876322.1;0;0;0;0;0;0;0;0;0;0;90252.5;0.0
2007M01;347423750.1;0;0;0;0;0;0;0;0;0;0;0;0;0;0;0;0;0;0;0;137671.5;0;0;0;0;0;0;0;0;0;0;116889586.9;0;0;0;0;0;0;0;0;0;0;0;34633099.8;0;0;0;0;0;0;0;0;1326182.4;0;0;0;0;0;0;0;363256.6;1491809.8;0;40360979.5;0;0;0;0;0;0;0;0;0;0;640948.5;0;0;0;0;0;0;0;0;0;0;0;0;0;0;0;0;5369302.6;4238913.1;6157820.7;0;429779.2;16557690.5;0;0;0;0;0;0;0;0;3932047.2;0;0;0;0;0;0;0;7371460.2;0;0;0;0;0;0;0;0;0;0;0;0;0;0;0;0;0;0;0;0;0;259144.3;81309.8;0;0;0;0;0;0;0;0;0;0;0;0;0;0;0;0;0;0;0;0;0;0;0;0;0;0;0;2049880.8;0;1749232.4;0;0;0;0;0;45774583.8;0;0;0;0;0;0;0;0;0;0;0;0;0;0;0;2153809.4;0;0;0;3108708.8;3154920.4;0;0;0;0;0;0;0;0;0;0;0;0;0;0;0;0;0;0;0;0;19494068.3;0;0;0;0;0;0;0;0;0;0;4094880.0;0;0;314685.2;0;1008342.9;0;0;610344.0;0;0;0;0;0;0;0;0;0;0;0;21401202.2;0;2174067.9;0;0;0;0;0;0;0;0;0;0;94021.4;0.0
2007M02;390417345.0;0;0;0;0;0;0;0;0;0;0;0;0;0;0;0;0;0;0;0;1125240.9;0;0;0;0;0;0;0;0;0;0;58034445.1;0;0;0;0;0;0;0;0;0;0;0;52332351.0;0;0;860823.3;0;0;0;0;0;51510.2;0;0;0;0;0;0;0;0;2610567.8;0;42405358.1;0;0;0;0;0;0;0;0;0;11113411.0;1956436.1;0;0;0;0;0;0;0;0;0;0;0;0;0;0;0;0;6145328.6;453890.4;40694757.5;0;388962.0;15526781.9;0;0;0;0;0;0;0;0;5414933.0;0;0;0;0;0;0;0;14278612.9;0;0;0;0;0;0;0;0;0;0;0;0;0;0;0;0;0;0;0;0;0;4132123.6;31496.7;0;0;0;0;0;0;0;0;0;0;0;0;0;0;0;701069.0;0;0;0;0;0;0;0;0;0;0;0;5200264.1;0;4143931.7;0;0;0;0;0;41162188.5;0;0;0;0;0;0;0;0;0;0;0;0;0;0;306821.0;3743011.1;0;0;721750.2;5196115.8;2913635.3;0;0;0;0;0;0;0;0;0;0;0;0;0;0;0;0;0;0;0;0;46675897.4;0;0;0;0;0;0;0;0;0;0;718196.9;0;0;2545849.7;0;2294081.9;0;0;702579.0;0;0;0;0;0;0;0;0;0;0;0;15144966.5;0;494814.6;0;0;0;0;0;0;0;0;0;0;195142.3;0.0
2007M03;356804781.8;0;0;0;0;0;0;0;0;0;0;0;0;0;0;0;0;0;0;0;308233.8;0;0;0;0;0;0;0;0;0;0;72174238.7;0;0;0;0;0;0;0;0;0;0;0;59864134.8;0;0;420033.9;0;0;0;0;0;128962.1;0;0;0;0;0;0;0;445220.1;2873530.1;0;31686035.7;0;0;0;0;0;0;0;0;0;0;236606.2;0;0;0;0;0;0;0;0;0;0;23000.0;0;0;0;0;0;7370708.9;688050.0;11910534.6;0;784845.0;14843825.0;0;0;0;0;0;0;0;17129.9;5019251.4;0;0;0;0;0;0;0;3470816.5;0;0;0;0;0;0;0;0;0;0;0;0;0;0;0;0;0;0;0;0;0;142217.6;26020.1;0;0;0;0;0;0;0;0;0;0;0;0;0;0;0;0;0;0;0;0;0;0;0;0;0;0;0;3162257.8;0;5289366.6;0;0;0;0;0;33818761.2;0;0;0;0;0;0;0;0;0;0;0;0;0;0;500427.2;5905786.0;0;0;902485.0;11085056.9;7329127.2;0;0;0;0;0;0;0;0;0;0;0;0;0;0;0;0;0;0;0;0;37831469.8;0;0;0;0;0;0;0;0;0;0;231125.3;0;0;2026460.9;0;4748761.3;0;0;0;241570.3;0;0;0;0;0;0;0;0;0;0;30605883.1;0;502108.3;0;0;0;0;0;0;0;0;0;0;190740.6;0.0
2007M04;354724812.9;0;0;0;0;0;0;0;0;0;0;0;0;0;0;0;205252.2;0;0;0;427083.3;0;0;0;0;0;0;0;0;0;0;135240240.7;0;0;0;0;0;0;0;0;0;0;0;21183921.2;0;0;782500.6;0;0;0;0;0;0;0;0;0;0;0;0;0;0;879348.8;0;23485729.4;0;0;0;0;0;5600000.0;0;0;0;1093221.3;1935778.6;0;0;0;0;0;0;0;0;0;0;9964.0;0;0;0;0;0;1638751.2;126238.7;5213397.3;0;392099.9;18352103.9;0;0;0;0;0;0;0;0;2845165.3;0;0;0;0;0;0;0;3019013.3;0;0;0;0;0;0;0;0;0;0;0;0;0;0;0;0;0;0;0;0;0;774366.4;58610.8;0;0;0;0;0;0;0;0;0;0;0;0;0;0;0;0;0;0;0;0;0;0;0;0;0;0;0;3344463.1;0;19368234.3;0;0;0;0;0;47161336.7;0;0;0;0;0;0;0;0;0;0;0;0;0;0;497988.2;4062060.3;0;0;429764.8;6864792.1;3158437.5;0;0;0;0;0;0;0;0;0;0;0;0;0;0;0;0;0;0;0;0;22245139.8;0;0;0;0;0;0;0;0;0;0;3756.3;0;0;3508403.7;0;2270914.3;0;0;0;0;0;0;0;0;0;0;0;0;0;0;18378525.2;0;75992.4;0;0;0;0;0;0;0;0;0;0;92217.3;0.0
2007M05;310017529.1;0;0;0;0;0;0;0;0;0;0;0;0;0;0;0;0;0;0;0;104645.8;0;0;0;0;0;0;0;0;0;0;51746816.1;0;0;0;0;0;0;0;0;0;0;0;58036810.8;0;0;369303.8;0;0;0;0;0;0;0;0;0;0;0;0;0;273695.7;2520414.4;0;19315822.0;0;0;0;0;0;0;0;0;0;19864124.5;4771278.0;0;0;0;0;0;0;0;0;0;0;0;0;0;0;0;0;7789490.0;958036.9;6483096.3;0;425446.8;13595220.6;0;0;0;0;0;0;0;0;2989235.2;0;0;0;0;0;0;0;2781441.4;0;0;0;0;0;0;0;0;0;0;0;0;0;0;0;0;0;0;0;0;0;0;86970.6;0;0;0;0;0;0;5337.0;0;0;0;0;0;0;0;0;0;0;0;0;0;0;0;0;0;0;0;0;3985650.7;0;16778234.5;0;0;0;0;0;30702992.6;0;0;0;0;0;0;0;0;0;0;0;0;0;0;999091.8;2919678.2;0;0;0;9229500.8;2292030.0;0;0;0;0;0;0;0;0;0;0;0;0;0;0;0;0;0;0;0;0;24612707.2;0;0;0;0;0;0;338440.0;0;0;0;0;0;0;5774500.7;0;3673947.5;0;0;0;0;0;0;0;0;0;0;0;0;0;0;15790617.6;0;802951.7;0;0;0;0;0;0;0;0;0;0;0;0.0
2007M06;381337552.4;0;0;0;0;0;0;0;0;0;0;0;0;0;0;0;0;0;0;0;423811.9;0;0;0;0;0;0;0;0;0;0;82738925.0;0;0;0;0;0;0;0;0;0;0;0;47092805.4;0;0;776749.7;0;0;0;0;0;0;0;0;0;0;0;0;0;0;862596.8;0;32380873.6;0;0;0;0;0;0;0;0;0;553947.4;62289187.0;0;0;0;0;0;0;0;0;0;0;0;0;0;0;0;0;2916568.3;0;8280762.1;0;380732.1;11932083.6;0;0;0;0;0;0;0;0;3095975.5;0;0;0;0;0;0;0;4657280.7;0;0;0;0;0;0;0;0;0;0;0;0;0;0;0;0;0;0;0;0;0;0;75234.3;0;0;0;0;0;0;0;0;0;0;0;0;0;0;0;0;0;0;0;0;0;0;0;0;0;0;0;1349698.4;0;25246894.7;0;0;0;0;0;45641692.8;0;0;0;0;0;0;0;0;0;0;0;0;0;0;0;2567115.5;0;0;0;5560630.1;4669769.5;0;6872.8;0;0;0;0;0;0;0;0;0;0;0;0;0;0;0;0;0;0;24405357.9;0;0;0;0;0;0;0;0;0;0;0;0;0;1832116.6;0;2513463.1;0;0;0;0;0;0;0;0;0;0;0;0;0;0;8457037.4;0;0;0;0;0;0;0;0;0;0;0;0;629370.2;0.0
2007M07;294264131.3;0;0;0;0;0;0;0;0;0;0;0;0;0;2372.0;0;0;0;0;0;61524.4;0;0;0;0;0;0;0;0;0;0;61858457.0;0;0;0;0;0;0;0;0;0;0;0;13898975.5;0;0;0;0;0;0;0;0;0;0;0;0;0;0;0;0;0;2207133.9;0;20296103.6;0;0;0;0;0;0;0;0;0;14268912.5;1043681.1;0;0;0;0;0;0;0;0;0;0;0;0;0;0;0;0;5621085.5;1070240.1;10997609.7;0;0;9838168.3;0;0;0;0;0;0;0;0;4987141.4;0;0;0;0;0;0;0;7801479.8;0;0;0;0;0;0;0;0;0;0;0;0;0;0;0;0;0;0;0;0;0;994199.8;63783.4;0;0;0;0;0;0;0;0;0;0;0;0;0;0;0;0;0;0;0;0;0;0;0;0;0;0;0;14297308.8;0;23712801.9;0;0;0;0;0;33379068.9;0;0;0;0;0;0;0;0;0;0;0;0;0;0;0;16451725.0;0;0;191722.6;14829562.6;948631.8;0;0;0;0;0;0;0;0;0;0;0;0;0;0;0;0;0;0;0;0;24492925.0;0;0;0;0;0;0;0;0;0;0;0;0;0;125517.0;0;1242058.2;0;0;0;0;0;0;0;0;0;0;0;0;0;0;9581941.6;0;0;0;0;0;0;0;0;0;0;0;0;0;0.0
2007M08;287504666.0;0;0;0;0;0;0;0;0;0;0;0;0;0;0;0;0;0;0;0;2232.0;0;0;0;0;0;0;0;0;0;0;98699363.8;0;0;0;0;0;0;0;0;0;0;0;26398418.2;0;0;0;0;0;0;0;0;473071.6;0;0;0;0;0;0;0;0;1089796.8;0;14393252.0;0;0;0;0;0;0;0;0;0;250537.5;1801081.4;0;0;0;0;0;0;0;0;0;0;0;0;0;0;0;0;2673054.6;630204.8;2698940.8;0;0;1597902.3;0;0;0;0;0;0;0;0;1530439.2;0;0;0;0;0;0;0;6839401.3;0;0;0;0;0;0;0;0;0;0;0;0;0;277545.7;0;0;0;0;0;0;0;497486.5;87917.1;0;0;0;0;0;0;0;0;0;0;0;0;0;0;0;0;0;0;0;0;0;0;0;0;0;0;0;2195657.3;649491.4;17384042.2;0;0;0;0;0;53804206.7;0;0;0;0;0;0;0;0;0;0;0;0;0;0;177436.9;1447892.5;0;0;315190.8;9469727.1;540066.7;0;0;0;0;0;0;0;0;0;0;0;0;0;0;0;0;0;0;0;0;20839251.1;0;0;0;0;0;0;0;0;0;0;0;0;0;1927242.9;0;4767017.8;0;0;0;499350.7;0;0;0;0;0;0;55904.6;0;0;0;12726459.8;0;765081.8;0;0;0;0;0;0;0;0;0;0;0;0.0
2007M09;353406793.8;0;0;610583.7;0;0;0;0;0;0;0;0;0;0;0;0;0;0;665575.1;0;154647.6;0;0;0;0;0;0;0;0;0;0;84071815.7;0;0;0;0;0;0;0;0;0;0;0;46817020.5;0;0;0;0;0;0;0;0;0;0;0;0;0;0;0;0;188503.2;2837894.7;0;21174831.6;0;0;0;0;0;0;0;0;0;0;2726673.8;0;0;0;0;0;0;0;0;0;0;8072778.8;0;0;0;0;0;12478985.8;1010393.2;10457352.2;0;434087.1;4552836.9;0;0;0;0;0;0;0;0;2943225.6;0;0;0;0;0;0;0;3307859.2;0;0;0;0;0;0;0;0;0;0;0;0;0;404206.7;0;0;0;0;0;0;0;0;52646.0;0;0;0;0;0;0;0;0;0;0;0;0;0;0;0;0;0;0;0;0;0;0;0;0;0;0;0;2972526.0;0;18532325.3;0;0;0;0;0;52228934.1;0;0;0;0;0;0;0;0;27743.0;0;0;0;0;0;476030.3;4971823.3;0;0;268678.1;15210315.0;9236193.1;0;0;0;0;0;0;0;0;0;0;0;0;0;0;0;0;0;0;0;0;21157296.1;0;0;0;0;0;0;0;0;0;0;0;0;0;4237950.5;0;1901641.4;0;0;1305586.1;1761455.4;0;0;0;0;0;0;0;0;0;0;16048777.2;28490.0;0;0;0;0;0;0;0;0;0;0;0;79111.6;0.0
2007M10;361209200.7;0;0;0;0;0;0;0;0;0;0;0;0;0;0;0;0;0;0;0;172606.5;0;0;0;0;0;0;0;0;0;0;77266013.8;0;0;0;0;0;0;0;0;0;0;0;45182103.7;0;0;0;0;0;0;0;0;1537979.5;0;0;58982.0;0;0;0;0;0;189704.0;0;17464209.2;0;0;0;0;0;0;0;0;0;570351.6;1791928.5;0;0;0;0;0;0;0;0;0;0;113317.5;0;0;0;0;0;12812978.3;0;8560904.1;0;0;1627579.1;0;0;0;0;0;0;0;0;1146457.6;0;0;0;0;0;0;0;496444.9;0;0;0;0;0;0;0;0;0;0;0;0;0;0;0;0;12494406.1;0;0;0;0;3417619.9;71353.5;0;0;0;0;0;0;0;0;0;0;0;0;0;0;0;0;0;0;0;0;0;0;0;0;0;0;0;3100955.5;0;10938345.1;0;0;0;0;0;82770441.4;0;0;0;0;0;0;0;0;37900.2;0;0;0;0;0;986890.8;4438475.7;0;0;325085.0;10166868.0;3337589.3;0;0;0;0;0;0;0;0;0;0;0;0;0;0;0;0;0;0;0;0;29420000.4;0;0;0;0;0;0;0;0;0;0;0;0;0;4213068.5;0;2294085.3;0;0;998393.2;440011.4;0;0;0;0;0;0;0;0;0;0;20522157.9;0;1124498.7;0;0;0;0;0;0;0;0;0;0;1119494.4;0.0
2007M11;367210829.3;0;0;0;0;0;0;0;0;0;0;0;0;0;0;0;0;0;0;0;140619.5;0;0;0;0;0;0;0;0;0;0;84400650.2;0;0;0;0;0;0;0;0;0;0;0;60238323.6;0;0;0;0;0;0;0;0;1118923.0;0;0;0;0;0;0;0;160638.6;1936022.0;0;19662301.1;0;0;0;0;0;0;0;0;0;1551450.5;735429.9;0;0;0;0;0;0;0;0;0;0;0;0;0;0;0;0;12927627.3;367047.6;2512907.2;0;418599.9;995055.5;0;0;0;0;0;0;0;0;2553532.1;0;0;0;0;0;0;0;0;0;0;0;0;0;0;0;0;0;0;0;0;0;0;0;0;0;0;0;0;0;276317.6;135484.0;0;0;0;0;0;0;0;0;0;0;0;0;0;0;0;0;0;0;0;0;0;0;0;0;0;0;0;3838316.8;0;11114883.6;0;0;0;0;0;72219233.8;0;0;0;0;0;0;0;0;0;0;0;0;0;0;0;3858942.1;0;0;0;15277789.2;1662511.6;0;0;0;0;0;0;0;0;0;0;0;0;0;0;0;0;0;0;0;0;38722619.7;0;0;0;0;0;0;0;0;0;0;0;0;0;2590371.3;0;2939497.5;0;0;0;0;0;0;0;0;0;0;0;0;0;0;24336169.8;0;439871.2;0;0;0;0;0;0;0;0;0;0;79693.0;0.0
2007M12;278265026.7;0;0;0;0;0;0;0;0;0;0;0;0;0;0;0;0;0;0;0;826563.2;0;0;0;0;0;0;0;0;0;0;46453121.1;0;0;0;0;0;0;0;0;0;0;0;55253992.2;0;0;0;0;0;0;0;0;1126672.0;0;0;0;0;0;0;0;0;1076691.0;0;16856368.4;0;0;0;0;0;0;0;0;0;1448960.5;14528364.1;0;0;0;0;0;0;0;0;0;0;0;0;0;0;0;0;3803714.5;379080.0;2972773.4;557458.5;754275.8;9326885.4;0;0;0;0;0;0;0;0;1274781.1;0;0;0;0;0;0;6752567.0;3341288.4;0;0;0;0;0;0;0;0;0;0;0;0;0;0;0;0;0;0;0;0;0;0;60698.6;0;0;0;0;0;0;0;0;0;0;0;0;0;0;0;0;0;0;0;0;0;0;0;0;0;0;0;4819240.3;0;4353747.1;0;0;0;0;0;14115400.8;0;0;0;0;0;0;0;0;0;0;0;0;0;0;979983.5;2258645.9;0;0;37391.7;20811875.2;227350.1;0;0;0;0;0;0;0;0;0;0;0;0;0;0;0;0;0;0;0;0;34380524.8;0;0;0;0;0;0;0;0;0;0;0;0;0;2403699.3;0;1450313.4;0;0;3619709.9;395972.3;0;0;0;0;0;0;0;0;0;0;21438642.2;0;0;0;0;0;0;0;0;0;0;0;0;178275.1;0.0
2008M01;260609643.9;0;0;0;0;0;0;0;0;0;0;0;0;0;0;0;0;0;0;0;336763.7;0;0;0;0;0;0;0;0;0;0;82809069.9;0;0;0;0;0;0;0;0;0;0;0;56359522.3;0;0;0;0;0;0;0;0;0;0;0;0;0;0;0;0;120719.7;840515.4;0;12285672.4;0;0;0;0;0;0;0;0;0;980935.4;296478.8;0;0;0;0;0;0;0;0;0;0;2393687.3;0;0;0;0;0;6165389.7;3588310.8;6649799.8;0;0;8823059.9;0;0;0;0;0;0;0;0;2146678.3;0;0;0;0;0;0;0;1664842.7;0;0;0;0;0;0;0;0;0;0;0;0;0;0;0;0;68787.8;0;0;0;0;988055.1;63547.8;0;0;0;0;0;0;0;0;0;0;0;0;0;0;0;0;0;0;0;0;0;0;0;0;0;0;0;2067037.8;0;2640636.3;0;0;0;0;0;7203966.7;0;0;0;0;0;0;0;0;0;0;0;0;0;0;1015222.9;387979.9;0;0;0;1966963.5;996827.0;0;0;0;0;0;0;0;0;0;0;0;0;0;0;0;0;0;0;0;0;33605485.2;0;0;0;0;0;0;0;0;0;0;0;0;0;3081492.0;0;936154.9;0;0;0;706061.5;0;0;0;0;0;0;0;0;0;0;14227278.5;0;5003758.1;0;0;0;0;0;0;0;0;0;0;188942.9;0.0
2008M02;645424477.2;0;0;0;0;0;0;0;0;0;0;0;0;0;0;0;188976.0;0;0;0;532787.8;0;0;0;0;0;0;0;0;0;0;65238860.9;0;0;0;0;0;0;0;0;0;0;0;61954579.2;0;0;0;0;0;0;0;0;851911.8;0;0;0;0;0;0;0;0;1307461.7;0;19970821.4;0;0;0;0;0;0;0;0;0;17239769.5;775770.8;0;0;0;0;0;0;0;0;0;0;0;0;0;0;0;0;7739240.1;10783449.4;6612351.6;0;0;3879308.8;0;0;0;0;0;0;0;0;1513007.1;0;0;0;0;0;0;0;1281940.7;0;0;0;0;0;0;0;0;0;0;0;0;0;0;0;0;0;0;0;0;0;1152117.5;65000.1;0;0;0;0;0;0;0;0;0;0;0;0;0;0;0;0;0;0;0;0;0;0;0;0;0;0;0;4268656.5;0;4360044.2;0;0;0;0;0;354843719.8;0;0;0;0;0;0;0;0;0;0;0;0;0;0;0;403095.9;0;0;216854.0;5672018.0;447830.5;0;0;0;0;0;0;0;0;0;0;0;0;0;0;0;0;410680.0;0;0;0;42699983.5;0;0;0;0;0;0;0;0;0;0;0;0;0;710519.1;0;3336898.5;0;0;1387828.9;386960.5;0;0;0;0;0;0;0;0;0;0;24955596.5;0;41530.2;0;0;0;0;0;0;0;0;0;0;194906.5;0.0
2008M03;327202331.4;0;0;0;0;0;0;0;0;0;0;0;0;0;0;0;0;0;0;0;656751.9;0;0;0;0;2154.0;0;0;0;0;0;84217908.8;0;0;0;0;0;0;0;0;0;0;0;45888233.2;0;0;0;0;0;0;0;0;2496315.5;0;0;0;0;0;0;0;0;5387636.7;0;35076344.2;0;0;0;0;0;0;0;23316.3;0;1024087.8;4600224.3;0;0;0;0;0;0;0;0;0;0;2504656.2;0;0;0;0;0;5187421.2;456568.5;18611001.8;0;0;2672461.7;0;0;0;0;0;0;0;0;2571215.2;0;0;0;0;0;0;0;1363048.2;0;0;0;0;0;0;0;0;0;0;0;0;0;0;0;0;0;0;0;0;0;523954.1;94657.3;0;0;0;0;0;0;0;0;0;0;0;0;0;0;0;77960.6;0;0;0;0;0;0;0;0;0;0;0;7977925.0;0;2981792.5;0;0;0;0;0;15752242.5;0;0;0;0;0;0;0;0;0;0;0;0;0;0;217030.4;4160417.9;0;0;449097.8;9627080.3;735728.2;0;0;0;0;0;0;0;0;0;0;0;0;0;0;0;0;1930982.7;0;0;0;40298987.1;0;0;0;0;0;0;486796.4;0;0;0;2177405.0;0;0;2542355.6;0;4162043.9;0;0;0;0;0;0;0;0;0;0;0;0;0;0;19731481.3;0;85080.2;0;289814.8;0;0;0;0;0;0;0;0;160152.1;0.0
2008M04;288499919.2;0;0;0;0;0;0;0;0;0;0;0;0;0;0;0;0;0;0;0;530590.5;0;0;0;0;0;0;0;0;0;0;71988462.2;0;0;0;0;0;0;0;0;0;0;0;42511689.5;0;0;0;0;0;0;0;0;1379982.8;0;0;0;0;0;0;0;0;3331103.3;0;27035652.6;0;0;0;0;0;0;0;0;0;0;1230042.8;0;0;0;0;0;0;0;0;0;0;0;0;0;0;0;0;4516460.6;0;23991091.3;0;0;1154086.8;0;0;0;0;0;0;0;0;2825387.7;0;0;0;0;0;0;0;4749643.4;0;0;0;0;0;0;0;0;0;0;0;0;0;88574.2;0;0;0;0;0;0;0;533674.3;60803.9;0;0;0;0;0;0;0;0;0;0;0;0;0;0;0;77980.8;0;0;0;0;0;0;0;0;0;0;0;3897086.5;0;4806498.9;0;0;0;0;0;10052660.9;0;0;0;0;0;0;0;0;0;0;0;0;0;0;0;3710002.1;0;0;0;8493574.7;677227.9;0;0;0;0;0;0;0;0;0;0;0;0;0;0;0;0;0;0;0;0;31403909.5;0;0;0;0;0;0;0;0;0;0;0;0;0;3052405.1;0;3309991.4;0;0;5364580.8;0;0;0;0;0;0;0;0;0;0;0;27107473.6;0;0;0;0;0;0;0;0;0;0;0;0;619281.1;0.0
2008M05;391695540.3;0;0;0;0;0;0;0;0;0;0;0;0;0;182721.6;0;0;0;0;0;1829614.6;0;0;0;0;0;0;0;0;0;0;111408694.2;0;0;0;0;0;0;0;0;0;0;0;48448335.8;0;0;0;0;0;0;0;0;3066646.5;0;0;0;0;0;0;0;255854.9;3640362.0;0;39414500.4;0;0;0;0;0;0;0;0;0;32235818.5;2134978.0;0;0;0;0;0;0;0;0;0;0;0;0;0;0;0;0;13442135.3;885378.9;9501912.3;0;0;1901023.7;0;0;0;0;0;0;0;0;2929732.6;0;0;0;0;0;0;0;384454.9;0;0;0;0;0;0;0;0;0;0;0;0;0;0;0;0;347333.7;0;0;0;0;37190.0;65369.4;0;0;0;0;0;0;0;0;0;0;0;0;0;0;0;97848.4;0;0;0;0;0;0;0;0;0;0;0;6528162.8;0;5222763.3;0;0;0;0;0;23223470.5;0;0;0;0;0;0;0;0;0;0;0;0;0;0;1021404.1;5878041.7;0;0;0;10202993.8;2636846.1;0;0;0;0;0;0;0;0;0;0;0;0;0;0;0;0;0;0;0;0;28763562.7;0;0;0;0;0;0;0;0;0;0;0;0;0;1101242.4;0;4606333.0;0;0;473317.5;0;0;0;0;0;0;0;0;0;0;0;29220393.1;0;424712.0;0;0;0;0;0;0;0;0;0;0;182391.8;0.0
2008M06;291924665.9;0;0;0;0;0;0;0;0;0;0;0;0;0;0;0;0;0;0;0;474292.8;0;0;0;0;0;0;0;0;0;0;91607532.2;0;0;0;0;0;0;0;0;0;0;0;37590159.3;0;0;0;0;0;0;0;0;2906329.9;0;0;0;0;0;0;0;247211.4;2001671.6;0;34518764.8;0;0;0;0;0;0;0;0;0;229578.1;1934502.4;0;0;0;0;0;0;0;0;0;0;204337.0;0;0;0;0;0;9635653.9;0;3208254.7;0;0;3205086.6;0;0;0;0;0;0;0;0;2889751.5;0;0;0;0;0;0;0;892046.5;0;0;0;0;0;0;0;0;0;0;0;0;0;0;0;0;58556.4;0;0;0;0;822162.8;65673.6;0;0;0;0;0;0;0;0;0;0;0;0;0;0;0;489905.5;0;0;0;0;0;0;0;0;0;0;0;2273529.4;0;18786432.1;0;0;0;0;0;12148087.3;0;0;0;0;0;0;0;0;0;0;0;0;0;0;0;1274003.2;0;0;229458.9;11083562.9;5698357.1;0;0;0;0;0;0;0;0;0;0;0;0;0;0;0;0;0;0;0;0;18777370.8;0;0;0;0;0;0;0;0;0;0;0;0;0;45430.0;0;1274442.4;0;0;424647.3;0;0;566887.1;0;0;0;0;0;0;0;0;20781604.3;0;5322850.5;0;0;0;0;0;0;0;0;0;0;256532.1;0.0
2008M07;264687905.3;0;0;0;0;0;0;0;0;0;0;0;0;0;0;0;0;0;0;0;2209365.6;0;11176.3;0;0;0;0;0;0;0;0;44973862.9;0;0;0;0;0;0;0;0;0;0;0;24933557.6;0;0;0;0;0;0;0;0;6883908.7;0;0;0;0;0;0;0;188109.1;3719957.9;0;30079290.8;0;0;0;0;0;0;0;0;0;226170.2;2092742.1;0;0;0;0;0;0;0;0;0;0;0;0;0;0;0;0;9579405.5;0;2329405.4;0;0;22223512.6;0;0;0;0;0;0;0;0;2215250.4;0;0;0;0;0;0;0;5696732.7;0;0;0;0;0;0;0;0;0;0;0;0;0;0;0;0;0;0;0;0;0;135641.9;109181.5;0;0;0;0;0;0;0;0;0;0;0;0;0;0;0;98252.4;0;0;0;0;0;0;0;0;0;0;0;4078144.9;0;8563093.5;0;0;0;0;0;26649953.3;0;0;97842.9;0;0;0;0;0;0;0;0;0;0;0;1016608.1;4029312.8;0;0;0;10954883.4;2472667.3;0;0;0;0;0;0;0;0;0;0;0;0;0;0;0;0;0;0;0;0;17280283.3;0;0;0;0;0;0;0;0;0;0;0;0;0;99.9;0;2203566.1;0;0;918071.7;978148.7;0;0;0;0;0;0;0;0;0;0;25356459.8;0;2198712.8;0;0;0;0;0;0;0;0;0;0;184533.3;0.0
2008M08;296650883.2;0;0;0;0;0;0;0;0;215682.2;0;0;0;0;0;0;357850.8;0;0;0;661120.9;0;0;0;0;0;0;0;0;0;0;72261490.1;0;0;0;0;0;0;0;0;0;0;0;18645837.2;0;0;0;0;0;0;0;0;2192835.1;0;0;0;0;0;0;0;0;2446849.5;0;25750413.8;0;0;0;0;0;0;0;0;0;18146654.9;4474609.8;0;0;0;0;0;0;0;0;0;0;213905.7;0;0;0;0;0;9011880.1;3629558.4;22920005.5;0;0;12569170.5;0;0;0;0;0;0;0;0;2563234.5;0;0;0;0;0;0;0;3553681.6;0;0;0;0;0;0;0;0;0;0;0;8099141.9;0;0;0;0;0;0;0;0;0;1146638.9;94013.7;0;0;0;0;0;0;0;0;0;0;0;0;0;0;0;0;0;0;0;0;0;0;0;0;0;0;0;724136.7;0;9303534.8;0;0;0;0;0;14516020.0;0;0;0;0;0;0;0;0;736864.6;0;0;0;0;0;0;8962487.2;0;0;310738.4;17588191.1;4405530.9;0;0;0;0;0;0;0;0;0;0;0;0;0;0;0;0;0;0;0;0;10586927.9;0;0;0;0;0;0;0;0;0;0;0;0;0;0;0;2715619.5;0;0;2813731.5;1080309.0;0;0;0;0;0;0;0;0;0;0;12171039.3;0;1683125.4;0;0;0;0;0;0;0;0;0;0;98051.8;0.0
2008M09;333489454.6;0;0;0;0;0;0;0;0;0;0;0;0;0;0;0;0;0;0;0;1285363.2;0;0;0;0;0;0;0;0;0;0;57633072.3;0;0;0;0;0;0;0;0;0;0;0;28509116.2;0;0;0;0;0;0;0;0;1905106.6;0;0;0;0;0;0;0;241682.9;3242919.3;0;32856975.4;0;0;0;0;0;0;0;0;0;619872.0;588605.8;0;0;0;0;0;0;0;0;0;0;4737869.6;0;0;0;0;0;14393875.7;990031.2;4985427.7;0;0;15566835.4;0;0;0;0;0;0;0;0;2893467.9;0;0;0;0;0;0;0;401432.8;0;0;0;0;0;0;0;0;0;0;0;0;0;155736.4;0;0;546048.7;0;0;0;0;316985.8;45143.4;0;0;0;0;0;0;0;0;0;0;0;0;0;0;0;0;0;0;0;0;0;0;0;0;0;0;0;3121708.6;0;5520985.5;0;0;0;0;0;47125391.3;0;0;0;0;0;0;0;0;0;0;0;0;0;0;1398147.2;5228100.7;0;0;0;9637621.2;14039351.5;0;0;0;0;0;0;0;0;0;0;0;0;0;0;0;0;0;0;0;0;21831943.1;0;0;0;0;0;0;2863186.6;0;19550000.0;0;0;0;0;46047.0;0;661225.0;0;0;1199460.4;2837441.3;0;0;0;0;0;0;0;0;0;0;25011535.2;0;1396244.1;0;0;0;0;0;0;0;0;0;0;105498.0;0.0
2008M10;450878565.9;0;0;0;0;0;0;0;0;0;0;0;0;0;0;0;0;0;0;0;614277.7;0;0;0;0;0;0;0;0;0;0;76706514.7;0;0;0;0;0;0;0;0;0;0;0;68301646.1;0;0;0;0;0;0;0;0;488737.5;0;0;26384.0;0;0;0;0;247263.5;2688833.8;0;31711488.9;0;0;0;0;0;0;0;0;0;782748.5;345240.3;0;0;0;0;0;0;0;0;0;0;8974911.3;0;0;0;0;0;21836490.7;1662356.8;2353916.4;0;0;18329129.1;0;0;0;0;0;0;0;0;4168932.7;0;0;0;0;0;0;0;1076124.0;0;0;0;0;0;0;0;0;0;0;0;0;0;195502.1;0;0;395005.6;0;0;0;0;2145640.9;116852.0;0;0;0;0;0;0;0;467910.0;0;0;0;0;0;0;0;0;0;0;0;0;0;0;0;0;0;0;0;2339084.1;0;11972280.6;0;0;0;0;0;95073460.6;0;0;0;0;0;0;0;0;0;0;0;0;0;0;1383636.1;4018915.0;0;0;92945.7;8446182.4;15236091.3;0;0;0;0;0;0;0;0;0;0;0;0;0;0;0;0;0;0;0;0;32529439.9;0;0;0;0;0;0;0;0;0;0;0;0;0;50572.0;0;2424210.3;0;0;4062425.9;5833625.8;0;0;0;0;0;0;0;0;0;0;18976218.4;0;4566110.6;0;0;0;0;0;0;0;0;0;0;237460.8;0.0
2008M11;562145311.0;0;0;0;0;0;0;0;0;0;9750000.0;0;0;0;0;0;0;0;0;0;405274.1;0;0;0;0;0;0;0;0;0;0;62608490.4;0;0;0;0;0;0;0;0;0;0;0;56087110.7;0;0;0;0;0;0;0;0;1797168.1;0;0;0;0;0;0;0;222987.0;1800916.0;0;32754610.6;0;0;0;0;0;0;0;0;0;341820.0;2307760.8;0;0;0;0;0;0;0;0;0;0;0;0;0;0;0;0;9476903.8;287023.6;1350119.6;0;0;12711356.8;0;0;0;0;0;0;0;0;2490490.5;0;0;0;0;0;0;105071400.0;0;0;0;0;0;0;0;0;0;0;0;0;3085660.7;0;86887391.8;0;0;0;0;0;0;0;29243.0;117461.2;0;0;0;0;0;0;0;0;1186257.7;0;0;0;0;0;0;0;0;0;0;0;0;0;0;0;0;0;0;3074995.4;0;19498881.2;0;0;0;0;0;55410313.3;0;0;0;0;0;0;0;0;443109.7;0;0;0;0;0;381185.6;1152159.9;0;0;0;9954708.4;10819067.4;0;0;0;0;0;0;0;0;0;0;0;0;0;0;0;0;0;0;0;0;30530623.0;0;0;0;0;0;0;0;0;0;0;0;0;0;29523.0;0;2070052.3;0;0;1882699.6;1889975.9;0;0;0;0;0;0;0;0;0;0;31188634.0;0;2692787.1;0;0;0;0;0;0;0;129939.2;0;0;227209.5;0.0
2008M12;236532247.9;0;0;0;0;0;0;0;0;0;0;0;0;0;0;0;0;0;0;0;26899.2;0;0;0;0;0;0;0;0;0;0;55110471.7;0;0;0;0;0;0;0;0;0;0;0;35339651.1;0;0;0;0;0;0;0;0;327376.6;0;0;0;0;0;0;0;374834.1;2690963.6;0;26701039.6;0;0;0;0;0;0;0;0;0;959641.2;12941555.1;0;0;0;0;0;0;0;0;0;0;0;0;0;0;0;0;9069321.9;502936.1;842049.9;0;0;4288084.5;0;0;0;0;0;0;0;0;1777931.4;0;0;0;0;0;0;0;632013.8;0;0;0;0;0;0;0;0;0;0;0;0;0;97619.1;0;0;0;0;0;0;0;3945777.5;142760.0;0;0;0;0;0;0;0;0;0;0;0;0;0;0;0;0;0;0;0;0;0;0;0;0;0;0;0;2080468.1;0;7681509.0;0;0;0;0;0;12152608.3;0;0;0;0;0;0;0;0;0;0;0;1388264.1;0;0;0;1165814.7;0;0;0;5909736.2;8310072.4;0;0;0;0;0;0;0;0;0;0;0;0;0;0;0;0;0;0;0;0;18350377.0;0;0;0;0;0;0;0;0;0;0;0;0;0;90671.0;0;371095.5;0;0;1307451.6;0;0;0;0;0;0;0;0;0;0;0;19314615.9;0;2536613.3;0;0;0;0;0;0;0;0;0;0;102024.5;0.0
2009M01;285140759.2;0;0;0;0;0;0;0;0;0;0;0;0;0;0;0;0;0;0;0;1268994.3;0;0;0;0;0;0;0;0;0;0;47003222.2;0;0;0;0;0;0;0;0;0;0;0;42563914.5;0;0;0;692500.3;0;0;0;0;0;0;0;0;0;0;0;0;0;3346114.8;0;33353006.2;0;0;0;0;0;0;0;0;0;0;1566720.1;0;0;0;0;0;0;0;0;0;402926.0;0;0;0;0;0;0;14599392.2;0;7292756.4;0;0;5009919.0;0;0;0;0;0;0;0;0;1735588.5;0;0;0;0;0;0;0;483226.0;0;0;0;0;0;0;0;0;0;0;0;0;0;0;0;0;194347.6;0;0;0;0;10276.3;715383.6;0;0;0;0;0;0;0;0;0;0;0;0;0;0;0;0;0;0;0;0;0;0;0;12000000.0;0;0;0;6104513.7;0;10714303.0;0;0;0;0;0;17866971.2;0;0;0;0;0;0;0;0;0;0;0;0;0;0;615560.2;1473844.4;0;0;0;12156826.7;9104175.6;0;0;0;0;0;23800.0;0;0;0;0;0;0;0;0;0;0;0;0;0;0;21222810.8;0;0;0;0;0;0;0;0;0;0;0;0;0;1032753.4;0;1644686.5;0;0;533048.6;2265160.5;0;0;0;0;0;0;0;0;0;0;21924677.1;0;6011817.9;0;0;0;0;0;0;0;0;0;0;207521.6;0.0
2009M02;303196129.6;0;0;0;0;0;0;0;0;0;0;0;0;0;0;0;0;0;0;0;538178.1;0;0;0;0;0;0;0;0;0;0;43771816.5;0;0;0;0;0;0;0;0;0;0;0;43834406.0;0;0;0;0;0;0;0;0;0;0;0;0;0;0;0;0;332318.3;4173174.0;0;41629472.7;0;0;0;0;0;0;0;0;0;876295.4;236091.0;0;0;0;0;0;0;0;0;0;0;0;0;0;0;0;0;8951882.6;454051.2;13746891.3;0;0;3468895.9;0;0;0;0;0;0;0;0;3065944.8;0;494688.3;0;0;0;0;0;419740.8;0;0;0;0;0;0;0;0;0;0;0;0;0;164284.1;0;0;423965.6;0;0;0;0;3051226.8;1304410.2;0;0;0;0;0;0;0;0;0;0;0;0;0;0;0;0;0;0;0;0;0;0;0;0;0;0;0;3082625.3;0;7679059.2;0;0;0;0;0;11196166.1;0;0;0;0;0;0;0;0;0;0;0;0;0;0;1015688.8;13379264.8;0;0;0;10028872.3;16357712.6;0;0;0;0;0;0;0;0;0;0;0;0;0;0;0;0;0;0;0;0;33267821.4;0;0;0;0;0;0;0;0;0;0;0;0;0;90940.0;0;3338305.7;0;0;3568755.8;821806.8;0;0;0;0;0;0;0;0;0;0;26946825.1;0;1271243.9;0;0;0;0;0;0;0;0;0;0;213308.4;0.0
2009M03;366277065.9;0;0;0;0;0;0;0;0;0;0;0;0;0;0;0;0;0;0;0;1591782.4;0;0;0;0;0;0;0;0;0;0;89925253.7;0;0;0;0;0;0;0;0;0;0;0;50643103.9;0;0;0;4518954.6;297613.0;0;0;0;86356.4;0;0;131350.1;0;0;0;0;268744.2;4017964.5;0;45860812.1;0;0;0;0;0;0;0;0;0;467938.1;3214211.3;0;0;0;0;0;0;0;0;0;0;0;0;0;0;0;0;8967059.4;0;10333306.4;0;0;7407314.3;0;0;0;0;0;0;0;0;3898771.7;0;580052.6;0;0;0;0;0;851540.9;473728.4;0;0;0;0;0;0;0;0;0;0;0;0;82204.9;0;0;0;0;0;0;0;0;569301.7;0;0;0;0;0;0;324758.0;0;0;0;0;0;0;0;0;0;0;0;0;0;0;0;0;0;0;0;0;3004533.4;0;12447107.8;0;0;0;0;0;9720483.3;0;0;8510000.0;0;0;0;0;0;0;0;0;0;0;0;934602.2;5779248.7;0;0;0;6807184.1;23604298.8;0;0;0;0;0;0;0;0;0;0;0;0;0;0;0;0;0;0;0;0;18375823.2;0;0;0;0;0;0;0;0;173753.1;0;0;0;0;924325.3;0;3084170.8;0;0;2947397.6;2917299.5;0;0;0;0;0;0;0;0;0;0;32177279.2;0;164297.0;0;0;0;0;0;0;0;91988.1;0;0;101150.8;0.0
2009M04;329330954.5;0;0;0;0;0;0;0;0;0;0;0;0;0;0;0;0;0;0;0;2647349.3;0;0;0;0;0;0;0;0;0;0;64433003.5;0;0;0;0;0;0;0;0;0;0;0;43421526.4;0;0;0;0;0;0;0;0;777612.1;0;0;0;0;0;0;0;0;3063369.5;0;40200030.1;0;0;0;0;0;0;0;0;0;1150722.4;1883102.1;0;0;0;0;0;0;0;0;0;0;0;0;0;0;0;0;7099780.8;818452.7;8389841.4;0;0;8056696.5;0;0;0;0;0;0;0;0;3991665.0;0;0;0;0;0;0;0;1863575.2;0;0;0;0;0;0;0;0;0;0;0;0;0;334773.3;0;0;0;0;0;0;0;0;120506.6;0;0;0;0;0;0;0;0;0;0;0;0;0;0;0;0;0;0;0;0;0;0;0;0;0;0;0;4239198.6;0;33131222.4;0;0;0;0;0;10202806.6;0;0;0;0;0;0;0;0;0;0;0;0;0;0;584446.1;2991392.2;0;0;0;4045203.0;33102868.0;0;0;0;0;0;0;0;0;0;0;0;0;0;0;0;0;0;0;0;0;11923603.0;0;0;0;0;0;0;0;0;363579.8;0;0;0;0;203221.0;0;2754498.0;0;0;6375.6;6661855.4;0;0;0;0;0;0;0;0;0;0;28079740.9;0;2409949.6;0;0;0;0;0;0;0;188396.3;0;0;190590.8;0.0
2009M05;296988959.3;0;0;0;0;0;0;0;0;0;0;0;0;0;0;0;0;0;0;0;500466.7;0;0;0;0;0;0;0;0;0;0;69481978.0;0;0;0;0;0;0;0;0;0;0;0;30366719.3;0;0;0;0;0;0;0;0;2715978.9;0;0;0;0;0;0;0;0;2838984.2;0;32848148.5;0;0;0;0;0;0;0;0;0;1296835.2;1156245.5;0;0;0;0;0;0;0;0;0;0;0;0;0;0;0;0;10298532.7;432181.8;3024421.6;0;0;2312508.1;0;0;0;0;0;0;0;0;2932929.5;0;0;0;0;0;0;0;2581314.2;0;0;0;0;0;0;0;0;0;0;0;0;0;410368.5;0;0;0;0;0;0;0;0;116251.9;0;0;0;0;0;0;0;0;0;0;0;0;0;0;0;0;0;0;0;0;0;0;0;0;0;0;0;1716079.3;0;21001051.9;0;0;0;0;0;11709743.6;0;0;0;0;0;0;0;0;253659.8;0;0;0;0;0;1029443.6;1760545.4;0;0;0;7656644.2;30319194.1;0;0;0;0;0;0;0;0;0;0;0;0;0;0;0;0;0;0;0;0;18099679.6;0;0;0;0;0;0;0;0;434011.1;0;0;0;0;75003.9;0;2015238.3;0;0;166537.1;5102933.2;0;0;0;0;0;0;0;0;0;0;28059661.8;0;3693947.6;0;317964.1;0;0;0;0;0;263756.2;0;0;0;0.0
2009M06;331990093.9;0;0;0;0;0;0;0;0;0;0;0;0;0;31450.0;0;0;0;0;0;1653902.8;0;306566.2;0;0;0;0;0;0;0;0;49496476.5;0;0;0;0;0;0;0;0;0;0;0;29677558.6;0;0;0;542852.2;0;0;0;0;4419332.8;0;0;0;0;0;0;0;159154.0;3835294.5;0;36790468.1;0;0;0;0;0;0;0;0;0;1387152.6;3643702.3;0;0;0;0;0;0;0;0;0;0;0;0;0;0;0;0;8862531.4;326924.2;4007299.3;0;0;4102062.8;0;0;0;0;0;0;0;0;5331410.2;0;0;0;0;0;0;964578.1;1222279.2;0;0;0;0;0;0;0;0;0;0;0;0;0;0;0;0;0;0;0;0;0;0;118258.7;0;0;0;0;0;0;186830.7;0;0;0;0;0;0;0;0;0;0;0;0;0;0;0;0;0;0;0;0;2959217.3;0;9192906.3;0;0;0;0;0;14382610.0;0;0;0;0;0;0;0;0;331875.7;0;0;43012000.0;0;0;0;3850835.2;0;0;0;25592492.5;26814182.2;0;0;0;0;0;240745.4;0;0;0;0;0;0;0;0;0;0;0;0;0;0;6742574.7;0;0;0;0;0;0;0;0;999346.4;0;0;0;0;165034.2;0;3324140.4;0;0;514969.8;10121014.2;0;0;0;0;0;0;0;0;0;0;21279766.0;0;5236299.3;0;0;0;0;0;0;0;0;0;0;163999.1;0.0
2009M07;314543465.9;0;0;0;0;0;0;0;0;0;0;0;0;0;0;0;0;0;0;0;349855.7;0;0;0;0;0;0;0;0;0;0;49037678.2;0;0;0;0;0;0;0;0;0;0;0;41601911.5;0;0;0;0;0;0;0;0;123408.0;0;0;0;0;0;0;0;0;3547404.4;0;34865603.4;0;0;0;0;0;0;0;0;0;462924.0;663115.0;0;0;0;0;0;0;0;0;0;1978527.8;103157.8;0;0;0;0;0;12140572.8;458719.5;1203806.7;87860.4;0;6606009.2;0;0;0;0;0;0;0;0;4139599.7;0;0;0;0;0;0;0;3201669.4;0;0;0;0;0;0;0;0;0;0;0;0;0;0;0;0;744019.8;0;0;0;0;152713.7;114648.4;0;0;0;0;0;0;0;0;0;0;0;0;0;0;0;141743.6;0;0;0;0;0;0;0;0;0;0;0;4656249.6;0;29585003.2;0;0;0;0;0;16133460.8;0;0;0;0;0;0;0;0;427923.6;0;0;0;0;0;1120857.3;5107024.2;0;0;0;24427316.2;20698528.9;0;0;0;0;0;0;0;0;0;0;0;0;0;0;0;0;0;0;0;0;8782291.6;0;0;0;0;0;0;0;0;309263.4;0;0;0;0;1650.0;0;1564925.1;0;0;0;4102437.0;0;0;0;0;0;0;0;0;0;0;28752538.1;0;6887917.3;0;0;0;0;0;0;0;0;0;0;261130.4;0.0
2009M08;392083081.3;0;0;0;0;0;0;0;0;45959.1;0;0;0;0;0;0;0;0;0;0;1057349.8;0;0;0;0;0;0;0;0;0;0;51559764.4;0;0;0;0;0;0;0;0;0;0;0;26632825.7;0;0;0;0;0;0;0;0;490964.1;0;0;0;0;0;0;0;168261.5;2443626.0;0;21453146.6;0;0;0;0;0;0;0;0;0;272580.0;2024772.9;0;0;0;0;0;0;0;0;0;483331.3;0;0;0;0;0;0;3815845.7;4960.0;2024658.3;0;0;2526208.0;0;0;0;0;0;0;0;0;2840066.8;0;0;0;0;0;0;0;72599666.2;0;0;0;0;0;0;0;0;0;0;0;0;0;101660.8;0;0;0;0;0;0;0;1177157.2;103790.8;0;0;0;0;0;0;0;0;0;0;0;0;0;0;0;0;0;0;0;0;0;0;0;0;0;0;0;3913795.2;0;14258219.1;0;0;0;0;0;26470838.0;0;0;0;0;0;0;0;0;0;0;0;78232500.0;0;0;1029357.1;15338259.4;0;0;0;7834253.2;26589221.2;0;0;0;0;0;0;0;0;0;0;0;0;0;0;0;0;0;0;0;0;7108759.5;0;0;0;0;0;0;0;0;84967.0;0;0;0;0;0;0;2326342.0;0;0;595790.7;2918575.8;0;0;0;0;0;0;0;0;0;0;11532639.8;0;1934268.6;0;0;0;0;0;0;0;0;0;0;88699.4;0.0
2009M09;354789349.6;0;0;0;0;0;0;0;0;0;0;0;0;0;0;0;0;0;0;0;1085292.4;0;0;0;0;0;0;0;0;0;0;50898988.6;0;0;0;0;0;0;0;0;0;0;0;44022918.3;0;0;0;1270955.2;0;0;0;0;1573998.0;0;0;0;0;0;0;0;168593.6;2413369.6;0;41823539.3;0;0;0;0;0;0;0;0;0;2123357.8;426825.9;0;0;0;0;0;0;0;0;0;0;3544083.8;0;0;362155.0;0;0;14675762.4;434328.1;2619219.3;0;0;2486973.2;0;0;0;0;0;0;0;0;4251859.8;0;0;0;0;0;0;727219.2;2762911.8;0;0;0;0;0;0;0;0;0;0;0;0;0;101275.2;0;0;825420.9;0;0;0;0;199571.2;90633.7;0;0;534094.3;0;0;0;0;0;0;0;0;0;0;0;0;214633.9;0;0;0;0;0;0;0;0;0;0;0;10931015.6;0;8660669.1;0;0;0;0;0;57797233.9;0;0;0;0;0;0;0;0;0;0;0;0;0;0;514454.0;4302236.8;0;0;387370.4;15805657.2;36577687.9;0;0;0;0;0;0;0;0;0;0;0;0;0;0;0;0;0;0;0;0;6527832.2;0;0;0;0;0;0;0;0;82844.6;0;0;0;0;82979.0;0;3089599.6;0;0;0;5072430.4;0;0;0;0;0;0;0;0;0;0;21739569.7;0;3151812.8;0;0;0;0;0;0;0;0;0;0;427976.3;0.0
2009M10;420001329.0;0;0;0;0;0;0;0;0;0;0;0;0;0;18330.0;0;724436.8;0;0;0;1221486.3;0;0;0;0;0;0;0;0;0;0;84771511.9;0;0;0;0;0;0;0;0;0;0;0;26113723.1;0;0;0;0;0;0;0;0;1043662.4;0;0;0;0;0;0;0;322816.7;4862255.9;0;37295571.2;0;0;0;0;0;0;562514.4;0;0;554040.8;491654.5;0;0;0;0;0;0;0;0;0;0;0;0;0;0;0;0;19656157.3;235359.3;819095.2;0;0;2840650.9;0;0;0;0;0;0;0;0;2114057.6;0;0;0;0;0;17625.0;0;3524643.4;0;0;0;0;0;0;0;165872.5;0;0;0;0;0;313532.9;0;0;0;0;0;0;0;4627959.0;113938.0;0;0;0;0;0;0;0;0;0;0;0;0;0;0;0;0;0;0;0;0;0;0;0;0;0;0;0;4388669.5;0;8240088.2;0;0;0;0;0;79702955.3;0;0;0;0;0;0;0;0;0;0;0;0;0;0;1752300.9;7892822.6;0;0;0;18385631.1;32276066.6;0;0;0;0;0;0;0;0;0;0;0;0;0;0;0;0;0;0;0;0;15609208.3;0;0;0;0;0;0;0;0;45810.4;0;0;0;0;0;0;10469545.7;0;0;596363.3;2790319.8;0;0;0;0;0;0;0;0;0;0;43651352.8;0;1535873.3;0;0;0;0;0;0;0;0;0;0;253426.1;0.0
2009M11;388914667.5;0;0;0;0;0;0;0;0;0;0;0;0;0;0;0;0;0;0;0;132849.0;0;0;0;0;0;0;0;0;0;0;47550820.7;0;0;0;0;0;0;0;0;0;0;0;30852262.2;0;0;0;0;0;0;0;0;1963576.9;0;0;0;0;0;0;0;184137.5;3570795.9;0;34785350.9;0;0;0;0;0;0;0;0;0;716681.5;3162415.1;0;0;0;0;0;0;0;0;0;0;0;0;0;0;0;0;14683043.6;0;976857.2;0;0;4607511.1;0;0;0;0;0;0;0;0;1811728.8;0;587376.4;0;0;0;0;0;7519788.2;0;0;0;0;0;0;0;0;0;0;0;0;0;0;0;0;0;0;0;0;0;6661445.5;80850.8;0;0;0;0;0;0;0;0;0;0;0;0;0;0;0;105875.2;0;0;0;0;0;0;0;0;0;0;0;1782062.2;0;7067831.0;0;0;0;0;0;50056490.6;0;0;0;0;0;0;0;0;308603.8;0;0;0;0;0;290384.5;37605528.0;0;0;0;20895156.9;29626651.4;0;0;0;0;0;0;0;0;0;0;0;0;0;0;0;0;0;0;0;0;15448491.6;0;0;0;0;0;0;0;0;0;0;0;0;0;464525.3;0;2213732.8;0;0;1829016.8;6266818.7;0;0;0;0;0;0;0;0;0;0;52559484.1;0;2014130.8;0;0;0;0;0;0;0;0;0;0;532392.8;0.0
2009M12;311692811.3;0;0;0;0;0;0;0;0;0;0;0;0;0;0;0;0;0;0;0;1736996.1;0;0;0;0;0;0;0;0;0;0;49596768.0;0;0;0;0;0;0;0;0;0;0;0;30203822.1;0;0;0;0;0;0;0;0;870995.3;0;0;87457.2;0;0;0;0;745115.7;2572592.8;0;39811550.0;0;0;0;0;0;0;0;1119096.0;0;518846.5;1325129.4;0;0;291369.0;0;0;0;0;0;0;235500.2;2672440.8;0;0;0;0;0;6526283.2;939158.2;4657475.4;0;0;5051475.3;0;0;0;0;0;0;0;0;2497590.7;0;0;0;0;0;0;0;6242.7;0;0;0;0;0;0;0;0;0;0;0;0;0;0;0;0;0;0;0;0;0;5074038.2;180666.1;0;0;0;0;0;0;0;0;0;0;0;0;0;0;0;0;0;0;0;0;0;0;0;0;0;0;0;2554124.1;0;4603349.3;0;0;0;0;0;53197681.1;0;0;0;0;0;0;0;0;0;0;0;0;0;0;1029126.4;5262117.0;0;0;0;10300162.7;21156726.9;0;0;0;0;0;0;0;0;0;0;0;0;0;0;0;0;0;0;0;0;13009933.9;0;0;0;0;0;0;0;0;117260.9;0;0;0;0;0;0;1333487.6;0;0;571464.7;4482968.3;0;0;0;0;0;0;0;0;0;0;35693266.5;0;1318938.6;0;0;0;0;0;0;0;0;0;0;341594.7;0.0
2010M01;512483653.2;0;0;0;0;0;0;0;0;0;190000000.0;0;0;0;0;0;0;0;0;0;687616.3;0;0;0;0;0;0;0;0;0;0;46140915.9;0;0;0;0;0;0;0;0;0;0;0;49261751.7;0;0;0;0;0;0;0;0;0;0;0;0;0;0;0;0;934297.8;3571394.8;0;29568456.3;0;0;0;0;0;0;0;0;0;0;498218.5;0;0;0;0;0;0;0;0;0;0;0;0;0;0;0;0;6993482.0;474791.6;5837098.9;0;0;1926796.1;0;0;0;0;0;0;0;0;2522864.9;0;0;0;0;0;0;0;1073876.4;0;0;0;0;0;0;0;0;0;0;0;0;0;631278.1;0;0;300799.0;0;0;0;0;407373.9;130076.1;0;0;0;0;0;0;0;0;0;0;0;0;0;0;0;0;0;0;0;0;0;0;0;0;0;0;0;2801670.9;0;14965693.2;0;0;0;0;0;18180358.1;0;0;0;0;0;0;0;0;0;0;0;0;0;0;0;3760389.1;0;0;0;24482102.1;22475910.2;0;2671053.7;0;0;0;0;0;0;0;0;0;0;0;0;0;0;0;0;0;0;18778954.6;0;0;0;0;0;0;0;0;0;0;0;0;0;129505.0;0;4098235.5;0;0;604019.2;2357193.3;0;0;0;0;0;0;0;0;0;0;54361957.1;0;1370886.8;0;0;0;0;484636.0;0;0;0;0;0;0;0.0
2010M02;341907856.0;0;0;0;0;0;0;0;0;0;0;0;0;0;0;0;0;0;0;0;1195782.0;0;0;0;0;0;0;0;0;0;0;59943027.5;0;0;0;0;0;0;0;0;0;0;0;45669388.3;0;0;0;0;0;0;0;0;1048229.4;0;0;0;0;0;0;0;192004.3;4554152.7;0;34381052.0;0;0;0;0;0;0;0;0;0;501860.7;859964.8;0;0;0;0;0;0;0;0;0;0;651625.2;0;0;0;0;0;8425000.1;1505588.2;8302840.7;225508.5;0;2067132.0;0;0;0;0;0;0;0;0;4784920.5;0;0;0;0;0;0;0;0;0;0;0;0;0;0;0;0;0;0;0;0;0;255300.8;0;0;16800.0;0;647198.7;0;0;1844657.0;74791.1;0;0;0;0;0;0;0;0;0;0;0;0;0;0;0;0;0;0;0;0;0;0;0;0;0;0;0;3993997.7;0;23357420.2;0;0;0;0;0;23327955.6;0;0;0;0;0;0;0;0;0;0;0;0;0;0;1877913.8;8412160.0;0;0;0;6173541.5;20865263.1;0;3027597.5;0;0;0;0;0;0;0;0;0;0;0;0;0;0;0;0;0;0;19614432.6;0;0;0;0;0;0;0;0;0;0;0;0;0;1534359.0;0;3719494.9;0;0;0;0;0;0;0;0;0;0;0;0;0;0;47684467.1;0;633599.2;0;0;0;0;0;0;0;0;0;0;538829.4;0.0
2010M03;382844337.6;0;0;0;0;0;0;0;0;0;0;0;0;0;0;0;0;0;0;0;1738519.7;0;0;0;0;0;0;0;0;0;0;40503720.2;0;0;0;0;0;0;0;0;0;0;0;39304218.5;0;0;0;0;0;0;0;0;392404.5;0;0;0;0;0;0;0;204423.3;2775329.5;0;53527044.0;0;0;0;0;0;0;0;0;0;20444962.1;3533546.2;0;0;0;0;0;0;0;0;0;0;0;0;0;0;0;0;10722554.6;58088.3;15643984.4;0;0;2182281.9;0;0;0;0;0;0;0;0;6281611.2;0;0;0;0;0;0;0;937424.3;0;0;0;0;0;0;0;0;0;0;0;0;0;295887.6;0;0;0;0;0;0;0;6753567.9;69344.1;0;0;0;0;0;0;0;0;0;0;0;0;0;0;0;0;0;0;0;0;0;0;0;0;0;0;0;3574024.8;0;24263288.9;0;0;0;0;0;10701873.0;0;0;0;0;0;0;0;0;0;0;0;0;0;0;0;5601226.2;0;0;0;8862437.2;23440463.5;0;0;0;0;0;0;0;0;0;0;0;0;0;0;0;0;0;0;0;0;32305866.2;0;0;0;0;0;0;0;0;0;0;0;0;0;1387883.9;0;2907309.6;0;0;2907919.5;637151.7;0;0;0;0;0;0;0;0;0;0;56378100.2;0;4108467.5;0;0;0;0;0;0;0;0;0;0;399413.3;0.0
2010M04;357580081.5;0;0;0;0;0;0;0;0;0;0;0;0;0;0;0;0;0;0;0;748925.4;0;0;0;0;0;0;0;0;0;0;77365520.5;0;0;0;0;0;0;0;0;0;0;0;37550929.7;0;0;0;0;0;0;0;0;630117.2;0;0;0;0;0;0;0;202646.8;3768451.9;0;33920065.3;0;0;0;0;0;0;0;0;0;446713.2;4895042.2;0;0;0;0;0;0;0;0;0;0;0;0;0;0;0;0;15204510.9;2500.0;1076092.3;134120.0;0;1624506.2;0;0;0;0;0;0;0;0;4784208.2;0;0;0;0;0;0;0;4066501.6;0;0;0;0;0;0;0;0;0;0;0;0;0;484375.9;0;0;0;0;0;0;0;0;75977.9;0;0;0;0;0;0;0;0;0;0;0;0;0;0;0;0;0;0;0;0;0;0;0;0;0;0;0;9951817.7;0;27072879.6;0;0;0;0;0;27879206.2;0;0;0;0;0;0;0;0;415196.8;0;0;0;0;0;1095982.2;9099997.4;0;0;0;529763.0;34978258.9;0;0;0;0;0;0;0;0;0;0;0;0;0;0;0;0;0;0;0;0;11178486.3;0;0;0;0;0;0;0;0;0;0;0;0;0;172732.6;0;1517934.4;0;0;0;89415.9;0;0;0;0;0;0;0;0;0;0;45401670.7;0;594580.9;0;0;0;0;0;0;0;0;0;0;620953.7;0.0
2010M05;357057187.0;0;0;0;0;0;0;0;0;0;0;0;0;0;0;0;0;0;0;0;1505912.4;0;0;0;0;0;0;0;0;0;0;75279275.1;0;0;0;0;0;0;0;0;0;0;0;34315235.8;0;0;0;0;0;0;0;0;0;0;0;0;0;0;0;0;171357.3;4265537.1;0;34646854.0;0;0;0;0;0;0;0;0;0;378994.5;2848763.6;0;0;0;0;0;0;0;0;0;0;0;0;2700.0;0;0;0;13861569.6;697348.9;709556.0;0;0;3100864.9;0;0;0;0;0;0;0;0;2930476.7;0;0;0;0;0;0;0;10393624.9;0;0;0;0;0;0;0;0;0;0;196929.0;0;0;559272.4;0;0;0;0;0;0;0;0;53622.1;0;0;0;0;0;0;0;0;0;0;0;0;0;0;0;0;0;0;0;0;0;0;0;0;0;0;0;31326530.8;0;26395471.4;0;0;0;0;0;11289035.4;0;0;0;0;0;0;0;0;285552.7;0;0;0;0;0;457227.4;7014845.3;0;0;0;144554.0;25168148.4;0;0;0;0;0;0;0;0;0;0;0;0;0;0;0;0;0;0;0;0;18390828.7;0;0;0;0;0;0;0;0;0;0;0;0;0;93276.0;0;2524104.5;0;0;0;96831.8;0;0;0;0;0;0;0;0;0;0;44051114.3;0;0;0;0;0;0;0;0;0;0;0;0;3901771.9;0.0
2010M06;352008908.9;0;0;0;0;0;0;0;0;0;0;0;16030.5;0;0;0;0;0;0;0;1256688.6;0;0;0;0;0;0;0;0;0;0;65342231.1;0;0;0;0;0;0;0;0;0;0;0;29385220.9;0;0;0;0;0;0;0;0;0;0;0;140351.1;0;0;0;0;194287.2;2998936.3;0;38264447.3;0;0;0;0;0;0;0;0;0;373025.6;911200.5;0;0;0;0;0;0;0;0;0;111956.6;265508.2;0;0;0;0;0;13148108.5;468709.3;832267.9;0;0;7375508.9;0;0;0;0;0;0;0;0;3154137.8;0;0;0;0;0;0;0;10236996.9;0;0;0;0;0;0;0;0;0;0;0;0;0;616303.4;0;0;0;0;0;0;0;1891051.4;121657.4;0;0;0;0;0;0;0;0;0;0;0;0;0;0;0;0;0;0;0;0;0;0;0;0;0;0;0;2615733.0;0;31697293.1;0;0;0;0;0;17702750.4;0;0;0;0;0;0;0;0;296346.8;0;0;0;0;0;1146446.1;7605643.6;0;0;363093.4;11173518.4;38220884.8;0;211792.4;0;582140.4;0;0;0;0;0;0;0;0;0;0;0;0;0;0;0;0;6398889.6;0;0;0;0;0;0;0;0;39483.4;0;0;0;0;137673.5;0;2736506.7;0;0;0;1459516.3;0;0;0;0;0;0;0;0;0;0;49678800.6;0;470593.3;0;0;0;0;0;0;0;0;0;0;2367177.8;0.0
2010M07;388241108.1;0;0;0;0;0;0;0;0;0;0;0;0;0;0;0;0;0;0;0;812009.2;0;0;0;0;0;0;0;0;0;37000.0;72924359.9;0;0;0;0;0;0;0;0;0;0;0;30070234.0;0;0;0;0;0;0;0;0;0;0;0;0;0;0;0;0;298616.1;3906404.9;0;30245100.9;0;0;0;0;0;0;0;0;0;204432.6;2073505.8;0;0;0;0;0;0;0;0;0;102484.3;236226.3;0;225590.1;0;0;0;15977802.2;760521.6;2154190.6;0;0;12338770.9;0;0;0;0;0;0;0;0;2985989.1;0;0;0;0;0;0;0;18892834.0;0;0;0;0;0;0;0;0;0;0;0;0;0;331806.9;0;0;0;0;0;0;0;66341.7;128824.4;0;0;0;0;0;0;0;0;0;0;0;0;0;0;0;0;0;0;0;0;0;0;0;0;0;0;0;5927360.6;0;60145352.0;0;0;0;0;0;13841998.0;0;0;0;0;0;0;0;0;0;0;0;0;0;0;2216558.2;8772701.2;0;0;0;16740924.2;25609304.3;0;115304.2;0;0;0;0;0;0;0;0;0;0;0;0;0;0;0;0;0;0;17581556.6;0;0;0;0;0;0;0;0;0;0;0;0;0;158022.3;0;4417207.0;0;0;0;0;0;0;0;0;0;0;0;0;0;0;36369378.8;0;1388572.6;0;0;0;0;0;0;0;0;0;0;183822.6;0.0
2010M08;352958833.8;0;0;0;0;0;0;0;0;0;0;0;0;0;0;0;0;0;0;0;536830.2;0;0;0;0;0;0;0;0;0;0;58769516.7;0;1542286.5;0;0;0;0;0;0;0;0;0;41110709.6;0;0;0;0;0;0;0;0;0;0;0;0;0;0;0;0;182557.8;1318808.0;0;20751140.4;0;0;0;0;0;0;0;0;0;0;3822584.4;0;0;0;0;0;0;0;0;0;141273.9;0;0;0;0;0;0;4922694.1;0;22125568.2;0;0;3144989.0;0;0;0;0;0;0;0;0;3271336.0;0;0;0;0;0;0;0;2342714.1;0;0;0;0;0;0;0;0;0;0;0;0;0;110531.0;0;0;691196.9;0;0;0;0;3491083.1;133220.0;0;0;4579726.6;0;0;0;0;0;0;0;0;0;0;0;0;0;0;0;0;0;0;0;0;0;0;0;0;8492162.2;0;50867335.1;0;0;0;0;0;16644997.6;0;0;0;0;16675.0;0;0;0;0;0;0;0;0;0;1389270.4;12075053.4;0;0;0;20554637.9;31641940.9;0;0;515967.6;0;0;0;0;0;0;0;0;0;0;0;0;0;0;0;0;0;7874306.2;0;0;0;0;0;0;0;0;78514.4;0;0;0;0;128427.0;0;5799929.2;0;0;2990868.0;0;0;0;0;0;0;0;0;0;0;0;19813695.5;0;527486.8;0;0;0;0;0;0;0;0;0;0;558800.0;0.0
2010M09;465021948.1;0;0;0;0;0;0;0;0;0;0;0;0;0;0;0;0;0;0;0;3481459.5;0;0;0;0;0;0;0;0;0;0;76361577.9;0;1598090.7;0;0;0;0;0;0;0;0;0;32045577.7;0;0;0;0;0;0;0;0;0;0;0;0;0;0;0;0;0;2569636.2;0;38878010.1;0;0;0;0;0;0;0;0;0;34065969.0;306381.0;0;0;0;0;0;0;0;0;0;430113.5;0;0;0;0;0;0;18712066.9;508028.1;9683964.7;0;0;6255260.7;0;0;0;0;0;0;0;0;2855638.4;0;0;0;0;0;44157.9;137622.4;1890013.1;0;0;0;0;0;0;0;0;0;0;0;0;0;530325.2;0;0;0;0;0;0;0;4067918.7;207194.3;0;0;4040765.8;0;0;0;0;0;0;0;0;0;0;0;0;662577.7;0;0;0;0;0;0;0;0;0;0;0;7927373.2;0;62506464.2;0;0;0;0;0;25542359.9;0;0;0;0;0;0;0;0;0;0;0;0;0;0;1266234.2;10373453.8;0;0;613102.7;21987823.4;20168361.5;0;1277468.4;0;0;0;0;0;0;0;0;0;0;0;0;0;0;8576209.8;0;0;0;16863573.5;0;0;0;0;0;0;0;0;178404.0;0;0;0;0;185170.0;0;4538406.1;0;0;0;4398948.4;0;0;0;0;0;0;0;0;0;0;37328611.1;0;346275.0;0;0;0;0;0;0;0;0;0;0;1611359.3;0.0
2010M10;416983127.6;0;0;0;0;0;0;0;0;0;0;0;0;0;0;0;0;0;0;0;1935273.8;0;0;0;0;0;0;0;0;0;0;69921319.3;0;0;0;0;0;0;0;0;0;0;0;34494499.1;0;0;0;0;0;0;0;0;1825434.0;0;0;0;0;0;0;0;729181.6;3886297.3;0;34435985.9;0;0;0;0;0;0;0;0;0;0;0;0;0;0;0;0;0;0;0;0;159648.5;0;0;0;0;0;0;14115634.4;17152.0;5553190.3;0;0;10357485.9;0;0;0;0;0;0;0;0;2652899.5;0;0;0;0;0;0;0;6892786.5;699269.1;0;0;0;0;0;0;0;0;0;0;0;0;331915.8;0;0;699958.8;0;0;0;0;9381130.7;36135.9;0;0;0;0;0;0;0;0;0;0;0;0;0;0;0;0;0;0;0;0;0;0;0;0;0;0;0;19529997.2;0;6120207.0;0;0;0;0;0;40544834.4;0;0;0;0;0;0;0;0;0;0;0;0;0;0;1423441.3;12261421.4;0;0;0;22803395.6;41855120.8;0;98987.4;0;825319.8;0;0;0;0;0;0;0;0;0;0;0;0;990264.1;0;0;0;16453625.4;0;0;0;0;0;0;0;0;98865.0;0;0;0;0;144437.0;0;3161821.3;0;0;736499.2;2971361.2;0;0;0;0;0;0;0;0;0;0;45101832.2;0;888970.7;0;0;0;0;0;0;0;0;0;0;2847527.9;0.0
2010M11;381994867.4;0;0;0;0;0;0;0;0;0;0;0;0;0;0;0;0;0;0;0;1687384.4;0;0;0;0;0;0;0;0;0;0;49368634.7;0;0;0;0;0;0;0;0;0;0;0;40253919.4;0;0;0;0;0;0;0;0;58250.8;0;0;114130.5;0;0;0;0;1041007.5;1762714.2;0;33406132.0;0;0;0;0;0;0;0;0;0;148574.8;2897645.9;0;0;0;0;0;0;0;0;0;195575.9;0;0;0;0;0;0;17142147.5;0;3619608.8;0;0;2001165.4;0;0;0;0;0;0;0;0;3905706.7;0;2356961.4;0;0;0;0;0;3340098.8;0;0;0;0;0;0;0;0;0;0;0;0;0;666457.9;0;0;0;0;0;0;0;2857147.8;79416.4;0;0;0;0;0;0;0;0;0;0;0;0;0;0;0;2196799.6;0;0;0;0;0;44800.0;0;0;0;0;0;8137729.4;0;5727475.7;0;0;0;0;0;56716084.0;0;0;0;0;0;0;0;0;0;0;0;0;0;0;0;7827794.9;0;0;1028983.5;13683499.0;27909559.7;0;1079587.5;0;0;0;0;0;0;0;0;0;0;0;0;0;0;0;0;0;0;19105489.3;0;0;0;0;0;0;0;0;92225.9;0;0;0;0;1314692.5;0;2029465.4;0;0;722352.5;6691577.1;0;0;0;0;0;0;0;0;0;0;54220332.8;0;6485067.4;0;0;0;0;0;0;0;0;0;0;78670.5;0.0
2010M12;387683560.8;0;0;0;0;0;0;0;0;0;0;0;18048.3;0;0;0;0;0;0;0;1730623.6;0;0;0;0;0;0;0;0;0;0;71415224.8;0;0;0;0;0;0;0;0;0;0;0;67417040.7;0;0;0;0;0;0;0;0;643268.1;0;0;0;0;0;0;0;945697.2;584110.2;0;32610586.6;0;0;0;0;0;0;0;0;0;106626.6;803440.3;0;0;0;0;0;0;0;0;0;0;4203590.0;0;0;0;0;0;14313902.9;60219.0;1452032.2;0;0;971615.2;0;0;0;0;0;0;0;0;2844329.7;0;0;0;0;0;0;11365.4;3546367.6;693109.6;0;0;0;0;0;0;0;0;0;0;0;0;99619.1;0;0;0;0;0;0;0;3815906.0;187852.4;0;0;0;0;0;0;0;0;0;0;0;0;0;0;0;0;0;0;0;0;0;0;0;0;0;0;0;5165434.9;0;18752140.3;0;0;0;0;0;22945264.6;0;0;0;0;0;0;0;0;0;0;0;0;0;0;0;17431351.7;0;0;0;3667533.1;41491099.6;0;0;0;534451.2;0;0;0;0;0;0;99471.8;0;0;0;0;0;0;0;0;0;19894018.6;0;0;0;0;0;0;0;0;0;0;0;0;0;131859.0;0;5263315.7;0;0;756050.3;0;294655.0;0;0;0;0;0;0;0;0;0;40282404.1;0;1172633.1;0;0;0;0;0;0;0;0;0;0;1327301.8;0.0
2011M01;353678379.4;0;0;0;0;0;0;0;0;0;0;0;0;0;0;0;0;0;0;0;1873776.8;0;0;0;0;0;0;0;0;0;0;54062824.0;0;0;0;0;0;0;0;0;0;0;0;36919545.3;0;0;0;0;0;0;0;0;0;0;0;172153.4;0;0;0;0;0;297624.1;0;20547010.6;0;0;0;0;0;0;0;0;0;0;1253655.9;0;0;0;0;0;0;0;0;0;0;0;12065.4;0;0;0;0;15851728.9;36450.0;1976430.7;174485.5;0;2437945.7;0;0;0;0;0;0;0;0;7383443.8;0;0;0;0;0;0;0;3807706.2;0;0;0;0;0;0;0;0;0;0;0;0;0;210436.5;0;0;1000.0;0;0;0;0;0;0;0;0;0;0;0;0;0;489864.4;0;0;0;0;0;0;0;0;0;0;0;0;0;0;0;0;0;0;0;13433851.2;0;26993933.6;0;0;0;0;0;16822497.9;0;0;0;0;0;0;0;0;0;0;0;0;0;0;788401.2;6368433.9;0;0;0;12454918.0;28937556.6;0;0;0;0;0;0;0;0;0;0;0;0;0;0;0;0;0;0;0;0;17375087.3;0;0;0;0;0;0;0;0;0;0;0;0;0;131388.0;0;2115662.9;0;0;0;0;0;0;0;0;0;0;0;0;0;0;79200560.9;0;242961.9;0;0;0;0;0;0;0;0;0;0;1304978.8;0.0
2011M02;505305108.4;0;0;0;0;0;0;0;0;0;0;0;0;0;19500.0;0;0;0;0;0;2498145.9;0;0;0;0;0;0;0;0;0;0;55634664.6;0;0;0;0;0;0;0;0;0;0;0;30986169.8;0;0;0;0;0;0;0;0;0;0;0;0;0;0;0;0;187194.6;0;0;25744329.9;0;0;0;0;0;0;0;0;0;859805.7;1064177.7;0;0;0;0;0;0;0;0;0;90833.2;2767840.8;12065.4;0;0;0;0;6987470.6;0;26671324.8;0;0;1085515.6;0;0;0;0;0;0;0;0;1311490.0;0;0;0;0;0;0;0;3698681.6;0;0;0;0;0;0;0;0;0;0;0;0;0;377578.1;0;0;53200.0;0;761416.0;0;0;610935.1;0;0;0;0;0;0;0;0;0;0;0;0;0;0;0;0;0;0;0;0;0;0;0;0;0;0;0;0;1442149.9;0;24593104.2;0;0;0;0;0;11760479.4;0;0;0;0;0;0;0;0;0;0;0;0;0;0;3772416.2;4154867.2;0;0;0;203005443.9;26449348.3;0;0;0;0;0;0;0;0;0;0;0;0;0;0;0;0;0;0;0;0;29744325.9;0;0;0;0;0;0;0;0;0;0;0;0;0;121073.0;0;456144.5;0;0;0;864001.4;0;0;0;0;0;0;0;0;0;0;35616977.8;0;1232948.1;0;0;0;0;0;0;0;0;0;0;669489.3;0.0
2011M03;416455310.3;0;0;0;0;0;0;0;0;0;0;0;0;0;0;0;0;0;0;0;3347983.7;0;0;0;0;0;0;0;0;0;0;68375915.2;0;0;0;0;0;0;0;0;0;0;0;44484332.0;0;0;0;0;0;0;0;0;737142.5;0;0;0;0;0;0;0;0;305270.0;0;51372698.7;0;0;0;0;0;98932.8;0;0;0;219410.7;7127375.1;0;0;0;0;0;0;0;0;0;0;0;12065.4;0;0;0;0;6835877.7;0;7499212.4;0;0;2693708.5;0;0;0;0;0;0;0;0;9394054.6;0;0;0;0;0;0;0;8391148.3;0;0;0;0;0;0;0;0;0;0;0;0;28315.7;430048.6;0;0;0;0;0;0;0;81229.1;0;0;0;0;0;0;0;0;0;0;0;0;0;0;0;0;0;0;0;0;0;0;0;0;0;0;0;0;6575218.8;0;12573870.8;0;0;0;0;0;14918443.9;0;0;0;0;0;0;0;0;0;0;0;0;0;0;0;8332758.5;0;0;0;14891250.7;60042969.9;0;0;0;0;0;0;0;0;0;0;0;0;0;2340157.8;0;0;0;0;0;0;43542915.5;0;0;0;0;0;0;0;0;209985.5;0;0;0;0;139836.0;0;4572481.1;0;0;0;0;0;0;0;0;0;0;499699.4;0;0;0;35410922.2;0;428333.9;36496.5;0;0;0;0;0;0;0;0;0;505248.8;0.0
2011M04;318339641.7;0;0;0;0;0;0;0;0;0;0;0;0;0;0;0;0;0;0;0;2641160.9;0;0;0;0;0;0;0;0;0;0;65251083.7;0;0;0;0;0;0;0;0;0;0;0;30486859.4;0;0;0;0;0;0;0;0;4924014.4;0;0;0;0;0;0;0;221879.7;0;0;30909541.1;0;0;0;0;0;0;0;0;0;0;1927910.3;0;0;0;0;0;0;0;0;0;338794.3;0;12065.4;0;0;0;0;8199328.7;407733.3;3486218.2;0;0;2182124.0;0;0;0;0;0;0;0;0;6000324.2;0;0;0;0;0;0;0;9612645.8;0;0;0;0;0;0;0;0;0;0;0;0;0;370380.2;0;0;114101.3;0;0;0;0;0;0;0;0;0;0;0;0;0;0;0;0;0;0;0;0;0;0;0;0;0;0;0;0;0;0;0;0;0;3218434.3;0;7445773.7;0;0;0;0;0;16377763.8;0;0;0;0;279763.0;0;0;0;0;0;0;0;0;0;843849.8;10707508.5;0;0;0;733933.2;54984381.7;0;225000.0;0;0;0;0;0;0;0;0;0;0;0;261170.8;0;0;114113.5;0;0;0;21252086.1;0;0;0;0;0;0;0;0;289039.5;0;0;0;0;231914.0;0;6579455.5;0;0;0;0;0;0;0;0;0;0;27850.0;0;0;0;27336207.2;0;0;0;0;0;0;0;0;0;0;0;0;345232.2;0.0
2011M05;430909605.5;0;0;0;0;0;0;0;0;0;0;0;0;0;0;0;0;0;0;0;2225012.3;0;0;0;0;0;0;0;0;0;0;101107967.2;0;0;0;0;0;0;0;0;0;0;0;29880262.5;0;0;0;0;0;0;0;0;5540009.8;0;0;0;0;0;0;0;0;301585.8;0;29256805.0;0;0;0;0;0;0;0;0;0;0;4290666.5;0;0;0;0;0;0;0;0;0;0;0;12065.4;0;0;0;0;12185092.1;0;4858743.8;0;0;1655578.5;0;0;0;0;0;0;0;0;3961183.2;0;0;0;0;0;0;0;7931158.2;0;0;0;0;0;0;0;0;0;0;0;0;0;370296.9;0;0;587343.5;0;0;0;0;0;0;0;0;0;0;0;0;1665672.2;0;0;0;0;0;0;0;0;0;0;0;0;0;0;0;0;0;0;0;0;26406412.0;0;45230443.2;0;0;0;0;0;25202486.2;0;0;0;0;0;0;0;0;0;0;0;0;0;0;1304308.1;3718978.8;0;0;639667.3;1448221.0;58688922.1;0;0;0;0;0;0;0;0;0;0;0;0;0;0;0;0;114079.9;0;0;0;14119417.6;0;0;0;0;0;0;0;0;305148.7;0;0;0;0;1473258.6;0;3543686.1;0;0;0;0;0;0;0;0;0;0;0;0;0;0;42803918.1;0;0;0;0;0;0;0;0;0;0;0;0;81214.9;0.0
2011M06;431079028.8;0;0;0;0;0;0;0;0;0;0;0;0;0;156520.3;0;0;0;0;0;227543.0;0;0;0;0;0;0;0;0;0;0;52943568.4;0;0;0;0;0;0;0;0;0;0;0;38013429.3;0;0;0;0;0;0;0;0;3477366.3;0;0;0;0;0;0;0;0;0;0;29963988.2;0;0;0;0;0;0;0;0;0;0;1389286.2;0;0;0;0;0;0;0;0;0;0;0;12065.4;0;0;0;0;10843351.9;0;5935540.7;0;0;3240884.8;0;0;0;0;0;0;0;0;4790166.8;0;0;0;0;0;0;0;9944356.0;0;0;0;0;0;0;0;0;0;0;0;0;18995.0;493759.8;0;0;823836.5;0;0;0;0;2699227.1;0;0;0;0;0;0;0;0;0;0;0;0;0;0;0;0;0;0;0;0;0;0;0;0;0;0;0;0;44794633.7;709589.0;34257683.9;0;0;0;0;0;13654565.1;0;0;0;0;0;0;0;0;4178523.1;0;0;0;0;0;0;10063145.1;0;0;1876435.6;22594880.0;52908531.2;0;9770.7;0;661749.1;0;0;0;0;0;0;0;0;0;0;0;0;1907597.1;0;0;0;22890869.6;0;0;0;0;0;0;529472.8;0;62343.2;0;0;0;0;141821.0;0;1847121.8;0;0;0;1897196.1;0;0;0;0;0;0;0;0;0;0;44039569.1;0;6472549.5;0;0;0;0;0;0;0;0;0;0;607096.5;0.0
2011M07;467194728.7;0;0;0;0;0;0;0;0;0;0;0;18069.9;0;0;0;0;0;0;0;3242775.0;0;86800.0;0;0;0;0;0;0;0;0;59962097.4;0;0;0;0;0;0;0;0;0;0;0;52843816.9;0;0;0;0;0;0;0;0;501302.6;0;0;0;0;0;0;0;0;318097.9;0;28370676.9;0;0;0;0;0;0;0;604665.6;0;276950.8;3072013.8;0;0;0;0;0;0;0;0;0;715790.6;0;12065.4;0;0;0;0;13485433.8;0;2085250.4;0;0;99851.1;0;0;0;0;0;0;0;0;2360324.7;0;0;0;0;0;0;0;7372886.4;0;0;0;0;0;0;0;0;0;0;0;0;0;602697.3;0;0;0;0;0;0;0;0;0;0;0;0;0;0;0;175550.0;0;0;0;0;0;0;0;0;0;0;0;0;0;0;0;0;0;0;0;0;55448031.7;0;74594179.3;0;0;0;0;0;23797135.6;0;0;0;0;0;0;0;0;6178522.0;0;0;0;0;0;1107793.0;18472862.6;0;0;0;13716549.0;35168797.6;0;0;0;1036642.4;0;0;0;0;0;0;0;0;0;0;0;0;2918432.9;0;0;0;16509752.8;0;0;0;0;0;0;0;0;309732.8;0;0;0;0;93172.0;0;2004501.5;0;0;664683.6;1612225.4;0;0;0;0;0;0;0;0;0;0;36096060.4;0;0;0;0;0;0;0;0;0;0;0;0;1258537.6;0.0
2011M08;553485274.9;0;0;0;0;0;0;0;0;0;361819.1;0;0;0;0;0;0;0;0;0;0;0;0;0;0;0;0;0;0;0;0;32721839.1;0;0;0;0;0;0;0;0;0;0;0;32046190.8;0;0;0;0;0;0;0;0;433791.4;0;0;0;0;0;0;0;236852.1;0;0;13682832.4;0;0;0;0;0;0;0;0;0;0;3854630.1;0;0;0;0;0;0;0;0;0;63576.5;0;12065.4;0;0;0;0;8774826.0;0;1154089.3;0;0;9495905.3;0;0;0;0;0;0;0;0;4072979.9;0;0;0;24924.0;0;0;0;12848735.4;0;0;0;0;0;0;0;0;0;0;0;0;0;0;0;0;0;0;0;0;0;37351218.2;1158105.9;0;0;0;0;0;0;0;0;0;0;0;0;0;0;0;0;0;0;0;0;0;0;0;0;0;0;0;91459211.3;0;170317416.1;0;0;0;0;0;21645432.6;0;0;0;0;0;0;0;0;0;0;0;0;0;0;1711178.1;22126552.1;0;0;0;16932798.2;28931098.5;0;0;0;737753.0;0;0;0;0;0;0;0;0;0;0;0;0;0;0;0;0;10834020.5;0;0;0;0;0;0;0;0;425990.5;0;0;0;0;120026.0;0;1940321.6;0;0;0;0;0;0;0;0;0;0;0;0;0;0;27686823.8;0;322272.2;0;0;0;0;0;0;0;0;0;0;0;0.0
2011M09;491396147.0;0;0;0;0;0;0;0;0;0;0;0;0;0;0;0;0;0;0;0;2407637.1;0;0;0;0;0;0;0;0;0;0;41709095.1;0;0;0;0;0;0;0;0;0;0;0;29218345.5;0;0;0;0;0;0;0;0;1328704.9;0;0;0;0;0;0;0;163321.2;0;0;28559850.6;0;0;0;0;0;0;1006203.3;0;0;0;1604842.7;0;0;0;0;0;0;0;0;0;896860.4;0;12065.4;0;0;0;0;20819968.9;0;3917946.5;0;0;1892643.0;0;0;0;0;0;0;0;0;3678802.9;0;0;0;0;0;0;0;7573463.8;0;0;0;0;0;0;0;0;0;0;0;0;0;464328.8;0;0;357031.8;0;0;0;0;4121644.2;937835.8;0;0;0;0;0;0;0;0;0;0;0;0;0;0;0;0;0;0;0;0;0;0;0;0;0;0;0;59749765.9;0;101688460.1;0;0;0;0;0;7467239.9;0;0;0;0;0;0;0;0;0;0;0;0;0;0;1127445.4;21378989.8;0;0;0;24148122.5;49874449.6;0;0;0;0;0;0;0;0;0;0;0;0;0;0;0;0;0;0;0;0;26056130.2;0;0;0;0;0;0;0;0;483239.0;0;0;0;0;195555.0;0;8634041.2;0;0;0;3770637.2;0;0;0;0;0;0;0;0;0;0;32592222.2;0;337550.6;0;0;0;0;0;0;0;395988.9;0;0;2825717.6;0.0
2011M10;812116568.5;0;0;0;0;0;0;0;0;0;0;0;0;0;0;0;0;0;0;0;2447245.1;0;0;0;0;0;0;0;0;0;0;55146687.0;0;4262211.0;0;0;0;0;0;0;0;0;0;19013194.6;0;0;0;0;0;0;0;0;1154033.2;0;0;0;0;0;0;0;0;304385.5;0;18381626.6;0;0;0;0;0;0;0;0;0;107384.0;2269411.9;0;0;0;0;0;0;0;0;0;0;0;12065.4;0;0;0;0;24201563.5;69308.0;281703658.0;0;0;4939886.1;0;0;0;0;0;0;0;0;3386249.9;0;0;0;0;0;0;0;14504568.2;0;0;0;0;0;0;0;0;0;0;0;0;0;492927.2;0;0;336772.3;0;0;0;0;14153615.5;29008.8;0;0;491191.1;0;0;0;0;0;0;0;0;0;0;0;0;0;0;0;0;0;0;0;0;0;0;0;0;45531894.5;0;6148821.2;0;0;0;0;0;38173125.1;0;0;0;0;0;0;0;0;0;0;0;79486780.0;0;0;1191472.1;23339419.2;0;0;0;69069962.5;37385763.3;0;489661.5;0;1519271.6;0;0;0;0;0;0;0;0;0;0;0;0;0;0;0;0;20771178.1;0;0;0;0;0;0;0;0;111076.2;0;0;0;0;96512.8;0;3770373.5;0;0;0;8219373.4;0;0;0;0;0;0;0;0;0;0;27043778.4;0;1202864.0;0;0;0;0;0;0;0;0;0;0;1158248.3;0.0
2011M11;318887462.1;0;0;0;0;0;0;0;0;640094.4;0;0;0;0;0;0;0;0;0;0;0;0;0;0;0;0;0;0;0;0;0;60215530.2;0;0;0;0;0;0;0;0;0;0;0;35452614.7;0;0;0;0;0;0;0;0;481220.6;0;0;114121.6;0;0;0;0;336005.5;0;0;22333358.5;0;0;0;0;0;5471.0;0;0;0;28215.9;946010.1;0;0;0;0;0;0;0;0;0;0;0;12065.4;1012230.0;0;0;0;18499040.2;3340.0;1973409.3;0;0;3311705.9;0;0;0;0;0;0;0;0;1893013.6;0;0;0;0;0;0;0;9649644.2;0;0;0;0;0;0;0;0;0;0;0;0;0;1345594.8;0;0;0;0;0;0;0;2516795.6;0;0;0;0;0;0;0;0;0;0;0;0;0;0;0;0;0;0;0;0;0;0;0;0;0;0;0;0;4672675.5;0;6420355.2;0;0;0;0;0;13836354.8;0;0;0;0;0;0;0;0;350210.1;0;0;0;0;0;322611.2;14651994.2;0;0;0;30650487.5;30601741.3;0;414137.7;0;657227.9;0;0;0;0;0;0;0;0;0;0;0;0;0;0;0;0;15278967.7;0;0;0;0;0;0;0;0;137447.8;0;0;0;0;129359.0;0;3051452.6;0;0;0;2364644.6;0;0;0;0;0;0;0;0;0;0;32610275.8;0;253111.1;0;0;0;0;0;0;0;0;0;0;1714926.9;0.0
2011M12;322407260.7;0;0;0;0;0;0;0;0;0;0;0;0;0;0;0;0;0;0;0;1119505.1;0;0;0;0;0;0;0;0;0;0;80607582.5;0;0;0;0;0;0;0;0;0;0;0;28311032.3;0;0;0;0;0;0;0;0;0;0;0;0;0;0;0;0;159272.0;0;0;20181795.5;0;0;0;0;0;0;0;0;0;17605361.4;1927967.3;0;0;0;0;0;0;0;0;0;140475.8;0;12065.4;0;0;0;0;9767783.0;61031.0;5129119.2;0;0;2869048.0;0;0;0;0;0;251350.0;0;0;3251776.0;0;0;0;0;0;0;0;6909106.3;0;0;0;0;0;0;0;0;0;0;0;0;0;349202.0;0;0;0;0;0;0;0;2148737.9;359972.6;0;0;577602.4;0;0;0;0;0;0;0;0;0;0;0;0;0;0;0;0;0;0;0;0;0;0;0;0;4068716.9;0;5840885.4;0;0;0;0;0;8270333.0;0;0;5800.0;0;0;0;0;0;0;0;0;0;0;0;1151586.6;7850692.5;0;0;0;18246886.3;34390142.3;0;0;0;0;0;0;0;0;0;0;0;0;0;0;0;0;0;0;0;0;19247053.1;0;0;0;0;0;0;0;0;384245.5;0;0;0;0;106825.0;0;3149228.4;0;0;1138460.1;1446281.1;0;0;0;0;0;0;0;0;0;0;34680829.4;0;312005.5;0;0;0;0;0;0;0;0;0;0;377504.0;0.0
2012M01;299871558.7;0;0;0;0;0;0;0;0;0;0;0;0;0;0;0;0;0;0;0;1220717.1;0;0;53029.2;0;0;0;0;0;0;0;40128017.0;0;0;0;0;0;0;0;0;0;0;0;35020500.2;0;0;0;0;0;0;0;0;0;0;0;0;0;0;0;0;758922.6;0;0;26123874.2;0;0;0;0;0;0;0;0;0;43372.5;1696380.6;0;0;0;0;0;0;0;0;0;0;3061386.1;888349.0;36246.0;0;0;0;12971067.2;406590.6;2691983.8;0;0;2481807.1;0;0;0;0;0;0;0;0;3385188.4;0;0;0;0;0;0;0;9704595.7;0;0;0;0;0;0;0;0;0;0;0;0;0;751461.4;0;0;358375.1;0;0;0;0;8586393.3;0;0;0;0;0;0;0;0;0;0;0;0;0;0;0;0;0;0;0;0;0;0;83417.5;0;0;0;0;0;11756360.7;0;7003143.3;0;0;0;0;0;15580554.1;0;0;0;0;0;0;0;0;0;0;0;0;0;0;997232.9;19717342.7;0;0;442349.6;21677658.6;11995711.1;0;747598.8;0;0;0;131617.8;0;0;0;0;0;0;0;204937.6;0;0;0;0;0;0;24819012.0;0;0;0;0;0;0;0;0;0;0;0;0;0;61056.0;0;4052770.6;0;0;0;1367217.5;0;0;0;0;0;0;591177.9;0;0;0;25522023.8;0;130033.5;0;0;0;0;0;0;0;455796.9;0;0;2166288.6;0.0
2012M02;384999906.1;0;0;0;0;0;0;0;0;0;0;0;0;0;0;0;0;0;0;0;1716827.3;0;0;0;0;0;0;0;0;0;0;78366089.8;0;0;0;0;0;0;0;0;0;0;0;46682991.5;0;0;0;0;0;0;0;0;0;0;0;0;0;0;0;0;381776.0;230847.5;0;40652968.6;0;0;0;0;0;0;0;0;0;413614.0;3041073.8;0;0;0;0;0;0;0;0;0;0;0;888349.0;0;0;0;0;10906638.2;0;15646735.3;0;0;2645930.4;0;0;0;0;0;0;0;0;3446805.4;0;0;0;0;0;0;0;11900523.8;0;0;0;0;0;0;0;0;0;0;0;0;233388.0;276545.5;0;0;433983.8;0;0;0;0;6221186.0;0;0;0;0;0;0;0;0;0;0;0;0;0;0;0;0;0;0;0;0;0;0;0;0;0;0;0;0;12716220.5;0;9620298.0;0;0;0;0;0;10597666.8;0;0;0;0;0;0;0;0;148926.6;0;0;0;0;0;0;12856726.6;0;0;385853.0;34106433.6;24004359.2;0;2120256.4;0;0;0;0;0;0;0;0;0;0;0;0;0;0;0;0;0;0;23655552.5;0;0;0;0;0;0;0;0;107286.6;0;0;0;0;114187.0;0;6164147.9;0;0;0;2689571.2;0;0;0;0;0;0;0;0;0;0;21416301.4;0;209844.9;0;0;0;0;0;0;0;0;0;0;0;0.0
2012M03;467089816.7;0;0;0;0;0;0;0;0;0;0;0;0;0;0;0;0;0;0;0;846652.5;0;0;0;0;0;0;0;0;0;0;62508258.2;0;0;0;0;0;0;0;0;0;0;0;57429987.8;0;0;0;0;0;0;0;0;470302.6;0;0;0;0;0;0;0;223502.1;0;0;51983776.6;0;0;0;0;0;0;0;0;0;2007019.0;2282070.6;0;0;0;0;0;0;0;0;0;0;0;888349.0;0;0;0;0;16231339.2;0;17653183.5;0;0;5217699.7;0;0;0;0;0;0;0;0;4175318.5;0;0;0;0;0;0;0;13469686.5;0;0;0;0;0;0;0;0;0;147117.6;0;0;0;598185.1;0;0;0;0;0;0;0;10574637.6;0;0;0;0;0;0;0;0;0;0;0;0;0;0;0;0;0;0;0;0;0;0;0;0;0;0;0;0;18363706.8;0;13638921.1;0;0;0;0;0;17830242.4;0;0;0;0;0;0;0;0;0;0;0;0;0;0;2642322.7;18076715.1;0;0;0;48437317.3;28514366.6;0;821117.2;0;0;0;0;0;0;0;0;0;0;0;187355.0;0;0;0;0;0;0;26929774.6;0;0;0;0;0;0;0;0;460850.0;0;0;0;0;613630.2;0;14073648.6;0;0;0;3336123.3;0;0;0;0;0;0;0;0;0;0;24925098.6;0;1258093.7;0;0;0;0;0;0;0;0;0;0;273447.4;0.0
2012M04;411862407.5;0;0;0;0;0;0;0;0;0;0;0;0;0;0;0;0;0;0;0;1842.1;0;0;0;0;0;0;0;0;0;0;36924028.5;0;0;0;0;0;0;0;0;0;0;0;32963124.6;0;0;0;0;0;0;0;0;0;0;0;0;0;0;0;0;188060.0;0;0;24987029.0;0;0;0;0;0;0;0;0;0;24996531.5;5590256.3;0;0;0;0;0;0;0;0;0;237271.1;0;888349.0;0;0;0;0;8692744.9;0;2196246.8;0;0;2382131.9;0;0;0;0;0;0;0;4115443.7;6089505.3;0;0;0;0;0;0;0;14464996.9;0;0;0;0;0;0;0;0;0;104906.9;0;0;0;691074.8;0;0;0;0;0;0;0;4442732.1;0;0;0;0;0;0;0;10591.0;0;0;0;0;0;0;0;0;0;0;0;0;0;0;0;0;0;0;0;0;59419929.8;0;10785519.0;0;0;0;0;0;26686991.6;0;0;33580.0;0;0;0;0;0;143878.3;0;0;0;0;0;409799.0;7630083.3;0;0;0;47452023.5;32361708.0;0;504099.8;0;0;0;0;0;0;0;0;0;953943.4;0;258399.2;0;0;0;0;0;0;16591309.9;0;0;0;0;0;0;0;0;291846.9;0;0;0;0;837057.1;0;9243648.6;0;0;0;1677803.4;0;0;0;0;0;0;0;0;0;0;25019413.6;0;137171.1;0;0;0;0;0;0;0;470270.8;0;0;987065.0;0.0
2012M05;447607521.1;0;0;0;0;0;0;0;0;0;0;0;0;0;0;0;0;0;0;0;1055969.8;0;0;0;0;0;0;0;0;0;0;98034723.9;0;0;0;0;0;0;0;0;0;0;0;46468715.6;0;0;0;0;0;0;0;0;0;0;0;132959.5;0;0;0;0;205212.1;0;0;45370201.7;0;0;0;0;0;0;0;0;0;677409.9;2053540.4;0;0;0;0;0;0;0;0;0;226949.6;0;888349.0;0;13767.8;0;0;15415933.7;1601249.0;1548912.8;0;0;1865648.0;0;0;0;0;0;0;0;0;2953286.8;0;0;0;0;0;0;0;18184861.8;0;0;0;0;0;0;0;0;0;0;0;0;0;461803.4;0;0;0;53191.8;1503388.4;0;0;302032.1;0;0;0;0;0;0;0;0;0;0;0;0;0;0;0;0;0;0;0;0;0;0;0;0;0;0;0;0;44342228.5;0;12701072.4;0;0;0;0;0;26929649.5;0;0;0;0;0;0;0;0;309259.0;0;0;0;0;0;211436.2;9108372.2;0;0;0;25456394.6;21900855.4;0;1710148.0;0;599460.6;0;0;0;0;0;0;0;0;0;45256.5;0;0;0;0;0;0;17662575.3;0;0;0;0;0;0;0;0;321194.8;0;0;0;0;282173.6;0;11954202.3;0;0;0;2245186.6;0;0;0;0;0;0;0;0;0;0;30309814.2;0;853178.0;0;0;0;0;0;0;0;0;0;0;1646956.6;0.0
2012M06;398310456.4;0;0;0;0;0;0;0;0;0;0;0;0;0;0;0;0;0;0;0;1393479.8;0;0;0;0;0;0;0;0;0;0;53295815.2;0;0;0;0;0;0;0;0;0;0;0;16734264.6;0;0;0;0;0;0;0;0;0;0;0;0;0;0;0;0;209682.9;0;0;32327138.4;0;0;0;0;0;89380.0;0;0;0;0;3604370.8;0;0;0;0;0;0;0;0;0;142387.8;0;888349.0;0;44625.0;0;0;19052466.6;0;585125.3;0;0;2777246.8;0;0;0;0;0;0;0;0;4559835.1;0;0;0;0;0;0;0;19483933.9;0;0;0;0;0;0;0;0;0;0;0;0;0;795941.8;0;0;298944.3;55480.7;0;0;0;659006.0;71785.8;0;0;0;0;0;0;0;0;0;0;0;0;0;0;0;0;0;0;0;308805.0;0;0;0;0;0;0;0;51394269.6;0;37946697.9;0;0;0;0;0;24974889.2;0;0;0;0;0;0;0;0;423592.3;0;0;0;0;0;1268100.3;8340145.6;0;0;0;12297373.4;30612008.2;0;535137.4;0;631828.3;0;0;0;0;0;0;2885.0;0;0;0;0;0;0;0;0;0;15566331.3;0;0;0;0;0;0;0;0;495449.2;0;0;0;0;109162.0;0;5321042.8;0;0;0;3053689.5;0;0;0;0;0;0;0;0;0;0;47028405.1;0;0;0;0;0;0;0;0;0;0;0;0;931384.2;0.0
2012M07;473210926.5;0;0;0;0;0;0;0;0;0;0;0;0;0;0;0;0;0;0;0;1437556.3;0;0;0;0;0;0;0;0;0;0;64303441.2;0;0;0;0;0;0;0;0;0;0;0;33739945.1;0;0;0;0;0;0;0;0;0;0;0;0;0;0;0;0;217055.8;253534.9;0;32405382.5;0;0;0;0;0;0;883728.0;0;0;740070.5;5874286.6;0;0;0;0;0;0;0;0;0;998333.6;0;888349.0;0;0;0;0;16031605.6;41628.0;3006554.1;0;0;1859781.9;0;0;0;0;0;0;0;0;5997397.5;0;0;0;0;0;0;0;26643576.2;0;0;0;0;0;0;0;0;0;0;0;0;0;1299903.6;0;0;0;93248.6;0;0;0;6885531.2;350944.3;0;0;0;0;0;0;0;0;0;0;0;0;0;0;0;0;0;0;0;0;0;0;0;0;0;0;0;44939326.6;0;71544767.7;0;0;0;0;0;26167021.8;0;0;0;0;0;0;0;0;0;0;0;0;0;0;1417248.8;27551296.0;0;0;1054407.5;22603292.2;28933072.9;0;493744.2;0;563255.7;0;38848.1;0;0;190843.6;0;0;0;0;7642.5;0;0;0;0;0;0;6729962.3;0;0;0;0;0;0;0;0;654379.1;0;0;0;0;705383.7;0;9120174.8;0;0;0;2290169.8;0;0;0;0;0;0;0;0;0;0;24033218.1;0;0;0;0;0;0;0;0;0;0;0;0;221016.7;0.0
2012M08;493428956.9;0;0;0;0;0;0;0;0;0;0;0;0;0;0;0;0;0;0;0;1646932.6;0;0;0;0;0;0;0;0;0;0;38874710.5;0;1973588.9;0;0;0;0;0;0;0;0;0;15884838.9;0;0;0;177710.0;0;0;0;0;519734.1;0;0;0;0;0;0;0;0;0;0;37148440.6;0;0;0;0;0;4324661.2;0;0;0;178921.5;6170843.1;0;0;0;0;0;0;0;0;0;0;0;888349.0;0;0;0;0;7693552.9;45660.0;6791613.2;0;942953.1;4314132.0;0;0;0;0;0;0;0;0;6227313.4;0;0;0;0;0;0;0;19878944.1;0;0;0;0;0;0;0;0;0;0;0;0;0;717044.2;0;0;0;0;0;0;0;0;416862.0;0;0;0;0;0;0;0;0;0;0;0;0;0;0;0;0;0;0;0;0;0;0;0;0;0;0;0;56525747.4;0;120805555.0;0;0;0;0;0;16610224.4;0;0;0;0;0;0;0;0;0;0;0;0;0;0;865156.7;47942697.2;0;0;830328.0;11179584.8;30909471.4;0;610165.3;0;1177815.6;0;0;0;0;0;0;0;0;0;0;0;0;0;0;0;0;8488277.1;0;0;0;0;0;0;0;0;511019.0;0;0;0;0;129797.0;0;5190348.3;0;0;1301337.1;3750583.9;0;0;0;0;0;0;0;0;0;0;29280392.4;0;644086.8;0;0;0;0;0;0;0;0;0;0;1859564.1;0.0
2012M09;592040609.3;0;0;0;0;0;0;0;0;0;0;0;0;0;0;0;0;0;0;0;1082853.9;0;10559.0;0;0;0;0;0;0;0;0;40865672.4;0;970314.3;0;0;0;0;0;0;0;0;0;17018614.5;0;0;0;1104645.4;0;0;0;0;0;0;0;0;0;0;0;0;194355.9;0;0;26778707.9;0;0;0;0;0;25582225.6;0;0;0;274584.1;1886957.0;0;0;0;0;0;0;0;0;0;0;0;888349.0;0;0;0;0;18276282.0;0;5971380.8;0;0;1670950.9;0;0;0;0;0;0;0;0;6238033.9;0;0;0;0;0;0;0;15462906.8;0;0;0;0;0;0;0;0;0;0;218697.6;0;0;845462.4;0;0;0;456872.8;0;0;0;13766243.2;0;0;0;0;0;0;0;0;0;0;0;0;0;0;0;0;0;0;0;0;0;0;0;0;0;0;0;0;56074179.1;0;95626670.1;0;0;0;0;0;14845332.7;0;0;0;0;0;0;0;0;985068.9;0;0;0;0;0;2520295.5;68905974.8;0;0;3653207.5;62947995.8;38702883.8;0;2158563.5;0;0;0;9000.0;0;0;0;0;0;0;0;0;0;0;0;0;0;0;6689962.0;0;0;0;0;0;0;0;0;770034.8;0;0;0;0;106641.0;0;6056285.0;0;0;0;7631257.3;0;0;0;0;0;0;0;0;0;0;41930937.4;0;0;0;0;0;0;479834.8;0;0;0;0;0;2381815.8;0.0
2012M10;788007063.4;0;0;0;0;0;0;0;0;0;0;0;0;471695.8;0;0;0;0;0;0;938925.2;0;0;0;0;0;0;0;0;0;0;26648085.5;0;0;0;0;0;0;0;0;0;0;0;33046240.5;0;0;0;424344.0;0;0;0;0;449309.7;0;0;900763.6;0;0;0;0;450236.8;0;0;21546188.9;0;0;0;0;0;127957.3;531297.3;0;0;335300.5;933629.8;0;0;0;0;0;0;0;0;0;221044.8;0;888349.0;0;0;0;0;20713824.6;0;288689374.0;1118907.3;0;4777721.3;0;0;0;0;0;0;0;0;3536786.5;0;0;0;0;0;0;0;13078959.8;0;0;0;0;0;0;0;0;0;0;0;648633.0;23017.1;834168.2;0;0;0;0;0;0;0;25519179.3;668978.1;0;0;0;0;0;0;0;0;0;0;0;0;0;0;0;0;0;0;0;0;0;0;0;0;0;0;0;19204986.2;0;62741197.9;0;0;0;0;0;29578198.9;0;0;0;0;0;0;0;0;0;0;0;0;0;0;909922.2;29919746.2;0;0;1019806.4;85069006.4;36300412.0;0;764359.0;0;0;0;0;0;0;0;0;0;0;0;825040.5;0;0;0;0;0;0;9361496.4;0;0;0;0;0;0;0;0;4347987.4;0;0;0;0;1227081.6;0;12397644.0;0;0;0;9741276.9;0;0;0;0;0;0;0;0;0;0;35470934.8;0;610765.8;0;0;0;0;0;0;0;0;0;0;994282.6;0.0
2012M11;463320521.9;0;0;0;0;0;0;0;0;0;0;0;0;0;0;0;0;0;0;0;282748.5;0;0;0;0;0;0;0;0;0;0;37303769.8;0;0;0;0;0;0;0;0;0;0;0;36119141.4;0;0;0;0;0;0;0;0;474106.3;0;0;0;0;0;0;0;168127.5;0;0;31162707.6;0;0;0;0;0;0;0;0;0;264668.6;2121821.0;0;0;0;0;0;0;0;0;0;0;0;888349.0;0;0;0;0;17083283.5;381993.5;1164599.1;3011.3;360033.2;2641280.9;0;0;0;0;0;0;0;0;3554449.4;0;0;0;0;0;0;0;16656013.1;0;0;0;0;0;0;0;0;0;0;0;0;0;15403.5;0;0;0;0;0;0;0;12296113.3;0;0;0;0;0;0;0;0;0;0;0;0;0;0;0;0;0;0;0;0;0;0;0;0;0;0;0;0;23253535.0;0;29983226.7;0;0;0;0;0;21952658.7;0;0;0;0;0;0;0;0;0;0;0;0;0;0;1611425.4;15912379.7;0;0;0;89473408.6;41230230.1;0;1239633.9;0;576591.2;0;0;0;0;0;0;0;0;0;1271201.4;0;0;0;0;0;0;16750729.6;0;0;0;0;0;0;0;0;569324.8;0;0;0;0;460553.4;0;3939162.8;0;0;998385.6;10557491.5;0;0;0;0;0;0;0;0;0;0;36750187.7;0;887686.1;0;0;0;0;0;0;0;0;0;0;2961089.2;0.0
2012M12;333996596.8;0;0;0;0;0;0;286200.0;0;0;0;0;0;0;0;0;988892.5;0;0;0;761800.2;0;0;0;0;0;0;0;0;0;0;53189111.6;0;0;0;0;0;0;0;0;0;0;0;24266260.3;0;0;0;0;0;0;0;0;0;0;0;88762.1;0;0;0;0;186879.0;0;0;27020147.4;0;0;0;0;0;0;0;0;0;120566.9;1876474.5;0;0;0;0;0;0;0;0;0;115276.7;0;888349.0;0;0;0;0;9328469.8;0;1403015.3;0;354519.0;2905788.4;0;0;0;0;0;0;0;0;1957340.7;0;0;0;0;0;0;0;18976747.8;0;0;0;0;0;0;0;0;0;0;0;0;20720.0;0;0;0;0;0;0;0;0;8130078.6;17255.0;0;0;0;0;0;0;0;0;0;0;0;0;0;0;0;0;0;0;0;0;0;0;0;0;0;0;0;5081909.7;0;7042438.5;0;0;0;0;0;10813415.3;0;0;0;0;0;0;0;0;0;0;0;0;0;0;918369.8;25701314.1;0;0;2207710.9;13367056.2;39991843.6;0;1565744.5;0;603530.6;0;0;0;0;0;0;0;0;0;1004687.0;0;0;0;0;0;0;12969338.6;0;0;0;0;0;0;0;0;778923.8;0;0;0;0;252036.6;0;5955637.0;0;0;0;8424980.0;0;0;0;0;0;0;0;0;0;0;43394328.0;0;591103.2;0;0;0;0;0;0;0;0;0;0;449574.4;0.0
2013M01;413362787.9;0;0;0;0;0;0;0;0;0;0;0;0;0;0;0;0;0;0;0;1192405.3;0;0;0;0;0;0;0;0;0;0;44086734.5;0;0;0;0;0;0;0;0;0;0;0;54176213.5;0;0;0;0;0;0;0;0;0;0;0;0;0;0;0;0;0;276939.5;0;19416802.9;0;0;0;0;0;0;0;0;0;876358.9;3263033.4;0;0;0;0;0;0;0;0;0;37235.5;0;1123795.5;0;0;0;0;17283527.3;479581.3;1887757.6;0;0;2408568.0;0;0;0;0;0;0;0;0;4027760.4;0;0;0;0;0;0;0;24346781.1;0;0;0;0;0;0;0;0;0;0;0;0;0;0;0;0;0;0;0;0;0;2022622.8;0;0;0;0;0;0;0;0;0;0;0;0;0;0;0;0;0;0;0;0;0;0;0;0;0;0;0;0;13453916.0;0;10490321.4;0;0;0;0;0;13717099.0;0;0;0;0;0;0;0;0;0;0;0;0;0;0;1147815.1;10683840.4;0;0;0;63964548.4;47076236.6;0;1722916.8;0;0;0;261317.1;0;0;0;0;0;0;0;1468048.6;0;0;0;0;0;0;12177274.0;0;0;0;0;0;0;0;0;710390.7;0;0;0;0;968830.1;0;9023037.7;0;0;0;10535505.0;0;0;0;0;0;0;0;0;0;0;35888942.1;0;903748.1;0;0;0;0;0;0;0;0;0;0;2262883.2;0.0
2013M02;364629330.5;0;0;0;0;0;0;0;0;0;0;0;0;0;0;0;0;0;0;0;0;0;0;0;0;0;0;0;0;0;0;38973261.0;0;0;0;0;0;0;0;0;0;0;0;50033320.9;0;0;0;0;0;0;0;0;0;0;0;0;0;0;0;0;189301.7;233096.7;0;28308745.7;0;0;0;0;0;0;0;0;0;662045.2;999981.0;0;0;0;0;0;0;0;0;0;33555.8;0;1123795.5;0;0;0;0;14727637.4;474613.5;14307498.1;0;0;11972716.3;0;0;0;0;0;0;0;0;4598708.4;0;0;0;0;0;0;0;21707556.3;0;0;0;0;0;0;0;0;0;0;0;0;0;0;0;0;0;33053.5;0;0;0;3417847.7;0;0;0;0;0;0;0;0;0;0;0;0;0;0;0;0;0;0;0;0;0;0;0;0;0;0;0;0;22887669.0;0;5609975.8;0;0;0;0;0;11596144.7;0;0;0;0;0;0;0;0;0;0;0;0;0;0;0;8104938.0;0;0;0;25630838.7;37039448.2;0;1460530.2;0;0;0;127874.3;0;0;0;0;0;0;0;0;0;0;0;0;0;0;13583393.4;0;0;0;0;0;0;0;0;1116585.2;0;0;0;0;71562.0;0;5437775.0;0;0;0;8324239.8;0;0;0;0;0;0;0;0;0;0;27308832.6;0;1446804.1;0;0;0;0;0;0;0;0;0;0;3085985.2;0.0
2013M03;446895349.4;0;0;0;0;0;0;0;0;0;0;0;0;0;0;0;0;0;0;0;0;0;0;0;0;0;0;0;0;0;0;103508770.3;0;0;0;0;0;0;0;0;0;0;0;25069469.5;0;0;0;0;0;0;0;0;196452.3;0;0;447717.9;0;0;0;0;200453.8;0;0;31931458.1;0;0;0;1716060.0;0;0;0;0;0;0;5022325.5;0;0;0;0;0;0;0;0;0;132216.5;0;1123795.5;0;139004.0;0;0;3162785.3;475255.5;17627851.1;0;0;4769478.3;0;0;0;0;0;0;0;0;3797501.3;0;0;0;0;0;0;0;23846367.7;0;0;0;0;0;0;0;0;0;0;0;0;0;71454.3;0;0;0;538331.5;0;0;0;5364886.4;0;0;0;0;0;0;0;0;0;0;0;0;0;0;0;0;0;0;0;0;0;0;0;0;0;0;0;0;14147377.7;0;3960110.5;0;0;0;0;0;12109152.1;0;0;0;0;0;0;0;0;0;0;0;0;0;0;2772311.1;3929413.4;0;0;0;18723919.0;55142896.5;0;2092122.2;0;0;0;0;0;0;0;0;0;0;0;444053.7;0;0;0;0;0;0;33535169.0;0;0;0;0;0;0;169150.6;0;669425.3;0;0;0;0;1083690.9;0;14958713.2;0;0;541747.5;14445626.6;0;0;0;0;0;0;0;0;0;0;36553428.6;0;810794.9;0;0;0;0;0;0;0;0;0;0;1664611.8;0.0
2013M04;463817964.5;0;0;0;0;0;0;0;0;0;0;0;0;0;0;0;0;0;0;0;883605.7;0;0;0;0;0;0;0;0;0;0;63988091.9;0;0;0;0;0;0;0;0;0;0;0;21307552.4;0;0;0;0;0;0;0;0;193669.0;0;0;0;0;0;0;0;367056.8;260793.7;0;35258206.7;0;0;0;0;0;0;0;0;0;25617192.7;3809538.3;0;0;0;0;0;0;0;0;0;144275.7;0;1123795.5;0;591176.0;0;0;7316469.0;473797.5;2399046.2;0;0;779065.5;0;0;0;0;0;0;0;0;4205668.8;0;0;0;0;0;0;0;33805430.2;0;0;0;0;0;0;0;0;0;0;0;0;0;0;0;0;0;595132.9;0;0;0;5966366.8;0;0;0;0;0;0;0;0;0;0;0;0;0;0;0;0;0;0;0;0;22825.0;0;0;0;0;0;0;0;47277658.0;0;6634257.7;0;0;0;0;0;17055286.4;0;0;0;0;316175.0;0;0;0;81199.0;0;0;0;0;0;320004.1;12705034.1;0;0;0;32109696.7;48829801.1;0;2780551.0;0;0;0;0;0;0;0;0;0;0;0;966229.2;0;0;0;0;0;0;19145795.5;0;0;0;0;0;0;0;0;1024840.7;0;0;0;0;91435.0;0;10620483.5;0;0;0;6991405.5;0;0;0;0;0;0;0;0;0;0;46559851.5;0;288889.0;0;0;0;0;0;0;0;0;0;0;910615.1;0.0
2013M05;439442055.5;0;0;0;0;0;0;0;0;0;0;0;0;0;0;0;0;0;0;0;0;0;0;0;0;0;0;0;0;0;0;84825817.3;0;0;0;0;0;0;0;0;0;0;0;12623620.9;0;0;0;0;0;0;0;0;590579.6;0;0;0;0;0;0;0;0;0;0;26619682.7;0;0;0;0;0;0;0;0;0;632534.7;2939587.4;0;0;0;0;0;0;0;0;0;0;0;1123795.5;0;294676.8;0;0;12304960.4;473797.5;5308659.0;0;0;1818678.2;0;0;0;0;0;0;0;0;3403359.9;0;0;0;0;0;0;0;36022354.4;0;0;0;0;0;0;0;0;0;0;0;0;0;506839.3;0;0;0;456378.1;0;0;0;2850462.0;0;0;0;0;0;0;0;0;0;0;0;0;0;0;0;0;0;0;0;0;0;0;851325.0;0;0;0;81161.8;0;27066375.8;0;10981706.5;0;0;0;0;0;10387942.1;0;0;0;0;0;0;0;0;0;0;0;0;0;0;1935303.9;7069089.5;0;0;0;22840109.8;61944500.0;0;5491180.2;0;570437.0;0;0;0;0;0;0;0;0;0;2161457.6;0;0;0;0;0;0;11573883.1;0;0;0;0;0;0;0;0;782269.1;0;0;0;0;90862.0;0;14831424.4;0;0;0;7761852.2;0;0;0;0;0;0;0;0;0;0;58381738.6;0;723659.4;0;0;0;0;0;0;0;0;0;0;1119993.6;0.0
2013M06;453409181.7;0;0;0;0;0;0;0;147595.0;0;0;0;0;0;0;0;0;0;0;0;464243.3;0;0;0;0;0;0;0;0;0;0;65607168.2;0;0;0;0;0;0;0;0;0;0;0;23144072.6;0;0;0;1678235.3;0;0;0;0;1109118.7;0;0;0;0;0;0;0;529564.5;0;0;26886858.6;0;0;0;0;0;0;0;0;0;0;4549037.5;0;0;0;0;0;0;0;0;0;56115.1;0;1123795.5;0;426722.4;0;0;11229233.6;898218.2;4177843.1;0;0;7656728.1;0;0;0;0;0;0;0;0;3896244.6;0;0;0;0;0;0;0;34973207.1;0;0;0;0;0;0;0;0;0;117552.4;0;0;0;0;0;0;0;148000.5;0;0;0;0;0;0;0;0;0;0;0;153636.5;0;0;0;0;0;0;0;0;0;0;0;0;0;0;0;0;0;0;0;0;36573350.0;0;19603356.7;0;0;0;0;0;23358733.6;0;0;0;0;0;0;0;0;0;0;0;0;0;0;1456629.3;23836346.5;0;0;1459025.2;7680076.6;55010025.4;0;1818623.4;0;0;0;296926.9;0;0;0;0;0;0;0;2463834.1;0;0;0;0;0;0;15685329.6;0;0;0;0;0;0;0;0;465208.5;0;0;0;0;97948.0;0;19601227.5;0;0;0;5207362.3;0;0;0;0;0;0;0;0;0;0;47424861.5;0;607696.4;0;0;0;0;0;0;0;0;0;0;1789429.2;0.0
2013M07;610361586.7;0;0;0;0;0;0;0;0;0;0;0;0;424888.1;39165.0;0;0;0;0;0;993791.5;0;0;0;0;0;0;0;0;0;0;37311578.4;0;0;0;0;0;0;0;0;0;0;0;21631851.3;0;0;0;1246423.4;0;0;0;0;2575293.1;0;0;417732.0;0;0;0;0;195920.8;231665.5;0;24133087.5;0;0;0;0;0;26456277.6;0;0;0;26158.9;1162623.0;0;0;0;0;0;0;0;0;0;164480.5;0;1123795.5;0;603982.0;0;0;17031598.0;473797.5;2615894.0;0;0;4636104.6;0;0;0;0;0;0;0;0;2956495.3;0;0;0;0;0;0;0;43489005.2;0;0;0;0;0;0;0;0;0;151752.5;0;0;0;0;0;0;0;153866.6;0;0;0;889518.4;0;0;0;0;0;0;0;624065.7;0;0;0;0;0;0;0;0;0;0;0;0;0;0;0;0;0;0;0;0;44501448.3;0;40058929.6;0;0;0;0;0;59678713.5;0;0;0;0;0;0;0;0;0;0;0;0;0;0;1386961.1;22405820.9;0;0;198278.8;25351414.6;59599441.0;0;4765715.0;0;570899.7;0;0;0;0;0;0;0;0;0;2286395.8;0;0;0;0;0;0;50203749.5;0;0;0;588752.9;0;0;0;0;787970.3;0;0;0;0;268036.1;0;15375039.8;0;0;0;5645901.4;0;0;0;0;0;0;0;0;0;0;79199965.2;0;809405.5;0;0;0;0;0;0;0;0;0;0;4917935.9;0.0
2013M08;764286788.0;0;0;0;0;0;0;0;0;0;0;0;0;0;0;0;321908.4;0;0;0;16501518.3;0;0;0;0;0;0;0;0;0;0;55491912.0;0;0;0;0;0;0;0;0;0;0;0;97124914.9;0;0;0;400249.3;0;0;0;0;838959.6;0;0;0;0;0;0;0;0;0;3618171.0;19651125.3;0;0;0;0;0;0;0;0;0;79734.6;2448517.0;0;0;0;0;0;0;0;0;0;167065.2;0;1123795.5;0;152230.9;0;0;6390197.0;861807.4;7553171.4;0;0;2644691.0;0;0;0;0;0;0;0;0;3124797.2;0;0;0;0;0;0;0;45292517.3;0;0;0;0;0;0;0;0;0;0;0;0;0;0;0;0;0;586556.7;0;0;0;6604315.2;0;0;0;0;0;0;0;2977693.0;0;0;0;0;0;0;0;0;0;0;0;0;0;0;0;0;0;0;0;0;65418074.3;0;128495636.6;0;0;0;0;0;17830284.4;0;0;0;0;0;0;0;0;0;0;0;0;0;0;0;33578186.8;0;0;606275.3;111122478.0;67104522.0;0;2740962.2;0;0;0;0;0;0;0;0;0;0;0;637239.0;0;0;0;0;0;0;11354506.7;0;0;0;0;0;0;0;0;1003068.6;0;0;0;0;1391619.8;0;4320205.9;0;0;0;11488144.2;0;0;0;0;0;0;0;0;0;0;27926543.0;0;486140.9;0;0;0;0;0;0;0;0;0;0;4827052.1;0.0
2013M09;634912347.0;0;0;0;0;0;0;0;0;0;0;0;0;808928.8;0;0;0;0;0;0;981065.0;0;0;0;0;0;0;0;0;0;0;41409866.1;0;0;0;0;0;0;0;0;0;0;0;25620921.9;0;0;0;0;0;0;0;0;1355266.7;0;0;455232.6;0;0;0;0;885648.8;257638.8;0;18982217.4;0;0;0;0;0;69232.9;0;0;0;0;1389597.0;0;0;0;0;0;0;0;0;0;857850.6;0;1123795.5;0;606918.7;0;0;13830480.1;947978.6;7579537.1;0;0;5120652.7;0;0;0;0;0;0;0;0;3262859.5;0;0;0;0;0;0;0;35403722.9;0;0;0;0;0;0;0;0;0;0;0;595184.2;0;29063.5;0;0;0;0;0;0;0;364849.4;0;0;0;0;0;0;0;15261.2;0;0;0;0;0;0;0;0;0;0;0;0;0;0;0;0;0;0;0;0;1731306.3;0;160275028.2;0;0;0;0;0;15891138.8;0;0;0;0;0;0;0;0;701220.1;0;0;0;0;0;2195329.2;5577207.8;0;0;11511394.3;114917065.8;52812321.0;0;3350853.4;0;0;0;0;0;0;0;0;0;0;0;224771.8;0;0;0;0;0;0;13668381.7;0;0;0;6420000.0;0;0;0;0;748025.3;0;0;0;0;102335.0;0;7606765.9;0;0;0;11251478.1;0;0;0;0;0;0;0;0;0;0;57757445.0;0;198006.9;0;0;0;0;0;0;0;0;0;0;6018502.5;0.0
2013M10;598425459.3;0;0;0;0;0;0;0;0;0;0;0;0;0;0;0;0;0;0;0;0;0;0;0;0;0;0;0;0;0;0;38799073.2;0;0;0;0;0;0;0;0;0;0;0;28383800.4;0;0;0;0;0;0;0;0;1126999.1;0;0;201596.2;0;0;0;0;228131.7;0;0;27445668.9;0;0;0;0;0;0;0;0;0;0;2776837.9;0;0;0;0;0;0;0;0;0;391651.6;0;1123795.5;0;446494.0;0;0;25281888.7;473797.5;5789742.2;0;0;5666133.7;0;0;0;0;0;0;0;0;2510652.4;0;0;0;0;0;0;0;34384669.6;0;0;0;0;0;0;0;0;0;0;0;0;0;0;0;0;37943.8;25269.5;0;0;0;10420.0;0;0;0;0;0;0;0;0;0;0;0;0;0;0;0;0;0;0;0;0;28416.0;0;0;0;0;0;0;0;10448784.5;0;52501708.0;0;0;0;0;0;19090573.9;0;0;0;0;0;0;0;0;42025830.0;0;0;0;0;0;2515332.4;6807790.8;0;0;606849.1;140722169.4;49814242.3;0;2229161.7;0;0;0;0;0;0;0;0;0;0;0;557642.4;0;0;0;0;0;0;14997617.3;0;0;0;0;0;0;0;0;520273.4;0;0;0;0;1079695.6;0;8292853.2;0;0;0;5846590.6;0;0;0;0;0;0;0;0;0;0;57833578.1;0;498416.4;0;0;0;0;0;0;0;0;0;0;6903368.4;0.0
2013M11;521351731.4;0;0;0;0;0;0;0;0;0;0;0;0;0;0;0;417085.2;0;0;0;1115417.8;0;0;0;0;0;0;0;0;0;0;50315661.9;0;0;0;0;481359.4;0;0;0;0;0;0;34639252.3;0;0;0;0;0;0;0;0;1588732.5;0;0;434083.8;0;0;0;0;0;216449.5;0;35840823.2;0;0;0;0;0;0;0;0;0;140226.2;5275200.6;0;0;0;0;0;0;0;0;0;0;0;1123795.5;0;1500080.2;0;0;26940865.2;964272.8;7989358.6;0;0;7823040.2;0;0;0;0;0;0;0;0;3247218.8;0;0;0;0;0;0;0;47178733.4;0;0;0;0;0;0;0;0;0;0;0;0;0;0;0;0;16733.9;26018.4;0;0;0;0;0;0;0;0;0;0;0;579521.9;0;0;0;0;0;0;0;0;0;0;0;0;0;0;0;0;0;0;0;0;7980605.5;0;8719243.8;0;0;0;0;0;21037078.2;0;0;0;0;0;0;0;0;220972.3;0;0;0;0;0;1114736.0;10129480.1;0;0;0;112813043.1;60507052.3;0;6648110.1;0;0;0;0;0;0;0;0;0;0;0;2533639.7;0;0;0;0;0;0;12524799.2;0;0;0;0;0;0;0;0;511175.9;0;0;0;0;127935.0;0;10899518.3;0;0;0;351311.9;0;0;0;0;0;0;0;0;0;0;33032490.4;0;438433.4;0;0;0;0;0;0;0;0;0;0;3908175.0;0.0
2013M12;404403632.2;0;0;0;0;0;0;0;0;0;0;0;0;0;0;0;0;0;0;0;565577.5;0;0;0;0;0;0;0;0;0;0;66146161.8;0;0;0;0;0;0;0;0;0;0;0;31898301.0;0;0;0;0;0;0;0;0;759649.8;0;0;0;0;0;0;0;339314.3;0;0;21690286.8;0;0;0;0;0;0;0;0;0;218760.9;1626826.5;0;0;0;0;0;0;0;0;0;0;0;1123795.5;0;2383476.1;0;0;12934772.8;473797.5;2342778.1;0;0;1972074.5;0;0;0;0;0;0;0;0;1164877.6;0;0;0;0;0;0;0;24909507.5;0;0;0;0;0;0;0;0;0;0;0;0;422490.3;0;0;0;23609.3;0;0;0;0;1404928.9;0;0;0;0;0;0;0;393329.2;0;0;0;0;0;0;0;0;1561611.0;0;0;0;0;0;178549.5;0;0;0;0;0;5019766.6;0;4928523.7;0;0;0;0;0;9069382.2;0;0;0;0;0;0;0;0;0;0;0;0;0;0;911808.9;15012339.3;0;0;0;46187262.3;47825133.4;0;2788586.4;0;0;0;0;0;0;0;0;0;0;0;4399865.0;0;0;0;0;0;0;10546562.2;0;0;0;0;0;0;0;0;301819.3;0;0;0;0;378786.6;0;5401821.3;0;0;0;1423211.0;0;0;0;0;0;0;0;0;0;0;33286493.8;0;40555608.5;1325514.0;0;0;0;0;0;0;0;0;0;506671.4;0.0
2014M01;421402863.7;0;0;0;0;0;0;0;0;0;0;0;0;0;0;0;0;0;0;0;1135986.2;0;0;0;0;0;0;0;0;0;0;51306850.7;0;0;0;0;0;0;0;0;0;0;0;58405799.4;0;0;0;0;0;0;0;0;1231832.3;0;0;409333.3;0;0;0;0;0;205149.5;0;32879036.4;0;0;0;0;0;0;0;0;0;103462.1;2269798.9;0;0;0;0;0;0;0;0;0;663552.3;0;872297.0;0;1742619.4;0;0;11838754.1;520820.0;2183266.8;0;0;1279745.3;0;0;0;0;0;0;0;0;2323646.4;0;0;0;0;0;0;0;28288543.2;0;0;0;0;0;0;0;0;0;0;0;0;48261.2;0;0;0;0;654677.5;0;0;0;3039.8;0;0;0;0;0;0;0;0;0;0;0;0;0;0;0;0;0;0;0;0;0;0;0;0;0;0;0;0;2267108.0;0;8585684.8;0;0;0;0;0;14455540.9;0;0;0;0;0;0;0;0;0;0;0;0;0;0;2570217.0;6118213.1;0;0;0;40008753.3;56284284.3;0;1694940.0;0;0;0;0;0;0;0;0;0;0;0;5930862.9;0;0;0;0;0;0;20207830.9;0;0;0;0;0;0;0;0;0;0;0;0;0;586688.9;0;7168111.9;0;0;0;1580707.0;0;0;0;0;0;0;0;0;0;0;48544471.3;0;666261.3;0;0;0;0;0;0;0;0;0;0;6366716.2;0.0
2014M02;413329617.2;0;0;0;0;0;0;0;0;0;0;0;0;0;0;0;0;0;0;0;0;0;0;0;0;0;0;0;0;0;0;43179964.7;0;0;0;0;0;0;0;0;0;0;0;37504880.9;0;0;0;0;0;0;0;0;1329624.2;0;0;417069.6;0;0;0;0;633024.3;0;0;24321368.8;0;0;0;0;0;0;0;0;0;12330748.5;2864148.0;0;0;0;0;0;0;0;0;0;700637.9;0;872297.0;0;1660092.7;0;0;7720444.3;528088.0;2919445.7;0;0;8323018.0;0;0;0;0;0;0;0;0;1750974.9;0;0;0;0;0;0;0;32627941.9;0;0;0;0;0;0;0;0;0;0;0;0;139055.5;0;0;0;0;397136.2;0;0;0;2409927.4;0;0;0;0;0;0;0;0;0;0;0;0;0;0;0;0;2837915.6;0;0;0;0;0;0;0;0;0;0;0;7391917.5;0;7331149.5;0;0;0;0;0;16766996.7;0;0;0;0;0;0;0;0;0;0;0;0;0;0;381504.7;6888517.1;0;0;0;27736819.6;58655031.6;0;3011368.6;0;0;0;0;0;0;0;0;0;0;0;3537083.3;0;0;0;0;0;0;21980506.4;0;0;0;0;0;0;0;0;1102745.9;0;0;0;0;42169.0;0;10822883.3;0;0;0;2083220.9;0;0;0;0;0;0;0;0;0;0;56443940.3;0;287230.7;0;0;0;0;0;0;0;0;0;0;3398728.0;0.0
2014M03;452031627.8;0;0;0;0;0;0;0;0;0;0;0;0;0;0;0;0;0;0;0;1684638.2;0;0;0;0;0;0;0;0;0;0;75387197.2;0;0;0;0;0;0;0;0;0;0;0;19266858.2;0;0;0;0;0;0;0;0;2038025.9;27961.8;0;583798.9;0;0;0;0;476325.7;0;0;33645989.0;0;0;0;0;0;0;0;0;0;830557.4;1393729.7;0;0;0;0;0;0;0;0;0;0;0;872297.0;0;668568.9;0;0;9841271.4;1043911.2;6781377.6;0;0;4605921.7;0;0;0;0;0;0;0;0;5914474.5;0;0;0;0;0;0;0;31388623.1;0;0;0;0;0;0;0;0;0;0;0;0;393011.6;0;0;0;0;250587.6;0;0;0;2872990.1;0;0;0;0;0;0;0;0;0;0;0;0;0;0;0;0;0;0;0;0;0;0;0;0;0;0;0;0;12989168.1;0;11280514.7;0;0;0;0;0;13336745.8;0;0;0;0;79338.0;0;0;0;0;0;0;0;0;0;4505492.4;10418773.7;0;0;0;23527945.1;71540402.3;0;3205719.5;0;0;0;0;0;0;0;0;0;0;0;3182732.7;0;0;0;0;0;0;27477607.8;0;0;0;0;0;0;0;0;42534.3;0;0;0;0;1235844.9;0;8866478.0;0;0;0;745456.0;0;0;0;0;0;0;0;0;0;0;59365027.3;0;0;0;0;0;0;0;0;0;0;0;0;263730.6;0.0
2014M04;438654914.9;0;0;0;0;0;0;0;0;0;0;0;0;0;0;0;0;0;0;0;170441.7;0;0;0;0;0;0;0;0;0;0;52728129.7;0;0;0;0;0;0;0;0;0;0;0;38271261.6;0;625741.1;0;0;0;0;0;0;613962.9;0;0;0;0;0;0;0;0;0;0;35123837.2;0;0;0;0;0;0;0;161964.1;0;87515.0;3190788.9;0;0;0;0;0;0;0;0;0;150707.9;0;872297.0;0;349243.7;0;0;16743066.1;520820.0;10915288.6;0;0;3251163.3;0;0;0;0;0;0;0;0;3425261.0;0;0;0;0;0;0;0;30951266.0;0;0;0;0;0;0;0;0;0;0;0;0;483062.4;0;0;0;22076.8;194050.0;0;0;0;3658171.8;0;0;0;0;0;0;0;0;0;0;0;0;0;0;0;0;0;0;0;0;0;0;0;0;0;0;0;0;9563716.4;0;7134721.0;0;0;0;0;0;43250306.0;0;0;0;0;0;0;0;0;487007.3;0;0;0;0;0;2367387.9;3736861.9;0;0;135686.6;44983357.8;48157869.8;0;1388063.0;0;578929.1;0;0;0;0;0;0;0;0;0;6102488.0;0;0;0;0;0;0;8946930.7;0;0;0;0;0;0;0;0;82755.5;0;0;0;0;47758.0;0;6355371.1;0;0;0;151551.7;0;0;0;0;0;0;0;0;0;0;52089372.8;0;200531.2;0;0;0;0;0;0;0;0;0;0;384132.3;0.0
2014M05;629725278.0;0;0;0;0;0;0;0;0;0;0;0;0;0;0;0;0;0;0;0;1170937.6;0;0;0;0;0;0;0;0;0;0;98291829.5;0;0;0;0;0;0;0;0;0;0;0;69929506.5;0;0;0;0;0;0;0;0;1590300.0;34935.7;0;227302.4;0;0;0;0;0;208194.9;0;26350916.9;0;0;0;0;0;0;0;32656.5;0;0;5278721.0;0;0;0;0;0;0;0;0;0;114169.3;0;872297.0;0;1141418.7;0;0;17699670.0;520820.0;7476801.7;0;0;3335084.2;0;0;0;0;0;0;0;0;3399743.9;0;0;0;0;0;0;0;42151993.7;0;0;0;0;0;0;0;0;0;0;0;0;491343.7;0;0;0;23276.3;0;0;0;0;11385589.8;0;0;0;0;0;0;0;0;0;0;0;0;0;0;0;0;1522496.6;0;0;0;0;0;0;0;0;0;0;0;13545990.6;0;6858814.6;0;0;0;0;0;64118906.7;0;0;0;0;0;0;0;0;0;0;0;0;0;0;4905169.3;34185205.9;0;0;0;36570020.4;61977101.8;0;4825631.7;0;0;0;0;0;0;0;0;0;0;0;6410931.6;0;0;0;0;0;0;16943032.0;0;0;0;0;0;0;0;0;2441690.2;0;407699.8;0;0;259547.9;0;18372977.1;0;0;0;0;0;0;0;0;0;0;0;0;0;0;57747312.3;0;203627.7;0;0;0;0;0;0;0;0;0;0;6701612.4;0.0
2014M06;438272889.1;0;0;0;0;0;0;0;0;0;0;0;0;0;0;0;0;0;0;0;1201107.2;0;0;0;0;0;0;0;0;0;0;40669345.0;0;0;0;0;0;0;0;0;0;0;0;33362402.6;0;0;0;0;0;0;0;0;1045960.2;0;0;1298016.3;0;0;0;0;446708.5;0;0;23785654.5;0;0;0;0;0;7912707.3;0;0;0;0;9009075.8;0;0;0;0;0;0;0;0;0;1055950.7;0;872297.0;0;611876.0;0;0;11017521.9;807695.0;5363701.5;0;0;3823501.9;0;0;0;0;0;0;0;0;2494375.5;0;0;0;0;0;0;0;39636424.8;0;0;0;0;0;0;0;0;0;0;0;0;88716.3;0;0;0;27622.0;185228.2;0;0;0;2056900.1;0;0;0;0;0;0;0;0;0;0;0;0;0;0;0;0;0;0;0;0;0;0;0;0;0;0;0;0;20220901.0;0;6109039.4;0;0;0;0;0;19115609.6;0;0;0;0;0;0;0;0;0;0;0;0;0;0;2663665.4;9689102.7;0;0;0;25083141.3;57294235.5;0;4702553.2;0;0;0;0;0;0;0;0;0;0;0;2007427.0;0;0;0;0;0;0;14151219.2;0;0;0;0;0;0;0;0;446250.8;0;731686.1;0;0;35696.0;0;12541718.4;0;0;0;1479227.2;0;0;0;0;0;0;0;0;0;0;55852749.5;0;16707455.0;0;0;0;0;0;0;0;0;0;0;2668423.3;0.0
2014M07;370026404.1;0;0;0;0;0;0;0;0;0;0;0;0;0;0;0;0;0;0;0;880135.4;0;0;0;0;0;0;0;0;0;0;28950678.9;0;0;0;0;0;0;0;0;0;0;0;17703849.7;0;0;0;0;0;0;0;0;1350107.3;0;0;0;0;0;0;0;0;0;0;19616056.2;0;0;0;0;0;0;0;0;0;232842.8;3863169.4;0;0;0;0;0;0;0;0;0;356241.9;0;872297.0;0;432331.2;0;0;13653151.8;520820.0;9338210.9;0;0;5380836.9;0;0;0;0;0;0;0;0;3439235.3;0;0;0;0;0;0;0;31259206.7;0;0;0;0;0;0;0;0;0;0;0;0;254486.7;0;0;0;21589.4;0;0;0;0;812336.1;0;0;0;0;0;0;0;0;0;0;0;0;0;0;0;0;0;0;0;0;0;0;0;0;0;0;0;0;8806079.5;0;6338696.1;0;0;0;0;0;17637837.2;0;0;0;0;0;0;0;0;0;0;0;0;0;0;1277002.2;12534878.0;0;0;0;51688326.4;42903579.0;0;1375598.5;0;0;0;0;0;0;0;0;0;0;0;2359828.8;0;0;0;0;0;0;14804061.3;0;0;0;242451.2;0;0;0;0;88578.3;0;0;0;0;20324.0;0;6162481.6;0;0;0;0;0;0;0;0;0;0;0;0;0;0;47981543.2;0;144476.0;0;0;0;0;0;0;0;0;0;0;16723079.2;0.0
2014M08;510794429.7;0;0;0;0;0;0;0;0;0;0;0;0;0;0;0;0;0;0;0;1113714.3;0;0;0;0;0;0;0;0;0;0;57286681.1;0;0;0;0;0;0;0;0;0;0;0;34369952.3;0;0;0;3602257.5;0;0;0;0;0;0;0;818543.6;0;0;0;0;0;212918.4;0;12793484.8;0;0;0;0;0;0;0;0;0;0;4123534.7;0;0;0;0;0;0;0;0;0;2873818.3;0;872297.0;0;613597.0;0;0;5671273.8;520820.0;13123287.8;0;0;1756336.7;0;0;0;0;0;0;0;0;2065931.6;0;0;0;0;0;0;0;42414530.5;0;0;0;0;0;0;0;0;0;0;0;0;0;0;0;0;16155.8;119312.4;0;0;0;1386429.1;0;0;0;0;0;0;0;102566.2;0;0;0;0;0;0;0;0;0;0;0;0;0;0;0;0;0;0;0;0;30744870.1;0;76159712.3;0;0;264169.8;0;0;13057007.0;0;0;0;0;0;0;0;0;0;0;0;0;0;0;5128286.9;24987678.3;0;0;0;71424621.7;63290638.7;0;752397.0;0;0;0;0;0;0;0;0;0;0;0;522923.8;0;0;0;0;0;0;10171979.3;0;0;0;0;0;0;0;0;0;0;0;0;0;149727.1;0;2123935.7;0;0;0;1955578.4;0;0;0;0;0;0;0;0;0;0;18128451.1;0;0;0;0;0;0;0;0;0;0;0;0;6075009.7;0.0
2014M09;838531584.8;0;0;0;0;0;0;0;0;0;0;0;0;0;0;0;0;0;0;0;217544.6;0;0;0;0;0;0;0;0;0;0;56503534.5;0;568194.0;0;0;0;0;0;0;0;0;0;54866710.5;0;0;0;5376120.3;0;0;0;0;1511376.4;0;0;485875.7;0;0;0;0;0;0;0;20032140.3;0;0;0;0;0;224179.8;0;0;0;598248.3;2556765.2;0;0;0;0;0;0;0;0;0;0;0;872297.0;0;600711.1;0;0;20113265.7;520820.0;1858411.4;0;0;2210407.4;0;0;0;0;0;0;0;0;2885797.7;0;0;0;0;0;0;0;39542434.1;0;0;0;0;0;0;0;0;0;0;0;0;0;0;0;0;18207.3;0;0;0;0;9850641.2;0;0;0;0;0;0;0;0;0;0;0;0;0;0;73680.0;0;0;0;0;0;0;0;0;0;0;0;0;0;63889178.5;0;136991078.4;0;0;0;0;0;15017047.3;0;0;0;0;0;0;0;0;2086269.2;0;0;0;0;0;1535232.9;30805202.0;0;0;0;214562130.1;57393685.5;0;632380.2;0;599096.1;0;0;0;0;0;0;0;0;0;1889120.8;0;0;0;0;0;0;4501835.2;0;0;0;0;0;0;0;0;110142.1;0;0;0;0;1111964.0;0;3901437.7;0;0;1287.0;3844638.1;0;0;0;0;0;0;0;0;0;0;68298931.9;0;768867.3;0;0;0;0;0;0;0;0;0;0;8492155.6;0.0
2014M10;703474563.6;0;0;0;0;0;0;0;0;0;0;0;0;325487.4;0;0;0;0;0;0;864153.9;0;0;0;0;0;0;0;0;0;0;57101584.0;0;969382.9;0;0;0;0;0;0;0;0;0;22854700.7;0;0;0;18905196.2;0;0;0;0;995768.2;0;0;0;0;0;0;0;0;0;0;18683123.3;0;0;0;0;0;1091317.7;1087242.0;2036187.7;0;1483946.0;1210176.2;0;0;0;0;0;0;0;0;0;0;0;872297.0;0;889187.1;0;0;25295015.0;541152.0;8759764.8;0;0;3912700.4;0;0;0;0;0;0;0;0;2059397.1;0;0;0;0;0;0;0;31802107.8;0;0;0;0;0;0;0;0;0;0;0;0;183957.1;0;0;0;0;0;0;0;0;6451383.2;0;0;0;0;0;0;0;0;0;0;0;0;0;0;0;0;0;0;0;0;0;0;0;0;0;0;0;0;44645796.4;0;16071878.0;0;0;0;0;0;7343152.7;0;0;0;0;0;0;0;0;0;0;0;0;0;0;1395504.9;37166766.5;0;0;0;257890857.4;54536434.0;0;1051175.6;0;0;0;0;0;0;0;0;0;0;0;404635.2;0;0;0;0;0;0;10680723.3;0;0;0;0;0;0;0;0;0;0;0;0;0;908478.6;0;13215626.4;0;0;183966.6;2186484.8;0;0;0;0;0;0;0;0;0;0;39942448.6;0;121150.5;0;0;0;0;0;0;0;0;0;0;7354256.4;0.0
2014M11;758929520.7;0;0;0;0;0;0;0;0;0;0;0;0;0;0;0;0;0;0;0;1230790.4;0;0;300884.0;0;0;0;0;0;0;0;64003283.4;0;733662.0;0;0;0;0;0;0;0;0;0;25870603.2;0;0;0;3688245.0;175217.8;0;0;0;1121488.5;0;0;518134.1;0;0;0;0;0;219133.6;0;31606273.2;0;0;0;0;0;0;0;0;0;0;2518643.9;0;0;0;0;0;0;0;0;0;0;0;872297.0;0;264990.0;0;0;21719411.5;1044811.8;6387576.6;0;0;2038654.5;0;0;0;0;0;0;0;0;4845455.7;0;0;0;0;0;0;0;24561597.5;0;0;0;0;0;0;0;0;0;0;0;0;331068.6;0;0;0;0;79608.6;0;0;0;16057385.2;0;0;0;0;0;0;0;0;0;0;0;0;0;0;0;0;0;0;0;0;0;0;0;0;0;0;0;0;104066657.0;0;45119610.3;0;0;0;0;0;12681713.3;0;0;0;0;0;0;0;0;0;0;0;0;0;0;1779325.2;15134278.7;0;0;3041662.8;177022411.6;48008001.6;0;547660.3;0;0;0;0;0;0;0;0;0;0;0;2576294.9;0;0;0;0;0;0;18517839.0;0;0;0;0;0;0;0;0;0;0;0;0;0;2231190.8;0;18494911.2;0;0;0;1860309.5;0;0;0;0;0;0;0;0;0;0;93913092.6;0;135193.7;0;0;299383.9;0;0;0;0;0;0;0;3310768.1;0.0
2014M12;485575102.9;0;0;0;0;0;0;0;0;0;0;0;0;0;0;0;0;0;0;0;0;0;0;210316.8;0;0;0;0;0;0;0;34863140.1;0;0;0;0;0;0;0;0;0;0;0;22962284.8;0;0;0;6890950.8;0;0;0;0;636724.9;0;0;166358.6;0;0;0;0;192869.0;19634.1;0;9910469.8;0;0;0;0;0;0;0;0;0;0;1544048.9;0;0;0;0;0;0;0;0;0;0;0;872297.0;0;798702.2;0;0;12845655.6;1511454.0;1609927.1;0;0;3367316.1;0;0;0;0;0;0;0;0;1004562.4;0;0;0;0;0;0;0;14019627.1;0;0;0;0;0;0;0;0;0;0;0;0;303540.0;0;0;0;12586.4;814925.5;0;0;0;5951702.3;0;0;0;0;0;0;0;0;0;0;0;0;0;0;0;0;0;0;0;0;0;0;0;0;29180.0;0;0;0;19390006.1;0;95107688.4;0;0;0;0;0;16411001.1;0;0;0;0;0;0;0;0;0;0;0;0;0;0;3608127.0;10726828.8;0;0;0;117039689.4;39616547.5;0;1495032.9;0;0;0;0;0;0;0;0;0;0;0;1169356.5;0;0;0;0;0;0;10809287.7;0;0;0;0;0;0;0;0;0;0;0;0;0;27818.0;0;6238674.5;0;0;0;351651.7;0;0;0;0;0;0;0;0;0;0;41426694.1;0;139572.7;0;0;0;0;0;0;0;0;0;0;1478853.0;0.0
2015M01;441897605.2;0;0;0;0;0;0;0;0;0;0;0;0;0;23089950.0;0;0;0;0;0;1140940.9;0;0;0;0;0;0;0;0;0;0;59593259.0;0;0;0;0;0;0;0;0;0;0;0;32479537.7;0;0;0;0;0;0;0;0;152567.6;0;0;912419.7;0;0;0;0;0;0;0;21380822.2;0;0;0;0;0;0;0;0;0;175567.5;606946.3;0;0;0;0;0;0;0;0;0;0;0;422881.7;0;0;0;0;21140247.1;0;20945716.0;0;0;1187994.0;0;0;0;0;0;0;0;0;2707601.1;0;0;0;0;0;0;0;14735079.8;0;0;0;0;0;0;0;0;0;0;0;0;0;0;0;0;187422.0;0;0;0;0;10202342.6;0;0;0;0;0;0;0;0;0;0;0;0;0;0;0;0;0;0;0;0;0;0;0;0;0;0;0;0;14509369.5;0;7011926.7;0;0;0;0;0;31002696.6;0;0;0;0;0;0;0;0;0;0;0;0;0;0;3021821.3;13147355.5;0;0;0;91579218.1;25170163.3;0;902784.3;0;0;0;0;0;0;0;0;0;0;0;504859.2;0;0;0;0;0;0;10234610.2;0;0;0;0;0;0;0;0;210316.8;0;0;0;0;446541.8;0;7501465.2;0;0;0;0;0;0;0;0;0;0;0;0;0;0;23533700.0;0;106639.6;0;0;0;0;0;0;0;0;0;0;1952842.0;0.0
2015M02;417013128.8;0;0;0;0;0;0;0;0;0;0;0;0;0;0;0;0;0;0;0;675201.8;0;0;0;0;0;0;0;0;0;0;25475570.6;0;0;0;0;0;0;0;0;0;0;0;51129427.8;0;0;0;0;0;0;0;0;277664.5;0;0;0;0;0;0;0;0;0;0;26122358.6;0;0;0;0;0;0;0;0;0;1222675.0;1274317.6;0;0;0;0;0;0;0;0;0;0;0;422881.7;0;0;0;0;18836708.1;33600.0;11239299.8;0;0;9333573.6;0;0;0;0;0;0;0;0;3169823.0;0;0;0;0;0;0;0;18290647.4;0;0;0;0;0;0;0;0;0;0;0;0;50347.7;0;0;0;0;0;0;0;0;7988206.0;0;0;0;0;0;0;0;0;0;0;0;0;0;0;0;0;0;0;0;0;0;0;0;0;23000.0;0;0;0;4018343.9;0;12790155.4;0;0;0;0;0;9215960.9;0;0;0;0;0;0;0;0;0;0;0;0;0;0;4268530.6;18972600.0;0;0;633105.0;95251592.8;30165505.4;0;948178.6;0;0;0;0;0;0;0;0;0;0;0;262543.0;0;0;0;0;0;0;16549637.4;0;0;0;0;0;0;0;0;0;0;0;0;0;27900.0;0;2743994.6;0;0;100626.3;0;0;0;0;0;0;0;0;0;0;0;44207288.1;0;89432.7;0;0;0;0;0;0;0;0;0;0;1202431.1;0.0
2015M03;677542261.7;0;0;0;0;0;0;0;0;0;0;0;0;0;0;0;0;0;0;0;2017850.3;0;0;0;0;0;0;0;0;0;0;84522685.1;0;0;0;0;0;0;0;0;0;0;0;61570023.7;0;0;0;0;0;0;0;0;0;0;0;886856.0;0;0;0;0;250172.1;396191.9;0;21730014.8;0;0;0;0;0;0;772338.2;818545.5;0;781516.9;3757151.8;0;0;0;0;0;0;0;0;0;0;0;422881.7;0;0;0;0;24472742.1;0;49985167.2;0;0;7437408.3;0;0;0;0;0;0;0;0;3683248.9;0;0;0;0;0;0;0;22661701.8;0;0;0;0;0;0;0;0;0;0;0;0;0;0;0;0;0;0;0;0;0;652083.0;0;0;0;0;0;0;0;0;0;0;0;0;0;0;0;0;0;0;0;0;0;0;0;0;0;0;0;0;32276690.7;0;8667004.9;0;0;0;0;0;27955825.1;0;0;0;0;0;0;0;0;0;0;0;0;0;0;5575651.3;19825210.2;0;0;0;165276629.2;52780045.5;0;87717.2;0;0;0;0;0;0;0;0;0;0;0;0;0;0;0;0;0;0;31430307.3;0;0;0;0;0;0;0;0;0;0;0;0;0;3241933.7;0;2524989.5;0;0;622069.6;0;0;0;0;0;109160.0;0;0;0;0;0;37730263.5;0;0;0;0;0;0;0;0;0;0;0;0;2620184.6;0.0
2015M04;523802928.9;0;0;0;0;0;0;0;0;0;0;0;0;0;0;0;0;0;0;0;4289677.1;0;0;0;0;0;0;0;0;0;0;32314761.8;0;0;0;0;0;0;0;0;0;0;0;29487573.3;0;710000.0;0;0;0;0;0;0;0;0;0;0;0;0;0;0;0;1577.8;0;19313765.6;0;0;0;0;0;3450833.2;645425.6;0;0;605402.7;3226203.4;0;0;0;0;0;0;0;0;0;0;0;422881.7;0;0;0;0;23190038.0;499196.1;9037049.4;0;0;6788214.3;0;0;0;0;0;0;0;0;3808776.4;0;0;0;0;0;0;0;27131304.0;0;0;0;0;0;0;0;0;0;0;0;0;0;0;0;0;10273.3;0;0;0;0;345666.8;0;0;0;0;0;0;0;0;0;0;0;0;0;0;0;0;0;0;0;0;0;0;0;0;0;0;0;0;16651347.1;0;13100033.0;0;0;0;0;0;25638876.9;0;0;0;0;56906.0;0;0;0;0;0;0;0;0;0;3295490.5;18671905.4;0;0;0;140104434.6;42790735.9;0;667425.8;0;0;0;0;0;0;0;0;0;0;0;0;0;0;0;0;0;0;13652296.5;0;0;0;0;0;0;0;0;0;0;0;0;0;1659225.3;0;6448396.4;0;0;0;0;0;0;0;0;0;0;0;0;0;0;56734721.3;0;0;0;0;0;0;0;0;0;0;0;0;19052513.6;0.0
2015M05;607310078.1;0;0;0;0;0;0;0;0;0;0;0;0;0;0;0;0;0;0;0;368656.1;0;0;0;0;0;0;0;0;0;0;56065481.7;0;0;0;0;0;0;0;0;0;0;0;39919563.6;0;0;0;0;0;0;0;0;0;0;0;5561.2;0;0;0;0;207043.4;218873.2;0;14825468.9;0;0;0;0;0;0;1273727.1;0;0;0;1401194.8;0;0;0;0;0;0;0;0;0;0;0;422881.7;0;0;0;0;13639547.4;3398806.2;16001220.1;0;0;2125050.5;0;0;0;0;0;0;0;0;2853858.0;0;0;0;0;0;0;0;38969982.3;0;0;0;0;0;0;0;0;0;0;0;0;0;0;0;0;0;0;0;0;0;11660882.3;0;0;0;0;0;0;0;0;0;0;0;0;0;0;0;0;0;0;0;0;0;0;0;0;0;0;0;0;42338493.9;0;36382448.3;0;0;0;0;0;55034996.0;0;0;0;0;0;0;0;0;0;0;0;0;0;0;6462422.4;7080025.0;0;0;0;154024018.3;53618109.9;0;1471932.0;0;0;0;0;0;0;0;0;0;0;0;0;0;0;0;0;0;0;17008842.7;0;0;0;0;0;0;0;0;0;0;914614.5;0;0;485811.2;0;3242699.9;0;0;0;0;0;0;0;0;24500.0;0;0;0;0;0;19134261.2;0;832462.7;0;0;0;0;0;0;0;0;0;0;5896641.6;0.0
2015M06;478606785.8;0;0;0;0;0;0;0;0;0;0;0;0;0;0;0;0;0;0;0;1522258.6;0;0;0;0;0;0;0;0;0;0;57062727.2;0;0;0;0;0;0;0;0;0;0;0;49295974.6;0;0;0;0;0;0;0;0;0;0;0;0;0;0;0;0;311635.9;0;0;17097978.7;0;0;0;0;0;0;0;3242078.8;0;722250.7;10737155.4;0;0;0;0;0;0;0;0;0;0;0;422881.7;0;0;0;0;20317149.7;536059.2;4413252.0;0;0;8442700.6;0;0;0;0;0;0;0;0;2323797.9;0;0;0;0;0;0;0;38744181.8;0;0;0;0;0;0;0;0;0;0;0;0;0;0;0;0;0;0;0;0;0;5633167.5;0;0;0;0;0;0;0;0;0;0;0;0;0;0;0;0;0;0;0;0;0;0;0;0;0;0;0;0;10849504.8;0;11919830.3;0;0;0;0;0;18488119.5;0;0;0;0;0;0;0;0;0;0;0;0;0;0;473461.9;8796520.1;0;0;1123335.2;124353123.7;51814582.7;0;0;0;0;0;0;0;0;0;0;0;0;0;0;0;72038.3;0;0;0;0;7452858.1;0;0;0;0;0;0;0;0;0;0;0;0;0;7246.5;0;2461760.6;0;0;0;0;0;0;0;0;0;0;0;0;0;0;10436122.0;0;0;0;0;0;0;0;0;0;0;0;0;9533031.8;0.0
2015M07;542383390.3;0;0;0;0;0;0;0;0;0;0;0;0;0;0;0;0;0;0;0;595360.8;0;0;0;0;0;0;0;0;0;0;22451328.4;0;0;0;0;0;0;0;0;0;0;0;46331189.0;0;0;0;0;0;0;0;0;0;0;0;603538.4;0;0;0;0;412234.1;0;0;15906087.1;0;0;0;0;0;0;0;0;0;732250.8;4337176.7;0;0;0;0;0;0;0;0;0;0;0;422881.7;0;0;0;0;23427508.9;0;4720561.5;0;0;8732142.8;0;0;0;0;0;0;0;0;4341387.0;0;0;0;0;0;0;0;26727088.3;0;0;0;0;0;0;0;0;0;0;0;0;43722.0;0;0;0;11596.3;0;0;0;0;5820057.5;0;0;0;0;0;0;0;0;0;0;0;0;0;0;0;0;0;0;0;0;0;0;0;0;0;0;0;0;42303490.8;0;8883821.6;0;0;0;0;0;55128830.2;0;0;0;0;0;0;0;0;0;0;0;0;0;0;4595271.2;4475465.8;0;0;0;135663104.4;54282494.5;0;493409.2;0;0;0;0;0;0;0;0;0;0;0;0;0;0;0;0;0;0;23429640.5;0;0;0;0;0;0;0;0;0;0;0;0;0;2460727.3;0;20343355.6;0;0;0;0;0;0;0;0;0;0;0;0;0;0;18646819.0;0;181979.9;0;0;0;0;0;0;0;0;0;0;5878869.1;0.0
2015M08;390821340.1;0;0;0;0;0;0;0;0;0;0;0;0;0;0;0;0;0;0;0;0;0;0;0;0;0;0;0;0;0;0;14069079.5;0;0;0;0;0;0;0;0;0;0;0;25412305.9;0;0;0;0;0;0;0;0;0;0;0;0;0;0;0;0;0;0;0;23055256.9;0;0;0;0;0;0;0;505069.7;0;125378.4;2957750.6;0;0;0;0;0;0;0;0;0;168656.9;0;422881.7;0;0;0;0;3998850.4;0;5791527.5;0;0;3553807.8;0;0;0;0;0;0;0;0;5931880.3;0;0;0;0;0;0;0;20509679.8;0;0;0;0;0;0;0;0;0;0;0;0;0;0;0;0;11127.2;0;0;0;0;8086128.1;0;0;0;0;0;0;0;0;0;0;0;0;0;0;0;0;0;0;0;0;0;0;0;0;0;0;0;0;7491950.8;0;23294594.4;0;0;0;0;0;23378773.9;0;0;0;0;0;0;0;0;71227.8;0;0;0;0;0;4690187.2;2476653.5;0;0;0;122071537.3;49513505.7;0;6209864.3;0;0;0;0;0;0;0;0;0;0;0;0;0;0;0;0;0;0;13508296.0;0;0;0;0;0;0;0;0;0;0;0;0;0;0;0;695929.1;0;0;0;1820189.0;0;0;0;0;0;0;189162.5;0;0;0;14313170.6;0;0;0;0;0;0;0;0;0;0;0;0;6496917.3;0.0
2015M09;727186351.5;0;0;0;0;0;0;0;0;0;0;0;0;0;0;0;0;0;0;0;1560103.4;0;0;335307.0;0;0;0;0;0;0;0;106563563.2;0;0;0;0;0;0;0;0;0;0;0;38734572.8;0;0;0;7907381.5;0;0;0;0;0;0;0;421972.9;0;0;0;0;163240.3;228342.5;0;21471118.4;0;0;0;0;0;161613.4;0;0;0;0;1562493.2;0;0;0;0;0;0;0;0;0;134654.2;0;422881.7;0;0;0;0;23976409.0;5050.0;6610293.3;0;0;3612696.8;0;0;0;0;0;0;0;0;3178422.7;0;0;0;0;0;0;0;26697039.6;0;0;0;0;0;0;0;0;0;0;0;0;44647.6;0;0;0;0;0;0;0;0;718801.9;0;0;0;0;0;0;0;0;0;0;0;0;0;0;0;0;0;0;0;0;0;0;0;0;0;0;0;0;34094705.7;0;85455916.0;0;0;0;0;0;14576498.9;0;0;0;0;0;0;0;0;0;0;0;0;0;0;4200406.4;17410035.2;0;0;0;163772415.5;55227055.9;0;15792567.4;0;0;0;0;0;0;0;0;0;0;0;0;0;0;0;0;0;0;17347122.8;0;0;0;0;0;0;0;0;0;0;0;0;0;37977.2;0;5677145.5;0;0;0;4567212.5;0;0;0;0;0;0;0;0;0;0;59219749.0;0;0;0;0;0;0;0;0;0;0;0;0;5296938.2;0.0
2015M10;844541225.5;0;0;0;0;0;0;0;0;0;0;0;0;0;0;0;0;0;0;0;972994.5;0;0;0;0;0;0;0;0;0;0;48162056.3;0;0;0;0;0;0;0;0;0;0;0;55123725.7;0;0;0;0;0;0;0;0;0;0;0;1019421.0;0;0;0;0;272957.7;25805.5;0;26090417.0;0;0;0;0;0;19615174.8;0;0;0;185363.6;1048941.7;0;0;0;0;0;0;0;0;0;300152.6;0;422881.7;0;0;0;0;34558136.5;0;2934911.2;0;0;3657794.9;0;0;0;0;0;0;0;0;3739888.3;0;714888.1;0;0;0;0;0;29068029.4;0;0;0;0;0;0;0;0;0;0;0;0;0;0;0;0;0;0;0;0;0;15140365.6;0;0;0;219317.9;0;0;0;0;0;0;0;0;0;0;0;0;0;0;0;0;0;0;0;0;0;0;0;0;45341014.1;0;57004728.4;0;0;0;266035.1;0;31329215.6;0;0;0;0;0;0;0;0;0;0;0;0;0;0;7939934.7;50448412.8;0;0;0;247860649.9;65234493.5;0;9184225.6;0;0;0;0;0;0;0;0;0;0;0;8755212.2;0;0;0;0;0;0;21164248.8;0;0;0;0;0;0;0;0;0;0;281885.0;0;0;1425417.2;0;6151647.1;0;0;0;1816099.0;0;0;0;0;0;0;0;0;0;0;39630271.2;0;0;0;0;1792655.9;0;0;0;0;0;0;0;5641855.8;0.0
2015M11;727998691.8;0;0;0;0;0;0;0;0;0;0;0;0;0;0;0;0;0;0;0;0;0;0;21556524.1;0;0;0;0;0;0;0;51142292.0;0;0;0;0;0;0;0;0;0;0;0;63737406.4;0;0;0;3950417.1;0;0;0;0;471848.5;0;0;0;0;0;0;0;0;0;0;30102657.1;0;0;0;0;0;0;0;0;0;176257.9;2800199.3;0;0;0;0;0;0;0;0;0;327633.3;1097828.8;422881.7;0;0;0;0;32152762.3;578755.0;7586176.0;0;0;3944488.8;0;0;0;0;0;0;0;0;7356164.2;0;0;0;0;0;0;0;35678862.1;0;0;0;0;0;0;0;0;0;0;0;0;0;0;0;0;0;0;0;0;0;2765092.5;5000.0;0;0;0;0;0;0;0;0;0;0;0;0;0;0;0;0;0;0;0;0;0;0;0;0;0;0;0;26131226.5;0;17903129.1;0;0;0;0;0;17600240.8;0;0;0;0;127201.0;0;0;0;0;0;0;0;0;0;0;29393401.4;0;0;0;219720291.8;66832235.1;0;2551450.9;0;0;0;0;0;0;0;0;0;0;0;9382638.8;0;0;0;0;0;0;15038850.9;0;0;0;0;0;0;0;0;0;0;0;0;0;996131.8;0;2169735.8;0;0;0;2349245.9;0;0;0;0;0;0;0;0;0;0;34518374.4;0;6749947.1;0;0;0;0;0;0;0;0;0;0;10681343.5;0.0
2015M12;643139531.5;0;0;0;0;0;0;0;0;0;0;0;0;0;0;0;0;0;0;0;777127.9;0;0;0;0;0;0;0;0;0;0;35482524.5;0;0;0;0;0;0;0;0;0;0;0;34390840.0;0;0;0;6360430.3;0;0;0;0;377914.0;0;0;973690.1;0;0;0;0;0;236321.7;0;29705820.6;0;0;0;0;0;0;377536.4;0;0;406326.1;2089834.8;0;0;0;0;0;0;0;0;0;9782.5;430294.1;422881.7;0;0;0;0;28694525.1;0;4044713.0;0;428445.6;1746307.4;0;0;0;0;0;0;0;0;3018628.6;0;0;0;0;0;0;0;31005936.9;0;0;0;0;0;0;0;0;0;0;0;0;0;0;0;0;0;0;0;0;0;3140373.9;0;0;0;0;0;0;0;0;0;0;0;0;0;0;0;0;0;0;0;0;0;0;0;0;0;0;0;0;3227904.1;0;63940136.0;20305553.8;0;0;0;0;42281393.7;0;0;0;0;0;0;0;0;0;0;0;0;0;0;1297683.6;8930227.0;0;304325.1;0;213879103.7;54506494.1;0;660078.0;0;0;0;0;0;0;0;0;0;0;0;1182190.8;0;0;0;0;0;0;10786517.0;0;0;0;0;0;0;0;0;0;0;0;0;0;1583375.8;0;1752183.4;0;0;0;1901258.4;0;0;0;0;0;0;21823.1;0;0;0;22263629.2;0;229823.2;0;0;0;0;0;0;0;0;0;0;9965576.1;0.0
2016M01;677489042.7;0;0;0;0;0;0;0;0;0;0;0;0;0;0;0;0;0;0;0;2629177.1;0;0;900270.7;0;0;0;0;0;0;0;56983032.9;0;0;0;0;0;0;0;0;0;0;0;64056944.2;0;0;0;0;0;0;0;0;440685.9;0;0;811513.9;0;0;0;0;0;0;1376242.1;29300386.9;0;0;0;0;0;0;0;0;0;918258.9;1192381.8;0;0;0;0;0;0;0;0;0;779874.5;0;469429.2;0;0;0;0;20257298.6;0;12204287.2;0;0;1207859.3;0;0;0;0;0;0;0;0;3493740.1;0;0;0;0;0;0;0;66310207.6;0;0;0;0;0;0;0;0;0;0;0;0;0;0;0;0;0;0;0;0;0;9754424.0;0;0;0;0;0;0;0;0;0;0;0;0;0;0;0;0;0;0;0;0;0;0;0;0;0;0;0;0;14107490.7;0;2202495.5;0;0;0;0;0;61898293.6;0;0;0;0;0;0;0;0;0;0;0;0;0;0;2682488.6;9547501.9;0;0;0;167912515.9;76701878.5;0;149417.7;0;0;0;0;0;0;0;0;0;0;0;2586846.6;0;0;0;0;0;0;17029036.5;0;0;0;0;0;0;0;0;0;0;100804.0;0;0;230285.7;0;1120865.7;0;0;0;0;0;0;0;0;0;0;0;0;0;0;46045987.9;0;0;0;0;0;0;0;0;0;0;0;0;2087119.1;0.0
2016M02;642406858.9;0;0;0;0;0;0;0;0;0;0;0;0;0;0;0;0;0;0;0;792134.9;0;0;0;0;0;0;0;0;0;0;100324278.8;0;0;0;0;0;0;0;0;0;0;0;58346076.1;0;0;0;10710157.2;0;0;0;0;95036.3;0;0;0;0;0;0;0;0;0;0;26500132.6;0;0;0;0;0;821841.7;137742.9;0;0;58062.0;2568692.8;0;0;0;0;0;0;0;0;0;24111.6;0;469429.2;0;0;0;0;17321520.0;284600.0;8202320.8;0;0;3623993.5;0;0;0;0;0;0;0;0;9795273.0;0;0;0;0;0;0;0;46668711.3;0;0;0;0;0;0;0;0;0;0;0;0;0;0;0;0;0;0;0;0;0;4627774.1;0;0;0;95743.5;0;0;0;0;0;0;0;0;0;0;0;0;0;0;0;0;0;0;0;0;0;0;0;0;57306049.0;0;5822975.0;0;0;0;0;0;42834367.4;0;0;0;0;0;0;0;0;0;0;0;0;0;0;2292935.7;14089061.8;0;0;1405370.4;95742882.4;64935941.9;0;1346720.0;0;0;0;0;0;0;0;0;0;0;0;130081.3;0;0;0;0;0;0;29745173.3;0;0;0;0;0;0;0;0;0;0;0;0;0;1606912.4;0;1083177.2;0;0;0;0;0;0;0;0;0;0;0;0;0;0;21591681.5;0;106596.9;0;0;0;0;0;0;0;0;0;0;10899300.8;0.0
2016M03;643115320.6;0;0;0;0;0;0;0;0;0;0;0;0;0;0;0;0;0;0;0;3447624.2;0;0;0;0;0;0;0;0;0;0;74121991.0;0;0;0;0;0;0;0;0;0;0;0;82313653.3;0;0;0;2037942.5;0;0;0;0;181632.8;0;0;0;0;0;0;0;0;236298.8;0;32475531.9;0;0;0;0;0;906378.9;0;0;0;660000.0;1830203.4;0;0;0;0;0;0;0;0;0;594388.1;329581.3;469429.2;0;420734.6;0;0;19654262.9;2561492.0;14669854.1;0;0;15226285.2;0;0;0;0;0;0;0;0;2221501.6;0;0;0;0;0;0;0;43479478.5;0;0;0;0;0;0;0;0;0;0;0;0;0;0;0;0;0;0;0;0;0;5111263.8;0;0;0;0;0;0;0;0;0;0;0;0;0;224684.3;0;0;0;0;0;0;0;0;0;0;0;0;0;0;5844447.9;0;1990798.6;0;0;0;0;0;56527629.6;0;0;0;0;0;0;0;0;0;0;0;0;0;0;1982633.4;9704349.0;0;0;797439.9;150236088.1;58520486.6;0;3430400.0;0;0;0;0;0;0;0;0;0;0;0;0;0;0;0;0;0;0;15929499.9;0;0;0;0;0;0;0;0;3356100.0;0;0;0;0;1306494.8;0;2204223.3;0;0;202500.0;0;0;0;0;0;0;0;9596.0;0;0;0;25303382.2;0;0;0;0;0;0;0;0;0;0;0;0;2595038.8;0.0
2016M04;730942848.3;0;0;0;0;0;0;0;0;0;0;0;0;0;0;0;0;0;0;0;456501.9;0;0;0;0;0;0;0;0;0;0;70245893.5;0;0;0;0;0;0;0;0;0;0;0;91573822.0;0;0;0;0;0;0;0;0;0;0;0;0;0;0;0;0;0;0;0;39163274.6;0;0;0;0;0;0;0;0;0;1855793.4;2683230.8;0;0;0;0;0;0;0;0;0;215202.0;309785.8;469429.2;0;626927.3;0;0;12840781.1;0;22823890.8;0;0;2984729.7;0;0;0;0;0;0;0;0;2550140.6;0;0;0;0;0;0;0;56685356.0;0;0;0;0;0;0;0;0;0;0;0;0;0;0;0;0;0;247046.0;0;0;0;16987456.1;0;0;0;0;0;0;0;0;0;0;0;0;0;0;0;0;0;0;0;0;0;0;0;0;0;0;0;0;24984740.6;0;1173369.5;0;0;0;0;0;46327173.4;0;0;0;0;0;0;0;0;0;0;0;0;0;0;445418.4;4989047.8;0;0;2393074.0;193758075.5;63927429.0;0;0;0;0;0;0;0;0;0;0;0;0;0;1155104.8;0;0;0;0;0;0;15223373.3;0;0;0;0;0;0;0;0;0;0;0;0;0;3494154.9;0;4776670.6;0;0;202500.0;0;0;0;0;0;0;0;0;0;0;0;39185807.0;0;419495.7;64.1;0;0;0;0;0;0;0;0;0;5768088.8;0.0
2016M05;648259534.8;0;0;0;0;0;0;0;0;0;0;0;0;2298834.8;0;0;0;0;0;0;2647584.5;0;0;0;0;0;0;0;0;0;0;101937131.1;0;0;0;0;0;0;0;0;0;0;0;41024533.8;0;0;53648.8;1400531.3;0;0;0;0;0;0;0;0;0;0;0;0;0;233738.4;0;28731391.1;0;0;0;0;0;0;0;0;0;0;2428055.1;0;0;0;0;0;0;0;0;0;220718.0;781462.8;469429.2;0;0;0;0;13014755.8;0;17963717.9;0;0;1725132.6;0;0;0;0;0;0;0;0;1954204.8;0;0;0;0;0;0;0;55348898.0;0;0;0;0;0;0;0;0;0;0;0;0;0;0;0;0;0;185262.4;0;0;0;530689.9;0;0;0;0;0;0;0;0;0;0;0;0;0;0;0;0;0;0;0;0;0;0;0;0;0;0;0;0;14335415.7;0;1007959.7;0;0;0;0;0;108598855.2;0;0;0;0;3110.0;0;0;0;0;0;0;0;0;0;3836134.9;5680515.1;0;0;1002991.3;112696628.8;78144536.3;0;0;0;0;0;0;0;0;0;0;0;0;0;749336.2;0;0;0;0;0;0;13535744.4;0;0;0;0;0;0;0;0;0;0;0;0;0;244514.8;0;7629620.6;0;0;0;310244.3;0;0;0;0;0;0;0;0;0;0;20932503.7;0;0;0;0;0;0;0;0;0;0;0;0;6601703.1;0.0
2016M06;581601067.1;0;0;0;0;0;0;0;0;0;0;0;0;0;0;0;2067014.1;0;0;0;1654553.9;0;0;0;0;0;0;0;0;0;0;55171727.5;0;0;0;0;0;0;0;0;0;0;0;50170321.1;0;0;0;0;0;0;0;0;0;0;0;394394.8;0;0;0;0;0;0;0;26613662.2;0;0;0;0;0;0;0;0;0;1204615.9;9473263.7;0;0;0;0;0;0;0;0;0;31213.5;2165538.4;469429.2;0;0;0;0;11331820.9;69211.0;67733737.8;0;0;4216274.9;0;0;0;0;0;0;0;0;2252076.9;0;0;0;0;0;0;0;41913678.7;0;0;0;0;0;0;0;0;0;0;0;0;0;0;0;0;0;0;0;0;0;434045.3;0;0;0;0;0;0;0;0;0;0;0;0;0;0;0;0;0;0;0;0;0;0;0;0;0;0;0;0;4282967.6;0;11675942.3;0;0;0;0;0;27006926.1;0;0;0;0;0;0;0;0;825299.5;0;0;0;0;0;1948310.0;8628669.0;0;0;0;93976443.7;83833617.5;0;1170695.6;0;0;0;0;0;0;0;0;0;0;0;0;0;0;0;0;0;0;9215920.3;0;0;0;0;0;0;0;0;0;0;0;0;0;474228.4;0;13402915.4;0;0;0;2166326.4;0;0;0;0;0;0;0;0;0;0;39610755.3;0;0;0;0;0;0;0;0;0;0;0;0;6015469.9;0.0
2016M07;525077749.6;0;0;0;0;0;0;0;0;0;0;0;0;0;0;0;32947.4;0;0;0;1943657.4;0;0;0;0;0;0;0;0;0;0;60637959.6;0;0;0;0;0;0;0;0;0;0;0;42926288.6;0;0;0;0;0;0;0;0;478378.6;0;0;128205.0;0;0;0;0;0;259618.7;0;17444900.2;0;0;0;0;0;0;0;0;0;723953.0;2459334.1;0;0;0;0;0;0;0;0;0;209604.1;855408.9;469429.2;0;0;0;0;21136164.2;0;8356797.3;0;0;1191955.1;0;0;0;0;0;0;0;0;2216153.8;0;0;0;0;0;0;0;31580449.6;0;0;0;0;0;0;0;0;0;0;0;0;0;0;0;0;0;669315.1;0;0;0;451518.7;0;0;0;0;0;0;0;0;0;0;0;0;0;0;0;0;0;0;0;0;0;0;0;0;0;0;0;0;12968247.5;0;2362332.0;0;0;0;0;0;5000765.8;0;0;0;0;0;0;0;0;0;0;0;0;0;0;6624813.7;7066983.7;0;0;657978.9;122058287.3;84369776.3;0;2683805.2;0;0;0;0;0;0;0;0;0;0;0;0;0;0;0;0;0;0;14212294.0;0;0;0;0;0;0;0;0;0;0;0;0;0;4193005.5;0;10497526.8;0;0;0;4929864.6;0;0;0;0;0;0;0;0;0;0;41907710.5;0;0;0;0;0;0;0;0;0;0;0;0;11372319.5;0.0
2016M08;393992227.0;0;0;0;0;0;0;0;0;0;0;0;0;0;441050.0;0;3294183.6;0;0;0;1807874.4;0;0;0;0;0;0;0;0;0;0;57460525.8;0;0;0;0;0;0;0;0;0;0;0;27674034.5;0;0;0;0;0;0;0;0;0;0;0;0;0;0;0;0;0;0;0;21484070.6;0;0;0;0;0;0;0;0;0;444377.4;4190391.7;0;0;0;0;0;0;0;0;0;19580.9;1301800.5;469429.2;0;0;0;0;5382039.2;0;1339477.3;0;0;1597612.8;0;0;0;0;0;0;0;0;2245883.6;0;0;0;0;0;0;0;17548750.8;0;0;0;0;0;0;0;0;0;0;0;0;0;0;0;0;0;0;0;0;0;2956004.9;0;0;0;0;0;0;0;0;0;0;0;0;0;0;0;0;0;0;0;0;0;0;0;0;0;0;0;0;24933481.8;0;3245245.9;0;0;0;0;0;25722500.6;0;0;0;0;0;0;0;0;0;0;0;0;0;0;2636137.9;8999233.5;0;0;859811.8;88003672.2;55565259.9;0;1611136.6;0;0;0;0;0;0;0;0;0;0;0;0;0;0;0;0;0;0;9190654.9;0;0;0;0;0;0;0;0;0;0;0;0;0;0;0;3866440.1;0;0;0;3184576.2;0;0;0;0;0;0;0;0;0;0;8843364.6;0;0;0;0;0;0;0;0;0;0;0;0;7673623.6;0.0
2016M09;873740330.1;0;0;0;0;0;0;0;0;0;0;0;0;0;0;0;0;0;0;0;6433408.7;0;0;0;0;0;0;0;0;0;0;64264259.0;0;2061893.5;0;0;0;0;0;0;0;0;0;41624281.6;0;0;0;2021042.6;0;0;0;0;516374.8;0;0;1500479.6;0;0;0;0;0;0;0;25508556.4;0;0;0;0;0;6392597.2;786555.1;1766478.0;0;128207.0;2351227.3;0;0;0;0;0;0;0;0;0;266125.4;4466847.1;469429.2;0;0;0;0;27652421.4;494764.7;25605102.6;0;0;1208012.1;0;0;0;0;0;0;0;0;1445339.9;0;0;0;0;0;0;0;55664856.7;0;0;0;0;0;0;0;0;0;0;0;0;0;0;0;0;8928.8;0;0;0;0;2074873.2;0;0;0;0;0;0;0;0;0;0;0;0;0;0;0;0;0;0;0;0;0;0;0;0;0;0;0;0;47443786.5;0;14575517.2;0;0;0;0;0;15600356.8;0;0;0;0;0;0;0;0;0;0;0;0;0;0;3836598.0;41062556.0;0;0;1038118.6;278640367.0;82054161.3;0;2881945.4;0;0;0;0;0;0;0;0;0;0;0;179365.4;0;0;0;0;0;0;16031516.8;0;0;0;0;0;0;0;0;0;0;0;0;0;2436751.9;0;7257818.2;0;0;0;4102062.0;0;0;0;0;0;0;0;0;0;0;69080276.5;0;1593274.3;0;0;0;0;0;0;0;0;0;506500.0;10707296.1;0.0
2016M10;895656427.1;0;0;0;0;0;0;0;0;0;0;0;0;0;0;0;0;0;0;0;4637279.0;0;0;0;0;0;0;0;0;0;0;69166691.1;0;0;0;0;0;0;0;0;0;0;0;35399263.9;0;0;0;2742495.4;0;0;0;0;349847.5;0;0;0;0;0;0;0;0;255749.2;5758169.6;49719970.5;0;0;0;0;0;5679311.6;0;0;0;205845.0;2942640.2;0;0;0;0;0;0;0;0;0;415620.2;6829894.8;469429.2;0;0;0;0;24427120.2;0;3892593.7;0;0;1473804.6;0;0;0;0;0;0;0;0;1527509.0;0;0;0;0;0;0;0;63932683.9;0;0;0;0;0;0;0;0;0;0;0;0;0;0;0;0;297552.8;0;0;0;0;9533847.5;0;0;0;0;0;0;0;0;0;0;0;0;0;0;0;0;0;0;0;0;0;0;0;0;0;0;0;0;26264211.7;0;13098504.3;0;0;0;0;0;25091233.6;0;0;0;0;0;0;0;0;0;0;0;0;0;0;5681033.0;62292036.0;0;0;2559340.8;252704021.0;97639565.8;0;3453583.1;0;0;0;0;0;0;0;0;0;0;0;0;0;0;0;0;0;0;13128953.9;0;0;0;0;0;0;0;0;0;0;0;0;0;4579642.3;0;5243894.5;0;0;0;1257659.1;0;0;0;0;0;0;0;0;0;0;85859411.5;0;712556.5;0;0;0;0;0;0;0;0;0;0;6433461.2;0.0
2016M11;757536126.5;0;0;0;0;0;0;0;0;0;0;0;0;0;0;0;0;0;0;0;8254856.8;0;0;0;0;0;0;0;0;0;0;48313517.5;0;0;0;0;0;0;0;0;0;0;0;44951280.5;0;0;0;0;0;0;0;0;329651.5;0;0;920840.6;0;0;0;0;0;0;0;29615865.6;0;0;0;0;0;0;279716.1;0;0;147729.2;550679.9;0;0;0;0;0;0;0;0;0;21398.1;563196.0;469429.2;0;0;0;0;31539946.9;29762.4;20939391.7;0;199360.0;1691728.5;0;0;0;0;0;0;0;0;5414497.8;0;0;0;0;0;0;0;49277364.7;0;0;0;0;0;0;0;0;0;0;0;0;0;118103.8;0;0;0;0;0;0;0;8439158.7;0;0;0;218833.7;0;0;0;0;0;0;0;0;0;0;0;0;0;0;0;0;0;0;0;0;0;0;0;0;28696216.6;0;18773838.7;0;0;0;0;0;16148596.7;0;0;0;0;0;0;0;0;0;0;0;0;0;0;2416748.4;66790580.1;0;0;653956.8;191753953.1;73178120.6;0;2062539.4;0;0;0;0;0;0;0;0;0;0;0;185943.2;0;0;0;0;0;0;14792337.4;0;0;0;0;0;0;0;0;0;0;0;0;0;276248.1;0;5632235.6;0;0;0;1569011.4;0;0;0;0;0;0;0;0;0;0;70846087.2;0;1460483.8;0;0;0;0;0;0;0;0;0;0;10012919.8;0.0
2016M12;719423579.8;0;0;0;0;0;0;0;0;0;0;0;0;0;0;0;0;0;0;0;5188330.6;0;0;0;0;0;0;0;0;0;0;92295174.8;0;0;0;0;0;0;0;0;0;0;0;43261117.9;0;0;0;0;0;0;0;0;358590.7;0;0;0;0;0;0;0;0;255765.8;0;42161881.2;0;0;0;0;0;0;1017716.0;0;0;0;2536317.0;0;0;0;0;0;0;0;0;0;415592.8;982682.0;469429.2;0;0;0;0;32566568.2;498324.5;10080518.6;0;473522.0;4025152.1;0;0;0;0;0;0;0;0;2603818.3;0;0;0;0;0;0;0;40502119.5;0;0;0;0;0;0;0;0;0;0;0;0;0;0;0;0;0;1150372.3;0;0;0;4307799.9;0;0;0;0;0;0;0;0;0;0;0;0;0;0;0;0;0;0;0;0;0;0;0;0;0;0;0;0;17101268.2;0;822138.6;0;0;0;0;0;29962605.7;0;0;0;0;0;0;0;0;0;0;0;0;0;0;3184396.1;14317369.3;0;0;0;206714092.7;79611069.1;0;909567.5;0;0;0;0;0;0;0;0;0;0;0;0;0;0;0;0;0;0;15476881.1;0;0;0;0;0;0;0;0;0;0;217391.4;0;0;1638707.2;0;6167695.4;0;0;0;1224755.4;0;0;0;0;0;0;0;0;0;0;52402830.7;0;301672.6;0;0;0;0;0;0;0;0;0;0;4220345.3;0.0
2017M01;800842397.4;0;0;0;0;0;0;0;0;0;0;0;0;0;0;0;352200.8;0;0;0;0;0;0;0;0;0;0;0;0;0;0;89857594.3;0;0;0;0;0;0;0;0;0;0;0;39764100.4;0;0;61574.0;1740508.9;0;0;0;0;89669.4;0;0;0;0;0;0;0;0;0;0;32664037.7;0;0;0;0;0;0;0;0;0;2607780.4;11112110.5;0;0;0;0;0;0;0;0;0;387233.6;6352324.0;510967.1;0;0;0;0;18909926.6;0;4268581.3;0;0;4436137.7;0;0;0;0;0;0;0;0;4771821.5;0;0;0;0;0;0;0;38605747.1;0;0;0;0;0;0;0;0;0;0;0;0;0;0;0;0;0;934769.4;0;0;0;1422080.4;0;0;0;0;0;0;0;0;0;0;0;0;0;0;0;0;0;0;0;0;0;0;0;0;0;0;0;0;59326002.3;0;1373666.8;0;0;0;0;0;39681434.5;0;0;1354153.5;0;0;0;0;0;0;0;0;0;0;0;4786345.9;13492302.8;0;0;729714.5;264998739.5;74638729.8;0;1000459.1;0;0;0;0;0;0;0;0;0;0;0;0;0;0;0;0;0;0;12929411.9;0;0;0;0;0;0;0;0;0;0;0;0;0;666697.7;0;5829067.3;0;0;0;3066217.0;0;0;0;0;0;0;0;0;0;0;50654916.3;0;0;0;0;0;0;0;0;0;0;0;0;7465373.5;0.0
2017M02;736748904.8;0;0;0;0;0;0;0;0;0;0;0;0;0;0;0;352200.8;0;0;0;6186277.9;0;0;0;0;0;0;0;0;0;0;48344446.1;0;0;0;0;0;0;0;0;0;0;0;41457810.8;0;0;0;4159591.0;0;0;0;0;208360.6;0;0;0;0;0;0;0;0;234481.5;0;25196762.6;0;0;0;0;0;0;0;0;0;1619291.0;1264449.6;0;0;0;0;0;0;0;0;0;353688.9;10390645.7;510967.1;0;0;0;0;31978163.5;508931.3;14134131.5;0;0;5086451.6;0;0;0;0;0;0;0;0;3134138.2;0;0;0;0;0;0;0;28276419.3;0;0;0;0;0;0;441175.5;0;0;0;0;0;0;0;0;0;0;0;0;0;0;7594982.9;0;0;0;0;0;0;0;0;0;0;0;0;0;0;0;0;0;0;0;0;0;0;0;0;0;0;0;0;41817516.1;0;807402.7;0;0;0;0;0;23762724.0;0;0;0;0;0;0;0;0;0;0;0;0;0;0;170045.3;26868137.8;0;0;12717042.6;260962564.6;55306364.7;0;669220.4;0;0;0;0;0;0;0;0;0;0;0;0;0;148772.2;0;0;0;0;32747411.0;0;0;0;0;0;0;0;0;0;0;0;0;0;599908.7;0;3357253.9;0;0;671128.6;98950.4;0;0;0;0;0;0;0;0;0;0;36362258.1;0;4899784.1;0;0;0;0;0;0;0;0;0;0;3349051.8;0.0
2017M03;727362700.4;0;0;0;0;0;0;0;0;0;0;0;0;0;0;0;352200.8;0;0;0;3895861.0;0;0;0;0;0;0;0;0;0;0;62119517.5;0;0;0;0;0;0;0;0;0;0;0;53947467.3;0;0;158134.7;0;0;0;0;0;0;0;0;2469742.6;0;0;0;0;0;483229.5;0;26255522.8;0;0;0;0;0;0;0;0;0;0;4605938.8;0;0;0;0;0;0;0;0;0;327151.0;12481391.6;510967.1;0;0;0;0;20678592.7;14722.0;24372357.4;0;0;7673417.2;0;0;0;0;0;0;0;0;2293240.1;0;0;0;0;0;0;0;32538786.6;0;0;0;0;0;0;0;0;0;0;0;0;0;0;0;0;12638.8;0;0;0;0;9227719.8;0;0;0;0;0;0;0;0;0;0;0;0;0;0;0;0;0;0;0;0;0;0;0;0;0;0;0;0;29654421.7;0;470407.7;0;0;0;0;0;28060215.7;0;0;0;0;0;0;0;0;0;0;0;0;0;0;7949783.8;7541810.2;0;0;0;220370279.8;73671851.2;0;3444629.7;0;0;0;0;0;0;0;0;0;0;0;0;0;156569.9;0;0;0;0;21283487.8;0;0;0;0;0;0;0;0;0;0;0;0;0;532896.6;0;9339581.8;0;0;0;0;0;0;0;0;0;0;0;0;0;0;57941399.8;0;1056205.1;0;0;0;0;0;0;0;0;0;0;1470560.2;0.0
2017M04;668049536.9;0;0;0;0;0;0;0;0;0;0;0;0;0;0;0;352200.8;0;0;0;4827735.3;0;0;0;0;0;0;0;0;0;0;72191859.9;0;0;0;0;0;0;0;0;0;0;0;58079253.1;0;0;212084.9;0;0;0;0;0;87959.7;0;0;601721.4;0;0;0;0;0;0;2227930.5;16951148.8;0;0;0;0;0;0;285664.6;0;0;26917133.2;3670488.5;0;0;0;0;0;0;0;0;0;567231.7;2692534.2;510967.1;0;0;0;0;22801276.8;0;22053210.2;0;0;11000689.9;0;0;0;0;0;0;0;0;744952.6;0;0;0;0;0;0;0;40585218.7;0;0;0;0;0;0;0;0;0;0;0;0;0;0;0;0;15919.5;0;0;0;0;3239186.6;0;0;0;0;0;0;0;0;0;0;0;0;0;0;0;0;0;0;0;0;0;0;0;0;0;0;0;0;15227284.1;0;1352158.8;0;0;0;0;0;24487786.8;0;0;0;0;0;0;0;0;0;0;0;0;0;0;1748067.8;22995246.7;0;0;1445225.2;129262579.9;62050916.6;0;1978287.3;0;0;0;0;0;0;0;0;0;0;0;148652.6;0;273956.3;0;0;0;0;29923483.2;0;0;0;0;0;0;0;0;0;0;0;0;0;6579541.8;0;10861216.4;0;0;0;4227669.6;0;0;0;0;0;0;0;0;0;0;54814666.6;0;850433.8;0;0;0;0;0;0;0;0;0;0;9205995.3;0.0
2017M05;716725035.2;0;0;0;0;0;0;0;0;257815.0;0;0;0;113017.3;0;0;352200.8;0;0;0;2315418.2;0;0;0;0;0;0;0;0;0;0;80560808.1;0;0;0;0;0;0;0;0;0;0;0;91483521.9;0;0;248852.9;0;0;0;0;0;0;0;0;515775.5;0;0;0;0;0;264412.0;0;14249953.1;0;0;0;0;0;0;490703.7;0;0;644595.1;2075460.3;0;0;0;0;0;0;0;0;0;155516.1;719412.3;510967.1;0;0;0;0;14075143.1;0;9299639.4;0;0;5800000.3;0;0;0;0;0;0;0;0;1747827.7;0;0;0;0;0;0;0;54732895.6;0;0;0;0;0;0;0;0;0;0;0;0;0;0;0;0;0;385908.1;0;0;0;7113609.7;0;0;0;0;0;0;0;0;0;0;0;0;0;0;0;0;0;0;0;0;0;0;0;0;0;0;0;0;11993563.2;0;17108244.5;0;0;0;3315681.7;0;30766742.9;0;0;0;0;0;0;0;0;671708.1;0;0;0;0;0;4365598.8;18123444.3;0;0;841792.5;140964346.0;93111173.2;0;5837098.5;0;0;0;0;0;0;0;0;0;0;0;744962.3;0;274892.5;0;0;0;0;13154002.2;0;0;0;0;0;0;0;0;0;0;0;0;0;0;0;4788882.2;0;0;0;14530174.8;0;0;0;0;0;0;0;0;0;0;62559561.6;0;848090.0;0;0;0;0;0;0;0;0;0;0;4611622.5;0.0
2017M06;750700603.5;0;719640.0;0;0;0;0;0;0;0;0;0;0;0;0;0;352200.8;0;0;0;4056278.2;0;0;0;0;0;0;0;0;0;0;92117959.6;0;0;0;0;0;0;0;0;0;0;0;70591608.5;0;0;58041.3;0;0;0;0;0;139788.4;0;0;1203387.8;0;0;0;0;0;0;0;17075008.5;0;0;0;0;0;0;280367.6;0;0;0;14706839.2;0;0;0;0;0;0;0;0;0;1108679.7;1468897.5;510967.1;0;0;0;0;27389001.5;0;2147379.7;0;0;2289229.4;0;0;0;0;0;0;0;0;1361521.2;0;0;0;0;0;0;0;58925026.1;0;0;0;0;0;0;0;0;0;0;0;0;0;0;0;0;0;0;0;0;0;5407170.1;0;0;0;0;0;0;0;0;0;0;0;0;0;0;0;0;0;0;0;0;0;0;0;0;0;0;0;0;19580144.6;0;0;0;0;0;0;0;11000576.2;0;0;0;0;0;0;0;0;0;0;0;0;0;0;5486691.7;7018520.6;0;0;765756.9;194046485.7;78512529.2;0;3957861.9;0;0;0;0;0;0;0;0;0;0;0;0;0;277522.3;0;0;0;0;15222504.0;0;0;0;0;0;0;0;0;0;0;0;0;0;5341827.7;0;5000107.1;0;0;0;18937383.1;0;0;0;0;0;0;0;0;0;0;76818678.3;0;0;0;0;0;0;0;0;0;0;0;0;6825021.9;0.0
2017M07;614673477.0;0;0;0;0;0;0;0;0;0;0;0;0;0;0;0;3930471.5;0;0;0;4561034.4;0;0;0;0;0;0;0;0;0;0;57805615.3;0;0;0;0;0;0;0;0;0;0;0;46974911.4;0;0;0;0;0;0;0;0;2265275.1;0;0;0;0;0;0;0;0;0;0;11782001.6;0;0;0;0;0;0;0;0;0;1114416.9;3449867.8;0;0;0;0;0;0;0;0;0;162893.5;344905.3;510967.1;0;0;0;0;23656172.5;251891.2;12711712.0;0;0;1544309.9;0;0;0;0;0;0;0;0;2809957.9;0;0;0;0;0;0;0;38013667.4;0;0;0;0;0;0;0;0;0;0;0;0;0;0;0;0;68000.0;0;0;0;0;5959756.2;0;0;0;0;0;0;0;0;0;0;0;0;0;0;0;0;0;0;0;0;0;0;0;0;0;0;0;0;9551141.4;0;7440105.4;0;0;0;0;0;67348833.4;0;0;0;0;0;0;0;0;0;0;0;0;0;0;6412879.5;40516301.2;0;0;695036.6;76795637.6;68774521.7;0;5596496.1;0;0;0;0;0;0;0;0;0;0;0;160797.8;0;0;0;0;0;0;15065919.5;0;0;0;0;0;0;0;0;0;0;0;0;0;2601959.7;0;10211431.6;0;0;0;11002997.3;0;0;0;0;0;0;0;0;0;0;65130255.4;0;0;0;0;0;0;0;0;0;0;0;0;9451335.8;0.0
2017M08;501566875.2;0;0;0;0;0;0;0;0;0;0;0;0;0;0;0;352200.8;0;0;0;550617.5;0;0;0;0;0;0;0;0;0;0;94871318.0;0;0;0;0;0;0;0;0;0;0;0;20046785.3;0;0;0;0;0;0;0;0;785208.7;0;0;0;0;0;0;0;0;0;0;12688440.1;0;0;0;0;0;2264469.5;344920.0;0;0;0;5983113.1;0;0;0;0;0;0;0;0;0;181245.0;0;510967.1;0;0;0;0;12665648.0;545421.6;2627022.7;0;0;1258850.9;0;0;0;0;0;0;0;0;1821777.5;0;0;0;0;0;0;0;39836800.1;0;0;0;0;0;0;0;0;0;0;0;0;0;0;0;0;0;0;0;0;0;1827289.0;0;0;0;0;0;0;0;0;0;0;0;0;0;0;0;0;0;0;0;0;0;0;0;0;0;0;0;0;18297627.3;0;14762552.5;0;0;0;0;0;33024296.1;0;0;0;0;0;0;0;0;0;0;0;0;0;0;0;11981812.0;0;0;0;124283810.5;44756658.3;0;1467143.4;0;0;0;0;0;0;0;0;0;0;0;2554941.5;0;138207.3;0;0;0;0;9581692.4;0;0;0;0;0;0;0;0;0;0;0;0;0;640741.5;0;4744455.8;0;0;0;2075894.6;0;0;0;0;0;0;0;0;0;0;30445199.4;0;0;0;0;0;0;0;0;0;0;0;0;3649747.7;0.0
2017M09;883869197.5;0;0;0;0;0;0;0;0;0;0;0;0;0;0;0;352200.8;0;0;0;7610456.0;0;0;0;0;0;0;0;0;0;0;62785192.0;0;0;0;0;0;0;0;0;0;0;0;54201696.4;0;0;0;0;0;0;0;0;372458.5;0;0;30657.3;0;0;0;0;0;236300.6;0;31298346.0;0;0;0;0;0;3884737.3;0;0;0;283467.8;1149149.4;0;0;0;0;0;0;0;0;0;239400.1;360513.2;510967.1;0;0;0;0;51262986.5;0;11154541.6;0;0;2311350.8;0;0;0;0;0;0;0;0;3015292.1;0;0;0;0;0;0;0;40841084.4;0;0;0;0;0;0;0;0;0;0;0;0;0;0;0;0;0;0;0;0;0;8956221.0;0;0;0;271264.3;0;0;0;0;0;0;0;0;0;0;0;0;0;0;0;0;0;0;0;0;0;0;0;0;62249162.6;0;14829252.9;0;0;0;0;0;32772663.0;0;0;0;0;0;0;0;0;0;0;0;0;0;0;5660019.9;44960001.7;0;0;0;237622751.8;68118610.5;0;6328681.9;0;0;0;0;0;0;0;0;0;0;0;826022.8;0;0;0;0;0;0;25191339.1;0;0;190471.0;0;0;0;0;0;0;0;0;0;0;1303660.7;0;2747156.0;0;0;0;687769.6;0;0;0;0;0;0;0;0;0;0;92634082.8;0;525066.6;0;0;0;0;0;0;0;0;0;0;6094201.5;0.0
2017M10;932895958.4;0;0;0;0;799354.7;0;0;0;0;0;0;0;0;0;0;1146218.0;0;0;0;6573434.0;0;0;0;0;0;0;0;0;0;0;43608495.1;0;0;0;0;0;0;0;0;0;0;0;18254991.6;0;0;0;0;0;0;0;0;786092.6;0;0;650640.2;0;0;0;0;0;0;0;28754180.4;0;0;0;0;0;0;0;0;0;338211.0;1497199.4;0;0;0;0;0;0;0;0;0;285829.2;1589836.2;510967.1;0;442693.1;0;0;25060098.6;0;8981490.2;0;0;10989588.6;0;0;0;0;0;0;0;0;7036691.0;0;0;0;0;0;0;0;36729253.9;0;0;0;0;0;0;0;0;0;0;0;0;0;0;0;0;2037325.4;0;0;0;0;5408863.0;0;0;0;0;0;0;0;0;0;0;0;0;0;0;0;0;0;0;0;0;0;0;0;0;0;0;0;0;95629023.5;0;5710959.9;0;0;0;0;0;50306207.9;0;0;0;0;0;0;0;0;0;0;0;0;0;0;4064404.3;29893339.1;0;0;0;345020235.3;56789934.1;0;0;0;0;0;0;0;0;0;0;0;0;0;0;0;141896.0;0;0;0;0;15428411.0;0;0;0;0;0;0;0;0;0;0;0;0;0;1861381.8;0;4678421.1;0;0;82632.6;2235227.1;0;0;0;0;0;0;465740.4;0;0;0;96810300.1;0;4158965.6;0;0;0;0;0;0;0;0;0;0;18137425.3;0.0
2017M11;767409097.1;0;0;0;0;0;0;0;0;0;0;0;0;0;0;0;352200.8;0;0;0;6901233.7;0;0;0;0;0;0;0;0;0;0;27345802.0;0;0;0;0;0;0;0;0;0;0;0;35886397.4;0;0;0;0;0;0;0;0;524021.0;0;0;2549024.8;0;0;0;0;0;0;0;18612300.7;0;0;0;0;0;0;0;0;0;0;1810890.0;0;0;0;0;0;0;0;0;0;21313.3;1651264.9;510967.1;0;0;0;0;31887422.7;516283.4;14267675.6;0;0;1988766.1;0;0;0;0;0;0;0;0;2526340.1;0;0;0;0;0;0;0;25631659.7;0;0;0;0;0;0;0;0;0;0;0;0;0;0;0;0;0;0;0;0;0;1277154.7;0;0;0;0;0;0;0;0;0;0;0;0;0;0;0;0;0;0;0;0;0;0;0;0;0;0;0;0;49802008.8;0;5974631.1;0;0;0;0;0;61179059.8;0;0;0;0;0;0;0;0;0;0;0;0;0;0;1613522.2;19505398.1;0;0;0;275690421.5;51377331.5;0;5407159.8;0;0;0;0;0;0;0;0;0;0;0;0;0;141380.6;0;0;0;0;21395359.7;0;0;0;0;0;0;0;0;0;0;29400.0;0;0;1763117.5;0;8325195.3;0;0;0;0;0;0;0;0;0;0;0;0;0;0;81482705.3;0;509541.4;0;0;0;0;0;0;0;0;0;0;8952146.7;0.0
2017M12;673093584.4;0;0;0;0;0;0;0;0;0;0;0;0;0;0;0;352200.8;0;0;0;5156378.9;0;0;0;0;0;0;0;0;0;0;37984859.7;0;0;0;0;0;0;0;0;0;0;0;38330747.5;0;0;0;0;0;0;0;0;819201.2;0;0;0;0;0;0;0;270570.2;184082.5;0;14177496.2;0;0;0;0;0;0;0;0;0;1477331.5;6751215.0;0;0;0;0;0;0;0;0;0;274067.3;2093671.7;510967.1;0;0;0;0;12181310.4;528739.3;2006034.5;126583.5;0;5648156.2;0;0;0;0;0;0;0;0;1272763.4;0;0;0;0;0;0;0;23294674.4;0;0;0;0;0;0;481083.8;0;0;0;0;0;0;0;0;0;272071.0;0;0;0;0;1343715.2;0;0;0;0;0;0;0;0;0;0;0;0;0;0;0;0;0;0;0;0;0;0;0;0;0;0;0;0;3806136.5;0;25311668.2;0;0;81068.2;0;0;63997969.1;0;0;0;0;0;0;0;0;0;0;0;0;0;0;2568553.5;9817946.2;0;0;0;291006828.3;51851148.9;0;1127234.8;0;0;0;0;0;0;0;0;0;0;0;156458.8;0;282776.8;0;0;0;0;15762044.0;0;0;0;0;0;0;0;0;0;0;0;0;0;0;0;4741110.3;0;0;0;0;0;0;0;0;0;0;779438.2;0;0;0;40315354.7;0;827023.2;0;0;0;0;0;0;0;0;0;0;5122903.3;0.0
2018M01;582904218.8;0;0;0;0;0;0;0;0;0;0;0;0;0;0;0;0;0;0;0;3221523.3;0;0;0;0;0;0;0;0;0;0;64640142.0;0;0;0;0;0;0;0;0;0;0;0;19962379.8;0;0;0;0;0;0;0;0;1451778.4;0;0;1420352.5;0;0;0;0;0;0;0;16235387.0;0;0;0;0;0;0;1263928.5;0;0;2384724.1;1448174.8;0;0;0;0;0;0;0;0;0;23876.0;1332847.7;0;0;0;0;0;40925639.8;253407.2;3554635.0;0;0;760441.4;0;0;0;0;0;0;0;0;2123824.9;0;0;0;0;0;0;0;27517383.3;0;0;0;0;0;0;0;0;0;0;0;0;0;0;0;0;2199900.0;0;0;0;0;6077177.4;0;0;0;0;0;0;0;0;0;0;0;0;0;0;0;0;0;0;0;0;0;0;0;0;0;0;0;0;18567396.4;0;2183181.6;0;0;0;0;0;20031273.8;0;0;0;0;0;0;0;0;0;0;0;0;0;0;2629983.4;10894828.3;0;0;19148944.3;180164897.1;44384465.4;0;1125799.6;0;0;0;0;0;0;0;0;0;0;0;148009.4;0;144418.8;0;0;0;0;23836956.4;0;0;0;0;0;0;0;0;0;0;0;0;0;4302884.4;0;5632884.3;0;0;0;0;0;0;0;0;0;0;0;0;0;0;50580612.6;0;0;0;0;0;0;0;0;0;0;0;0;2330159.9;0.0
2018M02;635269256.0;0;0;0;0;0;0;0;0;0;0;0;0;0;0;0;0;0;0;0;5889207.6;0;0;0;0;0;0;0;0;0;0;41391698.5;0;0;0;0;0;0;0;0;0;0;0;55249386.0;0;0;0;0;0;0;0;0;465452.5;0;0;0;0;0;0;0;0;198347.0;0;18889609.4;0;0;0;0;0;0;0;0;0;773184.7;5017627.4;0;0;0;0;0;0;0;0;0;9223.1;8440630.5;0;0;0;0;0;30195398.0;29177.5;11817206.0;0;0;3544325.9;0;0;0;0;0;0;0;0;899083.8;0;0;0;0;0;0;0;54538590.2;0;0;0;0;0;0;167218.4;0;0;0;0;0;0;0;0;0;0;399616.6;0;0;0;676044.2;0;0;0;0;0;0;0;0;0;0;0;0;0;0;0;0;0;0;0;0;0;0;0;0;0;0;0;0;4804555.8;0;6094881.0;0;0;0;0;0;18525594.0;0;0;0;0;0;0;0;0;0;0;0;0;0;0;4742206.2;12784629.8;0;0;0;225279525.8;49768125.6;0;1571768.4;0;0;0;0;0;0;0;0;0;0;0;286992.0;0;144307.1;0;0;0;0;20243353.3;0;0;0;0;0;0;5553948.0;0;0;0;0;0;0;1401375.9;0;10038869.5;0;0;0;0;0;0;0;0;0;0;0;0;0;0;30604295.9;0;1058675.3;0;0;0;0;0;0;0;0;0;0;3775125.1;0.0
2018M03;757069630.7;0;0;0;0;0;0;0;0;0;0;0;0;0;0;0;109794.8;0;0;0;0;0;0;0;0;0;0;0;0;0;0;104205045.9;0;0;0;0;0;0;0;0;0;0;0;50402285.5;0;0;0;0;0;0;0;0;855629.5;0;0;0;0;0;0;0;0;2139837.0;0;21402521.6;0;0;0;0;0;2527023.0;860602.8;0;0;804139.4;1226529.3;0;0;0;0;0;0;0;0;0;30348.2;3283068.4;0;0;0;0;0;34283300.4;1116252.6;13360194.2;0;0;6696097.5;0;0;0;0;0;0;0;0;1916975.6;0;0;0;0;0;0;0;58457126.6;0;0;0;0;0;0;0;0;0;0;0;0;0;438749.2;0;0;0;225148.1;0;0;0;4014263.5;0;0;0;0;0;0;0;0;0;0;0;0;0;0;0;0;0;0;0;0;0;0;0;0;0;0;0;0;32953513.6;0;12491667.1;0;0;0;0;0;63246382.3;0;0;0;0;0;0;0;0;0;0;0;0;0;0;10219630.7;18933103.0;0;0;2478821.3;192636898.1;59497746.4;0;2909000.2;0;0;0;0;0;0;0;0;0;0;0;0;0;310775.0;0;0;0;0;24936013.1;0;0;0;0;0;0;0;0;0;0;156144.3;0;0;5862780.7;0;3619300.4;0;0;0;0;0;0;0;0;0;0;0;0;0;0;16114483.6;0;830055.2;0;0;0;0;0;0;0;0;0;0;1518382.8;0.0
2018M04;553841622.6;0;0;0;0;0;0;0;0;0;0;0;0;0;0;0;395107.8;0;0;0;2709228.5;0;0;0;0;0;0;0;0;0;0;51867894.3;0;0;0;0;0;0;0;0;0;0;0;45015965.0;0;0;0;0;0;0;0;0;731999.0;0;0;59070.0;0;0;0;0;0;200804.0;0;15761128.1;0;0;0;0;0;0;0;0;0;29962077.2;3482735.6;0;0;0;0;0;0;0;0;0;0;472828.1;0;0;0;0;0;17247879.5;0;9391130.3;0;0;817823.4;0;0;0;0;0;0;0;0;1531901.6;0;0;0;0;0;0;0;64496345.8;0;0;0;0;0;0;0;0;0;0;0;0;0;0;0;0;3096466.0;0;0;0;0;4267463.1;0;0;0;0;0;0;0;118994.6;0;0;0;0;0;0;0;0;0;0;0;0;0;0;0;0;0;0;0;0;2884745.5;0;20016936.7;0;0;0;0;0;24862293.3;0;0;0;0;0;0;0;0;0;0;0;0;0;0;5631743.9;14575371.7;0;0;969024.0;138726950.7;55916057.2;0;1703505.8;0;0;0;0;0;0;0;0;0;0;0;0;0;144387.4;0;0;0;0;12886608.9;0;0;0;0;0;0;0;0;0;0;0;0;0;1627672.0;0;4807002.9;0;0;0;1741117.1;0;0;0;0;0;0;549551.5;0;0;0;14452776.1;0;0;0;0;0;0;0;0;0;0;0;0;719036.1;0.0
2018M05;674913865.3;0;0;0;0;0;0;0;0;0;0;0;0;0;0;0;0;0;0;0;7370902.7;0;0;0;0;0;0;0;0;0;0;46617720.8;0;661967.9;0;0;0;0;0;0;0;0;0;83438772.6;0;0;0;0;0;0;0;0;1342411.4;0;0;0;0;0;0;0;0;0;0;15398127.9;0;0;0;0;0;691878.7;0;0;0;0;1348993.3;0;0;0;0;0;0;0;0;0;201213.8;0;0;0;0;0;0;24552842.3;8720468.9;16306791.1;0;0;3469275.3;0;0;0;0;0;0;0;0;35896823.7;0;0;0;0;0;0;0;71336263.5;0;0;0;0;0;0;0;0;0;0;0;0;0;0;0;0;0;0;0;0;0;2998131.5;0;0;0;0;0;0;0;461106.3;0;0;0;0;0;0;0;0;0;0;0;0;0;0;0;0;0;0;0;0;14397186.3;0;15299112.1;0;0;0;0;0;48181098.2;0;0;0;0;0;0;0;0;0;0;0;0;0;0;10300075.7;9300002.6;0;0;0;145501954.9;54387521.9;0;4702937.9;0;0;0;0;0;0;0;0;0;0;0;0;0;288839.1;0;0;0;0;20688235.1;0;0;0;0;0;0;0;0;0;0;0;0;0;1115124.0;0;8591170.1;0;0;0;170789.4;0;0;0;0;0;0;0;0;0;0;12239376.6;0;7385757.3;0;0;0;0;0;0;0;0;0;0;1550992.3;0.0
2018M06;722510269.0;0;0;0;0;0;0;0;0;0;0;0;0;0;0;0;0;0;0;0;7790894.5;0;0;0;0;0;0;0;0;0;0;119245326.7;0;0;0;0;0;0;0;0;0;0;0;53942597.2;0;0;0;0;0;0;0;0;621101.6;0;0;1544520.3;0;0;0;0;0;0;0;12422635.8;0;0;0;0;0;2169212.9;669800.1;0;0;0;10963322.3;0;0;0;0;0;0;0;0;0;0;0;0;0;0;0;0;22926096.6;7837.4;22292852.6;0;0;4104943.2;0;0;0;0;0;0;0;2248023.6;2351184.5;0;0;0;0;0;589266.6;0;77957596.6;0;0;0;0;0;0;0;0;0;0;0;0;0;358984.9;0;0;0;225192.2;0;0;0;1072053.5;0;0;0;0;0;0;0;0;0;0;0;0;0;0;0;0;0;0;0;0;0;0;0;0;0;0;0;0;21132394.0;0;6943637.5;0;0;0;0;0;43290404.3;0;0;0;0;0;0;0;0;0;0;0;0;0;0;8896728.0;10926862.1;0;0;0;161279275.6;62672040.3;0;699423.7;0;0;0;0;0;0;0;0;0;0;0;0;0;215454.5;0;0;0;0;27294645.9;0;0;0;0;0;0;0;0;0;0;0;0;0;0;0;13043971.5;0;0;0;0;0;5240.0;0;0;0;0;0;0;0;0;20196126.7;0;0;0;0;0;0;0;0;0;0;0;0;2410622.0;0.0
2018M07;535884239.7;0;0;0;0;0;0;0;0;0;0;0;0;0;0;0;203477.5;0;0;0;3296533.9;0;41000000.0;0;0;0;0;0;0;0;0;34467244.0;0;0;0;0;0;0;0;0;0;0;0;54002352.1;0;0;0;0;0;0;0;0;88024.9;0;0;0;0;0;0;0;0;199966.9;0;9176073.3;0;0;0;0;0;2813315.9;0;0;0;0;1448222.5;0;0;0;0;0;0;0;0;0;15661.8;1375883.5;0;0;0;0;0;25252917.7;0;7496932.0;0;0;2311268.2;0;0;0;0;0;0;0;0;2308972.0;0;0;0;0;0;0;0;53546368.5;0;0;0;0;0;0;0;0;0;0;0;0;0;73760.8;0;0;9695.0;0;0;0;0;1630.7;0;0;0;0;0;0;0;1600000.0;0;0;0;0;0;0;0;0;0;0;0;0;0;0;0;0;0;0;0;0;21693009.1;0;7753682.0;0;0;0;0;0;20212562.2;0;0;0;0;0;0;0;0;0;0;0;0;0;0;324000.0;16257062.3;0;0;0;131691939.3;58603855.7;0;512274.7;0;0;0;0;0;0;0;0;0;0;0;0;0;310960.4;0;0;0;0;19464298.7;0;0;0;0;0;0;0;0;0;0;535328.2;0;0;2148880.0;0;6423805.0;0;0;0;0;0;0;0;0;0;0;0;0;0;0;8738336.2;0;0;0;0;0;0;0;0;0;0;0;0;525945.0;0.0
2018M08;539662814.1;0;0;0;0;0;0;0;0;0;0;0;0;0;0;0;264977.2;0;0;0;0;0;0;0;0;0;0;0;0;0;0;82621898.3;0;1470629.9;0;0;0;0;0;0;0;0;0;43814810.3;0;0;0;0;0;0;0;0;0;0;0;0;0;0;0;0;0;0;0;10253377.2;0;0;0;0;0;500037.1;0;177519.6;0;0;3039766.0;0;0;0;0;0;0;0;0;0;0;0;0;0;0;0;0;7876994.8;0;7484386.6;0;0;833501.5;0;0;0;0;0;0;0;13831391.0;1760673.9;0;0;0;0;0;0;0;32627100.2;0;0;0;0;0;0;0;0;0;0;0;0;0;87991.8;0;0;10351.6;0;367803.1;0;0;8232689.6;0;0;0;0;0;0;0;0;0;0;0;0;0;0;0;0;0;0;0;0;0;0;0;0;0;0;0;0;3334490.5;0;2823307.7;0;0;0;0;0;58377093.1;0;0;0;0;0;0;0;0;0;0;0;0;0;0;3206110.9;17256015.9;0;0;176420.0;172212156.4;38715989.4;0;193729.7;0;3639.9;0;205344.0;0;0;0;0;0;0;0;0;0;142614.7;0;0;0;0;12891638.1;0;0;0;227953.5;0;0;0;0;0;0;0;0;0;13642.5;0;106151.6;0;0;0;0;0;0;0;0;0;0;0;0;0;0;7732475.6;0;5177780.6;0;0;0;0;0;0;0;0;0;0;1610360.6;0.0
2018M09;641568620.5;0;0;0;0;0;0;0;0;373112.9;0;0;0;0;0;0;493117.3;0;0;0;5629225.2;0;0;0;0;0;0;0;0;0;0;66240585.6;0;2899791.3;0;0;0;0;0;0;0;0;0;55825503.1;0;0;0;0;0;0;0;0;228257.7;0;0;1706327.4;0;0;0;0;0;202708.5;0;18467649.5;0;0;0;236218.8;0;4247777.0;2868207.1;0;0;0;13569784.0;0;0;0;0;0;0;0;0;0;19441.8;0;0;0;0;0;0;36175679.8;529637.7;10972227.3;0;0;2515881.8;0;0;0;0;0;0;0;0;3441550.8;0;0;0;0;0;0;0;34874733.4;0;0;0;0;0;0;0;0;0;0;0;0;0;0;0;0;0;0;413971.3;0;0;8672790.5;0;0;0;0;0;0;0;169180.1;0;0;0;0;0;0;0;0;0;0;0;0;0;0;0;0;0;0;0;0;7214672.2;0;24293822.6;0;0;0;0;0;33837230.6;0;0;0;0;0;0;0;0;0;0;0;0;0;0;1981506.5;52304746.0;0;0;7288950.5;160826221.4;52499254.3;0;3291071.9;0;10678.9;0;0;0;0;0;0;0;0;0;0;0;138445.9;0;0;0;0;19487211.9;0;0;0;0;0;0;0;0;370390.8;0;0;0;0;24046.3;0;93262.6;0;0;0;0;0;0;0;0;0;0;0;0;0;0;6705991.2;0;0;0;0;0;0;0;0;0;0;0;0;427756.9;0.0
2018M10;884098801.4;0;0;0;0;0;0;0;0;72102.8;0;0;0;0;0;0;0;0;0;0;5039540.2;0;0;0;0;0;0;0;0;0;0;62238021.7;0;3671385.2;0;0;0;0;0;0;0;0;0;58377314.9;0;0;0;0;0;0;0;0;2547327.2;0;0;38068.8;0;0;0;0;0;0;0;38425661.8;0;0;0;236339.1;0;0;850714.1;0;0;170701.3;3282351.5;0;0;0;0;0;0;0;0;0;19414.9;2443479.5;0;0;0;0;0;39454414.9;0;19968732.2;0;0;3894929.0;0;0;0;0;0;0;0;0;1261621.6;0;0;0;0;0;0;0;66031699.6;0;0;0;0;0;0;0;0;0;0;0;0;0;0;0;0;3874561.5;330692.4;0;0;0;10854227.2;0;0;0;0;0;0;0;103506.9;0;0;0;0;0;0;0;0;0;0;0;0;0;0;0;0;0;0;0;0;15984893.7;0;10545862.5;0;0;0;0;0;27650372.6;0;0;0;0;0;0;0;0;0;0;0;0;0;0;12107157.6;26599479.3;0;0;0;329344505.8;80847823.0;0;3171004.2;0;0;0;0;0;0;0;0;0;0;0;0;0;142675.6;0;0;0;0;26399541.0;0;0;0;0;0;0;0;0;0;0;0;0;0;34522.8;0;2389758.1;0;0;0;2510626.2;0;0;0;0;0;0;0;0;0;0;9371857.8;0;9139304.0;0;0;0;0;0;0;0;0;0;0;4672608.8;0.0
2018M11;732506442.1;0;0;0;0;0;0;0;0;0;0;0;0;0;0;0;440704.3;0;0;0;1629133.5;0;0;0;0;0;0;0;0;0;0;91046642.3;0;0;0;0;0;0;0;0;0;0;0;81572107.3;0;0;0;1020721.3;0;0;0;0;338109.4;0;0;2696725.6;0;0;0;0;0;0;0;36899052.6;0;0;0;0;0;0;493713.1;0;0;0;2521744.4;0;0;0;0;0;0;0;0;0;11652.6;304443.2;0;0;0;0;0;34964992.5;0;13236905.6;0;0;14831226.8;0;0;0;0;0;0;0;0;1451251.9;0;0;0;0;0;0;0;57140220.0;0;0;0;0;0;0;0;0;0;0;0;0;0;887490.9;0;0;0;666277.5;0;0;0;767195.2;0;0;0;0;0;0;0;890451.0;0;0;0;0;0;0;0;0;0;0;0;0;0;0;0;0;0;0;0;0;14508462.7;0;8943480.4;0;0;0;0;0;10447021.1;0;0;0;0;0;0;0;0;0;0;0;0;0;0;5280569.6;25328190.4;0;0;17974.0;172940994.6;73023316.7;0;12457984.8;0;5767.5;0;538953.6;0;0;0;0;0;0;0;0;0;0;0;0;0;0;23115301.8;0;0;0;0;0;0;0;0;0;0;0;0;0;4016131.3;0;1778979.7;0;0;0;472988.5;0;0;0;0;0;0;0;0;0;0;28506981.0;0;0;0;0;0;0;0;0;0;0;0;0;7312583.4;0.0
2018M12;769706498.2;0;0;0;0;0;0;0;0;791126.1;0;0;0;207783.6;0;0;0;0;0;0;5410158.0;0;0;0;0;0;0;0;0;0;0;75622381.1;0;0;0;0;0;0;0;0;0;0;0;104217704.9;0;0;0;0;0;0;0;0;52766.6;0;0;0;0;0;0;0;0;147734.2;0;23031812.0;0;0;0;0;0;451509.7;0;0;0;427570.7;9483440.8;0;0;0;0;0;0;0;0;0;186341.9;0;0;0;2351633.1;0;0;22175335.3;0;13722109.0;0;0;7851349.0;0;0;0;0;0;0;0;0;700007.0;0;0;0;3120.0;0;0;0;45724253.5;0;0;0;0;0;0;0;0;0;0;0;0;0;0;0;0;0;308040.8;0;0;0;9032677.4;0;0;0;0;0;0;0;0;0;0;0;0;0;0;0;0;0;0;0;0;0;0;0;0;0;0;0;0;31040054.8;0;14615797.4;0;0;0;0;0;11060293.9;0;0;0;0;0;0;0;0;0;0;0;0;0;0;5975625.6;55244727.6;0;0;1468743.6;180984816.4;74986686.6;0;18667471.3;0;0;0;209364.0;0;0;0;0;0;0;0;0;0;0;0;0;0;0;24362249.2;0;0;0;0;0;0;0;0;0;0;0;0;0;3131546.9;0;342073.2;0;0;0;1775154.8;0;0;0;0;0;0;0;0;0;0;3849363.8;0;17258955.2;0;0;0;0;0;0;0;0;0;0;2834719.1;0.0
2019M01;886144716.6;0;0;0;0;0;0;0;0;0;0;0;0;2438642.1;0;0;0;0;0;0;1437578.1;0;0;0;0;0;0;0;0;0;0;54593047.4;0;824184.3;0;0;0;0;0;0;0;0;0;121651587.5;0;0;0;0;0;0;0;0;0;0;0;2404931.5;0;0;0;0;0;0;0;40536743.3;0;0;0;0;0;252578.9;283701.3;0;0;131670.0;470769.8;0;0;0;0;0;0;0;0;0;187451.5;12108029.9;0;0;0;0;0;33321691.0;530461.9;5036100.7;0;0;11795159.0;0;0;0;0;0;0;0;0;757886.7;0;0;0;0;0;0;0;78272448.2;0;0;0;0;0;0;0;0;0;0;0;0;0;101945.1;0;0;5341.1;169752.4;0;0;0;7627275.1;0;0;0;0;0;0;0;0;0;0;0;0;0;0;0;0;0;0;0;0;0;0;0;0;0;0;0;0;59761674.4;0;13508371.4;0;0;0;0;0;41216912.1;0;0;0;0;0;0;0;0;0;0;0;0;0;0;5182133.1;47514237.7;0;0;3679618.2;160044920.3;84735486.6;0;20524568.1;0;2940.7;0;200894.3;0;0;0;0;0;0;0;1151344.9;0;19942.0;0;0;0;0;32877574.7;0;0;0;0;0;0;0;0;0;0;0;0;0;1673842.9;0;3170216.5;0;0;0;1988512.2;0;0;0;0;0;0;0;0;0;0;25534577.0;0;356148.4;0;0;0;0;0;0;0;0;0;0;8061824.3;0.0
2019M02;787257976.8;0;1224325.6;0;0;0;0;0;0;0;0;0;0;147875.6;0;0;0;0;0;0;2210787.7;0;0;0;0;0;0;0;0;0;0;107147222.5;0;1127700.9;0;0;0;0;0;0;0;0;0;26771219.2;0;0;0;0;0;0;0;0;1013819.2;0;0;65128.2;0;0;0;0;203896.6;0;379042.4;21497722.4;0;0;0;0;0;1385514.9;0;0;0;578074.0;1500902.8;0;0;0;0;0;0;0;0;0;191063.6;3728435.4;0;0;0;0;0;27081085.5;0;7388025.5;0;0;3556424.0;0;0;0;0;0;0;0;0;3324056.0;0;0;0;0;0;0;0;68259538.9;0;0;0;0;0;0;0;0;0;0;0;0;0;0;0;0;1194.2;476062.6;0;0;0;19027407.9;0;0;0;0;0;0;0;0;0;0;0;0;0;0;0;0;0;0;0;0;0;0;0;0;0;0;0;0;32140574.9;0;6335489.2;0;0;0;0;0;39641876.6;0;0;0;0;0;0;0;0;0;0;0;0;0;0;10532699.6;25955857.2;0;0;727918.7;208757387.0;66651676.0;0;5077785.0;0;0;0;0;0;0;0;0;0;0;0;0;0;142047.7;0;0;0;0;38030924.0;0;0;0;0;0;0;0;0;0;0;0;0;0;1055260.6;0;1719807.2;0;0;0;1528762.0;0;0;0;0;0;0;0;0;0;0;47813818.0;0;685061.8;0;0;0;0;0;0;0;0;0;0;2174505.8;0.0
2019M03;748820869.5;0;0;0;0;0;0;0;0;108988.1;0;0;0;0;0;0;0;0;0;0;3680674.1;0;0;0;0;0;0;0;0;0;0;66144479.0;0;879349.8;0;0;0;0;0;0;0;0;0;77239921.7;0;0;0;0;0;0;0;0;0;0;0;1453655.5;0;0;0;0;223207.6;0;0;25088231.8;0;0;0;0;0;0;888382.8;0;0;167584.8;11281057.1;0;0;0;0;0;0;0;0;0;882860.7;3013568.0;0;0;0;0;0;27632265.1;536527.7;5018216.8;0;0;13219696.2;0;0;0;0;0;0;0;0;922045.1;0;0;0;0;0;0;0;67034704.6;0;0;0;0;0;0;0;0;0;0;0;0;0;0;217142.7;0;5023.7;0;0;0;0;94624.4;0;0;0;0;0;0;0;0;0;0;0;0;0;0;0;0;0;0;0;0;0;0;0;0;0;0;0;0;28261464.5;0;9252799.3;0;0;0;0;0;12464516.5;0;0;0;0;0;0;0;0;0;0;0;0;0;0;30654153.0;19951914.7;0;0;0;143846620.9;84011048.5;0;1153181.7;0;0;0;0;0;0;0;0;0;0;0;0;0;148221.1;166632.2;0;0;0;67485909.6;0;0;0;0;0;0;0;0;0;0;0;0;0;1898876.9;0;4268599.6;0;0;0;305562.7;0;0;0;0;0;0;445920.1;0;0;0;36084733.4;0;531996.8;0;0;0;0;0;0;0;0;0;0;2156510.4;0.0
2019M04;696642062.5;0;0;0;0;0;0;0;0;0;0;0;0;0;0;0;0;0;0;0;2065609.0;0;0;0;0;0;0;0;0;0;0;59570692.2;0;597395.4;0;0;0;0;0;0;0;0;0;80550297.5;0;0;0;0;0;0;0;0;0;0;0;0;0;0;0;0;88338.9;356941.9;0;17750556.4;0;0;0;0;0;0;0;85875.8;0;0;10286220.1;0;0;0;0;0;0;0;0;0;351640.2;3184283.6;0;0;0;0;0;31054410.0;0;23024213.4;0;0;7099361.0;0;0;0;0;0;0;0;0;1900770.2;0;0;0;0;0;0;0;73751463.3;0;0;0;0;0;0;0;0;0;0;0;0;0;0;0;0;0;0;0;0;0;55102.8;0;0;0;0;0;0;0;0;0;0;0;0;0;0;0;0;0;0;0;0;0;0;0;0;0;0;0;0;17001739.4;0;4026417.8;0;0;0;0;0;34019847.1;0;0;1509496.6;0;0;0;0;0;359156.0;0;0;0;0;0;10905215.1;5727676.0;0;0;869980.7;152552057.2;82056014.5;0;5221584.6;0;0;0;0;0;0;0;0;0;0;0;0;0;142141.9;0;0;0;0;38814798.5;0;0;0;428815.0;0;0;0;0;0;0;0;0;0;0;0;5535251.6;0;0;0;1659290.3;0;0;0;0;0;0;176831.8;0;0;0;23201285.3;0;0;0;0;0;0;0;0;0;0;0;0;661291.5;0.0
2019M05;754871350.0;0;0;0;0;0;0;0;0;0;0;0;0;332587.8;0;0;90847.2;0;0;0;4547930.3;0;0;0;0;0;0;0;0;0;0;101664964.4;0;0;0;0;0;0;0;0;0;0;0;132785459.6;0;0;0;0;0;0;0;0;0;0;0;1375208.0;0;0;0;0;0;0;0;22341614.1;0;0;0;0;0;0;0;0;0;0;2411092.9;0;0;0;0;0;0;0;0;0;137642.4;403448.6;0;0;0;0;0;27877564.6;536033.1;10841045.7;0;0;4072650.5;0;0;0;0;0;0;0;0;1206261.5;0;0;0;0;0;0;0;74239835.4;0;0;0;0;0;0;0;0;0;0;0;0;0;0;0;0;5677.7;0;0;0;0;786903.4;0;0;0;0;0;0;0;91446.9;0;0;0;0;0;0;0;0;0;0;0;0;0;0;0;0;0;0;0;0;12388756.8;0;8976599.1;0;0;0;0;0;41469183.1;0;0;0;0;0;0;0;0;0;0;0;0;0;0;11146933.7;11952154.0;0;0;0;104673410.1;89775775.0;0;3883655.6;0;0;0;0;0;0;0;0;0;0;0;0;0;0;165557.5;0;0;0;40462312.1;0;0;0;0;0;0;0;0;0;0;0;0;0;786840.7;0;5785001.3;0;0;0;893266.5;0;0;0;0;0;0;0;0;0;0;35610144.4;0;442463.4;0;0;0;0;0;0;0;0;0;0;711082.9;0.0
2019M06;595974572.0;0;0;0;0;0;0;0;0;0;0;0;0;0;31301.0;0;0;0;0;0;3447716.6;0;0;0;0;0;0;0;0;0;0;68592173.4;0;0;0;0;0;0;0;0;0;0;0;65432308.7;0;0;0;0;0;0;0;0;324677.7;0;0;553205.9;0;0;0;0;0;0;0;10749831.1;0;0;0;0;0;0;99466.1;0;0;0;3903780.0;0;0;0;0;0;0;0;0;0;5226.4;3610486.3;0;0;0;0;0;26639734.6;0;21266114.2;0;0;2251331.8;0;0;0;0;0;0;0;0;1392818.7;0;0;0;0;0;0;0;53872371.6;0;0;0;0;0;0;0;0;0;0;0;0;0;189751.6;0;0;0;0;0;0;0;7593531.0;0;0;0;0;0;0;0;0;0;0;0;0;0;0;0;0;0;0;0;0;0;0;0;0;0;0;0;0;25770410.6;0;10756830.7;0;0;0;0;0;45287157.2;0;0;0;0;0;0;0;0;0;0;0;0;0;0;16198971.8;11706850.0;0;0;0;87475840.8;74493119.0;0;3721833.7;0;0;0;0;0;0;0;0;0;0;0;472465.2;0;140877.2;0;0;0;0;36044668.0;0;0;0;0;0;0;0;0;0;0;0;0;0;436095.5;0;6719734.2;0;0;0;309401.3;0;0;0;0;0;0;0;0;0;0;5625865.1;0;232104.8;0;0;0;0;0;0;0;0;0;0;626520.2;0.0
2019M07;593697539.1;0;0;0;0;0;0;0;0;0;0;0;0;0;0;0;293662.5;0;0;0;3461129.0;0;0;0;0;0;0;0;0;0;0;35938495.5;0;0;0;0;0;0;0;0;0;0;0;68154291.8;0;0;0;0;0;0;0;0;0;0;0;648157.9;0;0;0;0;0;0;0;17455045.2;0;0;0;0;0;0;0;0;0;0;148037.0;0;0;0;0;0;0;0;0;0;0;0;0;0;0;0;0;30178944.8;0;7992213.3;0;0;2902185.8;0;0;0;0;0;0;0;0;1247699.6;0;0;0;0;0;0;0;56854713.8;0;0;0;0;0;0;0;0;0;0;0;0;0;55932.1;0;0;0;0;0;0;0;34267.4;0;0;0;0;0;0;0;0;0;0;0;0;0;0;0;0;0;0;0;0;0;0;0;0;0;0;0;0;11754849.9;0;6079578.5;0;0;0;0;0;90260230.7;0;0;0;0;0;0;0;0;0;0;0;0;0;0;9632746.3;24105248.6;0;0;0;115669977.8;63733211.2;0;4167907.1;0;0;0;0;0;0;0;0;0;0;0;0;0;148368.8;55194.6;0;0;0;24977760.0;0;0;0;0;0;0;0;0;0;0;0;0;0;3117981.7;0;3056955.4;0;0;0;0;0;0;0;0;0;0;745041.3;0;0;0;10103838.7;0;0;0;0;0;0;0;0;0;0;0;0;723872.7;0.0
2019M08;660859314.6;0;0;0;0;0;0;0;0;0;0;0;0;0;0;0;4959.9;0;0;0;2658167.3;0;0;0;0;0;0;0;0;0;0;61683471.2;0;0;0;0;0;0;0;0;0;0;0;84562521.0;0;0;0;3928569.1;0;0;0;0;1035258.0;0;0;1255286.3;0;0;0;0;0;0;0;11278827.0;0;0;0;0;0;0;0;1096446.4;0;0;13038525.3;0;0;0;0;0;0;0;0;0;59276.0;1256872.6;0;0;0;0;0;15954431.1;0;12548429.1;0;0;870284.3;0;0;0;0;0;0;0;0;1257046.0;0;0;0;0;0;0;0;54280533.1;0;0;0;0;0;0;0;0;0;0;0;0;0;0;0;0;4329.4;0;0;0;0;4358348.9;0;0;0;0;0;0;0;0;0;0;0;0;0;0;0;0;0;0;0;0;0;0;0;0;0;0;0;0;20192777.8;0;25373407.2;0;0;0;0;0;30192182.0;0;0;0;0;0;0;0;0;0;0;0;0;0;0;12588880.2;22635130.9;0;0;0;165749440.3;69139928.7;0;1989856.6;0;0;0;0;0;0;0;0;0;0;0;0;0;214486.1;165173.3;0;0;0;26748143.2;0;0;0;0;0;0;0;0;0;0;0;0;0;2130054.1;0;5249159.0;0;0;0;0;0;0;0;0;0;0;0;0;0;0;6533848.4;0;707968.3;0;0;0;0;0;0;0;0;0;0;117296.4;0.0
2019M09;1002563628.8;0;0;0;0;0;0;0;0;0;0;0;0;0;0;0;0;0;0;0;2312280.7;0;0;0;0;0;0;0;0;0;0;94001064.6;0;4586501.9;0;0;0;0;0;0;0;0;0;149854224.6;0;0;0;8285707.9;0;0;140551.0;0;641972.7;0;0;1154561.0;0;0;0;0;0;0;0;17949874.6;0;0;0;0;0;279148.2;1347974.6;160763.8;0;1020120.4;13740505.3;0;0;0;0;0;0;0;0;0;58799.8;3299749.0;0;0;0;0;0;37096043.7;0;8712960.5;0;0;4678398.3;0;0;0;0;0;0;0;0;2076534.8;0;0;0;0;0;0;0;70875763.0;0;0;0;0;0;0;0;0;0;0;0;633135.6;0;411560.3;0;0;12460837.3;528344.6;500370.1;0;0;4314764.8;0;0;0;0;0;0;0;1292753.4;0;0;0;0;0;0;0;0;0;0;0;0;0;1443568.4;0;0;0;0;0;0;40744359.1;0;9488338.8;0;0;0;0;0;36583209.7;0;0;0;0;0;0;0;0;0;0;0;0;0;0;18929980.2;31654476.6;0;0;1871594.8;253040631.6;78957943.8;0;3794567.6;0;0;0;0;0;0;0;0;0;0;0;0;0;1606014.1;147851.8;0;0;0;42026652.5;0;0;0;0;0;0;0;0;0;0;0;0;0;2369947.1;0;6019981.5;0;0;0;4825939.4;0;0;0;0;0;0;590563.6;619492.5;0;0;10962982.2;0;9781368.3;0;0;0;0;0;0;0;0;0;0;4688898.6;0.0
2019M10;1104012647.2;0;0;0;0;0;0;0;0;0;0;0;0;0;0;0;0;0;0;0;6209986.6;0;0;0;0;0;0;0;0;0;0;58200251.3;0;2254036.3;0;0;0;0;0;0;0;0;0;91548490.4;0;0;0;0;0;0;0;0;2540.0;0;0;1422550.5;0;0;0;0;0;251049.9;0;22311590.4;0;0;0;0;0;1875869.1;0;0;0;431499.0;3610842.1;0;0;0;0;0;0;0;0;0;55993.8;3919276.7;0;0;0;0;0;40880873.4;564276.6;16221484.4;0;0;11103834.0;0;0;0;0;0;0;0;0;3123305.3;0;0;0;0;0;0;0;80175165.0;0;0;0;0;0;0;0;0;0;0;0;0;0;0;0;0;0;0;0;0;0;14603067.0;0;0;0;0;0;0;0;845592.2;0;0;0;0;0;0;0;0;4107.9;0;0;0;0;0;0;0;0;0;0;0;64038991.2;0;10670393.1;0;0;0;0;0;43318523.9;0;0;0;0;0;0;0;0;0;0;0;0;0;0;13848614.4;33062334.4;0;0;0;380776435.9;81581766.2;0;2853725.5;0;0;0;0;0;0;0;0;0;0;0;0;0;0;55189.3;0;0;0;52413132.7;0;0;0;0;0;0;66933.5;0;0;0;0;0;0;1062625.5;0;7498399.3;0;0;0;10261673.7;0;0;0;0;0;0;0;0;0;0;28299256.7;0;12900284.2;0;0;0;0;0;0;0;0;0;0;1688686.1;0.0
2019M11;783656633.0;0;0;0;0;0;0;0;0;212084.4;0;0;0;0;0;0;557084.5;0;0;0;1359043.4;0;0;0;0;0;0;0;0;0;0;55326416.3;0;0;0;0;0;0;0;0;0;0;0;77527526.0;0;0;0;0;0;0;0;0;620088.1;0;0;470819.5;0;0;0;0;0;0;0;21114314.8;0;0;0;0;0;5291519.0;0;291232.5;0;0;2165016.4;0;0;0;0;0;0;0;0;0;253072.8;5899169.3;0;0;0;0;0;38788402.4;550562.7;13649835.3;0;0;10547005.3;0;287375.0;0;0;0;0;0;0;407388.2;0;0;0;0;0;0;0;60410747.6;0;0;0;0;0;0;0;0;0;0;0;0;0;44487.8;0;0;6874.0;0;41664.6;0;0;7176590.4;0;0;0;0;0;0;0;0;0;0;0;0;0;0;0;0;0;0;0;0;0;0;0;0;0;0;0;0;26192377.9;0;10346695.5;0;0;0;0;0;21864798.6;0;0;125000.0;0;0;0;0;0;0;0;0;0;0;0;9144903.4;18083326.3;0;0;240173.2;205722887.6;83556880.6;0;7911451.6;0;0;0;0;0;0;0;0;0;0;0;0;0;0;51658.3;0;0;0;46379791.6;0;0;0;0;0;0;0;0;0;0;0;0;0;1969087.8;0;4707958.7;0;0;0;7291344.1;0;0;0;0;0;0;579870.6;0;0;0;15881446.9;0;18637541.8;297064.5;0;0;0;0;0;0;0;0;0;1674053.5;0.0
2019M12;864186817.2;0;0;58660.6;0;0;0;0;0;684819.7;0;0;0;0;0;0;452348.3;0;0;0;2876151.0;0;0;685831.1;0;0;0;0;0;0;0;104384594.9;0;227077.0;0;0;0;0;0;0;0;0;0;87140679.5;0;0;0;0;0;0;0;0;297370.8;0;0;1108580.9;0;0;0;0;0;0;0;19923429.1;0;0;0;0;0;0;602569.3;351215.6;0;0;1338326.1;0;0;0;0;0;0;0;0;0;132533.5;9233757.2;0;0;0;0;0;34696174.6;0;6386577.9;0;0;5996982.5;0;0;0;0;0;0;0;0;5072274.2;0;0;0;0;0;0;0;51455390.9;0;0;0;0;0;0;0;0;0;0;0;0;0;44488.4;0;0;0;113771.5;0;0;0;3100020.5;0;0;0;0;0;0;0;0;0;0;0;0;0;0;0;0;0;0;0;0;0;0;0;0;0;0;0;0;12481547.4;0;36536371.6;0;0;0;0;0;19877636.2;0;0;0;0;0;0;0;0;0;0;0;0;0;0;4831173.9;2111652.7;0;0;1956233.2;252384377.5;107950775.3;0;5104277.2;0;0;0;0;0;0;0;0;0;0;0;0;0;0;154973.5;0;0;0;52375049.5;0;0;0;0;0;0;0;0;0;0;771.7;0;0;813503.2;0;2377611.4;0;0;0;5838175.6;0;5579925.2;0;0;0;0;591141.2;0;0;0;13226729.2;0;633773.3;0;0;0;0;0;0;0;0;0;0;2997493.1;0.0
2020M01;993163423.9;0;0;0;0;0;0;0;0;0;0;0;0;0;0;0;382733.5;0;0;0;2175591.5;0;0;247228.9;0;0;93506.6;0;0;0;0;90644287.5;0;0;0;0;0;0;0;0;0;0;0;42587881.5;0;0;0;0;0;0;2092.4;0;630494.2;0;0;2136561.2;0;0;0;0;329523.7;89050.0;0;16903584.0;0;0;0;0;0;1982958.0;0;0;0;161919.8;125816771.5;0;0;0;0;0;0;0;0;0;150141.1;3402453.9;0;0;0;0;0;26254682.0;187698.3;18107204.9;0;0;17235532.7;0;0;0;0;0;0;0;0;4044581.1;0;0;0;0;0;0;0;55586772.6;0;0;0;0;0;0;0;0;0;0;0;0;0;52295.9;0;0;248159.4;0;0;0;0;5817034.3;0;0;0;0;0;0;0;0;0;0;0;0;0;0;0;0;0;0;0;0;0;0;0;0;0;0;0;0;24762250.8;0;21671438.5;0;0;0;0;0;46215390.5;0;0;0;0;0;0;0;0;0;0;0;0;0;0;14948130.7;55696872.0;0;0;344721.7;203306182.8;109535322.8;0;177921.6;0;0;0;0;0;0;0;0;0;0;0;0;0;644709.3;103339.2;0;0;0;48899530.8;0;0;0;0;0;0;0;0;1364.5;0;0;0;0;659425.3;0;3123444.5;0;0;0;9095675.8;0;0;0;0;0;0;96898.3;0;0;0;23129236.3;0;3001213.5;0;0;0;0;0;0;0;0;0;0;12479614.5;0.0
2020M02;727389371.0;0;0;0;0;0;0;0;0;0;0;0;0;0;0;0;178651.7;0;0;0;3669796.2;0;0;329096.3;0;0;0;0;0;0;0;54042260.5;0;0;0;0;0;0;0;0;0;0;0;64105351.8;0;0;0;0;0;0;0;0;594572.4;0;0;1212695.8;0;0;0;0;0;0;0;28018190.9;0;0;0;0;0;3221037.5;0;0;0;3141001.1;4736658.9;0;0;0;0;0;0;0;0;0;516247.9;10829133.9;0;0;0;0;0;29529576.7;2255421.2;6719953.1;0;0;4235403.1;0;0;0;0;0;0;0;0;1544997.9;0;0;0;0;0;0;0;6320974.6;0;0;0;0;0;0;0;0;0;0;0;0;0;368608.3;0;0;430588.9;140463.1;0;0;0;2641692.6;0;0;0;0;0;0;0;0;0;0;0;0;0;0;0;0;0;0;0;0;0;0;0;0;0;0;0;0;22565828.9;0;9616536.8;0;0;0;0;0;41530077.8;0;0;0;0;0;0;0;0;0;0;0;0;0;0;16479435.2;28598451.4;0;0;429568.4;189273506.2;72281990.9;0;4421404.8;0;752305.2;0;0;0;0;0;0;0;0;0;86019.5;0;150602.2;154996.1;0;0;0;36686174.0;0;0;0;0;0;0;0;0;0;0;0;0;0;535756.9;0;8106077.3;0;0;0;0;0;0;0;0;0;457279.0;87731.3;0;0;0;60771527.5;0;4540158.7;0;0;0;0;296485.3;0;0;0;0;0;785082.8;0.0
2020M03;730334797.1;0;0;0;0;0;0;0;0;0;0;0;0;0;0;0;12422.0;0;0;0;3881132.0;0;0;89980.3;0;0;0;0;0;0;0;90260406.7;0;726853.9;0;0;0;0;0;0;0;0;0;90219465.7;0;0;0;523553.6;0;0;0;0;631241.3;0;0;393100.6;0;0;0;0;334661.9;212816.3;0;25132899.1;0;0;0;0;0;0;1232919.5;0;0;1918891.0;47793.6;0;0;0;0;0;0;0;0;0;1207820.2;11494161.3;611136.0;0;0;0;0;25530298.9;1705004.4;12796255.4;0;0;3360127.2;0;0;0;0;0;0;0;0;1707544.4;0;0;0;0;0;0;0;12274224.6;0;0;0;0;0;0;432305.7;0;0;0;0;0;0;0;0;0;147700.0;0;0;0;0;4036128.6;0;0;0;146091.0;0;0;0;0;0;0;0;0;0;0;0;0;0;0;0;0;0;0;0;0;0;0;0;0;15475071.1;0;25947208.1;0;0;0;0;0;52305651.2;0;0;0;0;0;0;0;0;0;0;0;0;0;0;23562984.1;17169719.3;0;0;569271.3;159727253.6;55622598.9;0;4795534.9;0;0;0;0;0;0;0;0;0;0;0;609198.9;0;250931.0;51671.7;0;0;0;39395834.1;0;0;0;0;0;0;0;0;0;0;0;0;0;2300996.4;0;3838858.4;0;0;0;1188611.7;0;276702.2;0;0;0;0;547653.7;0;0;0;32934822.2;0;0;0;0;0;0;0;0;0;0;0;0;2697289.2;0.0
2020M04;533951073.5;0;0;0;0;0;0;0;0;0;0;0;0;0;0;0;0;0;0;0;7998598.7;0;0;0;0;0;0;0;0;0;0;52038214.9;0;0;0;0;0;0;0;0;0;0;0;50396954.0;0;0;0;0;0;0;0;0;177215.3;0;0;1933211.6;0;0;0;0;0;0;0;27733542.1;0;0;0;0;0;0;0;0;0;0;1868462.1;0;0;0;0;0;0;0;0;0;165510.3;2993637.1;589721.2;0;0;0;0;21710116.9;26508813.4;24869755.6;0;0;3310016.7;0;0;0;0;0;0;0;0;2370516.3;0;0;0;82148.8;0;0;0;31637240.1;0;0;0;0;0;0;0;0;0;0;0;0;0;237958.6;0;0;0;0;0;0;0;487014.8;0;0;0;0;0;0;0;0;0;0;0;0;0;0;0;0;0;0;0;0;0;0;0;0;0;0;0;0;10758649.4;0;3124003.3;0;0;0;0;0;25305219.5;0;0;0;0;0;0;0;0;0;0;0;0;0;0;15753235.7;6882811.4;0;0;644248.1;75677026.2;39967331.0;0;13637558.5;0;0;0;0;0;0;0;0;0;0;0;0;0;196242.3;165412.5;0;0;0;34937564.6;0;0;0;0;0;0;0;0;0;0;0;0;0;1257979.8;0;8619131.3;0;0;0;0;0;0;0;0;0;220184.7;476059.7;0;0;0;35142104.4;0;176710.3;0;0;0;0;0;0;0;0;0;0;3900951.9;0.0
2020M05;669462436.5;0;0;0;0;0;0;0;0;0;0;0;0;0;247618.9;0;0;0;0;0;3741783.3;0;0;0;0;0;0;0;0;0;0;36541346.9;0;792715.9;0;0;0;0;0;0;0;0;0;77980725.4;0;0;0;0;0;0;0;0;1168575.4;0;0;1771527.5;0;0;0;0;668124.5;662606.0;0;31518673.8;0;0;0;0;0;1095328.6;0;0;0;0;4177586.7;0;0;0;0;0;0;0;0;0;615828.1;653472.3;0;0;0;0;0;28908832.5;14676422.1;29924660.6;0;0;2736098.1;0;0;0;0;0;0;0;0;4108303.5;0;0;0;0;0;0;0;66153130.6;0;0;0;0;0;0;0;0;0;0;0;0;0;44378.6;0;0;0;0;67492.9;0;0;870727.8;0;0;0;0;0;0;0;0;0;0;0;0;0;0;0;0;0;0;0;0;0;0;0;0;0;0;0;0;18776541.0;0;22092200.0;0;0;0;0;0;51703716.9;0;0;0;0;0;0;0;0;0;0;0;0;0;0;16444857.6;2951466.7;0;0;1494831.2;94362297.4;66307187.4;0;4978353.4;0;0;0;0;0;0;0;0;0;0;0;0;0;200390.5;103162.0;0;0;0;47856314.6;0;0;0;0;0;253572.5;0;0;0;0;0;0;0;4616418.1;0;2436773.5;0;0;0;137147.3;0;0;0;0;0;0;0;0;0;0;23816705.0;0;1296287.5;0;0;0;0;0;0;0;0;0;0;508253.6;0.0
2020M06;572395877.3;0;0;0;0;0;0;0;0;0;0;0;0;0;0;0;0;0;0;0;7142068.5;0;0;362823.0;0;0;0;0;0;0;0;56847368.9;0;0;0;0;0;0;0;0;0;0;0;52604739.0;0;0;0;0;0;0;0;0;0;0;0;1575388.9;0;0;0;0;0;684112.4;0;27122337.1;0;0;0;0;0;0;246594.7;0;0;0;2022529.4;0;0;0;0;0;0;0;0;0;88203.4;3873370.3;0;0;0;0;0;30236065.5;169978.8;22942019.5;0;0;1820960.6;0;0;0;0;0;0;0;446373.2;1762239.5;0;0;0;0;0;0;0;28975113.1;0;0;0;0;0;0;0;0;0;0;0;0;0;133141.2;0;0;3485.2;0;0;0;0;1018893.5;0;0;0;0;0;0;0;504384.9;0;0;0;0;0;0;0;0;0;0;0;0;0;0;0;0;0;0;0;0;27502427.5;0;6010745.0;0;0;0;0;0;31713078.2;0;0;0;0;0;0;0;0;0;0;0;0;0;0;4532722.7;4729127.3;0;0;59915.1;102477054.5;65905735.3;0;2366233.9;0;0;0;0;0;0;0;0;0;0;0;0;0;150248.8;110825.2;0;0;0;47705492.4;0;0;0;0;0;0;0;0;0;0;0;0;0;8130493.1;0;4633747.7;0;0;0;973523.3;0;0;0;0;0;0;778450.0;0;0;0;22816748.7;0;0;0;0;0;0;0;0;0;0;0;0;1217118.1;0.0
2020M07;603794224.6;0;0;0;0;0;0;0;0;0;0;0;0;0;0;0;6561.0;0;0;0;2508806.0;0;0;0;0;0;0;0;0;0;0;76428146.1;0;0;0;0;0;0;0;0;0;0;0;63823211.6;0;0;0;1742030.1;0;0;0;0;473696.9;0;0;1753248.3;0;0;0;0;0;0;0;30471568.6;0;0;0;0;0;1981034.5;0;0;0;0;8686259.5;0;0;0;0;0;0;0;0;0;43534.0;1018913.7;0;0;0;0;0;19540929.9;289830.6;11002937.2;0;0;2474192.6;0;0;0;0;0;0;0;255135.8;512564.0;0;0;0;0;0;0;0;13758193.0;0;0;0;0;0;0;0;0;0;0;0;0;0;88654.6;0;0;6148.9;0;0;0;0;1530223.9;0;0;0;0;0;0;0;944597.4;0;0;0;0;0;0;0;0;0;0;0;0;0;0;0;0;0;0;0;0;19482494.1;0;16823626.3;0;0;0;0;0;15042948.8;0;0;0;0;0;0;0;0;311115.5;0;0;0;0;0;9630379.1;19218843.3;0;0;687066.8;170610329.6;44630953.0;0;2531908.0;0;749593.5;0;0;0;0;0;0;0;0;0;0;0;99991.1;0;0;0;0;45449728.7;0;0;0;0;0;0;0;0;0;0;6763.5;0;0;1764762.0;0;5673400.3;0;0;0;0;0;0;0;0;0;0;0;0;0;0;8397441.2;0;1804854.1;0;0;0;0;0;0;0;0;0;0;1537607.5;0.0
2020M08;694415014.2;0;0;0;0;0;0;0;0;0;0;0;0;49797.0;0;0;92227.1;0;0;0;2521503.6;0;0;257875.2;0;0;0;0;0;0;0;124065856.3;0;0;0;0;0;0;0;0;0;0;0;56555408.7;0;0;0;18317702.1;0;0;0;0;294901.2;0;0;1304407.3;0;0;0;0;0;0;0;18746351.8;0;0;0;0;0;6330148.6;517014.2;0;0;0;30205204.8;0;0;0;0;0;0;0;0;0;41460.4;691450.7;0;0;0;0;0;9523896.4;762493.3;21036670.7;0;0;1432432.1;0;0;0;0;0;0;0;257963.7;1694550.1;0;0;0;0;0;0;0;22542006.1;0;0;0;0;0;0;0;0;0;0;0;0;0;0;0;0;3110322.8;0;0;0;0;3001763.8;0;0;0;0;0;0;0;2896117.5;0;0;0;0;0;0;0;0;0;0;0;0;0;0;0;0;0;0;0;0;52588149.1;0;17391972.3;0;0;0;0;0;8035539.9;0;0;0;0;0;0;0;0;0;0;0;0;0;0;10405859.8;13633058.6;0;0;447655.9;140208762.1;52430767.3;0;375467.3;0;693608.4;0;0;0;0;0;0;0;0;0;0;0;350062.2;154418.7;0;0;0;24251610.8;0;0;0;0;0;0;0;0;0;0;0;0;0;4856480.3;0;4493334.2;0;0;0;0;0;211759.9;0;0;0;0;253412.8;0;0;0;21478013.4;0;14188287.5;0;0;0;0;0;0;0;0;0;0;1717268.2;0.0
2020M09;830826817.3;0;0;0;0;0;0;0;0;0;0;0;0;0;0;0;61319.6;0;0;0;3260047.7;0;0;0;0;0;0;0;0;0;0;48081381.4;0;1262282.8;0;0;0;0;0;0;0;0;0;66619977.3;0;0;0;15445425.2;0;0;0;0;560369.6;0;0;3188459.1;0;0;0;0;0;0;0;25773627.7;0;0;0;0;0;21111085.4;215010.5;0;0;978313.6;2720713.4;0;0;0;0;0;0;0;0;0;59993.2;2052881.0;0;0;0;0;0;31064341.9;0;16643124.1;163954.4;0;1367374.7;0;0;0;0;0;0;0;0;2647871.5;0;0;0;17127.0;0;0;0;22452455.9;0;0;0;0;0;0;0;0;0;0;0;0;0;406171.3;0;0;2981714.9;0;0;0;0;5334490.5;0;0;0;0;0;0;0;0;0;0;0;0;0;0;0;0;0;0;0;0;0;0;0;0;0;0;0;0;38502233.3;0;45044960.7;0;0;0;0;0;6213083.0;0;0;0;0;0;0;0;0;0;0;0;0;0;0;10257501.4;38888409.2;0;0;530435.1;244212879.5;54256484.6;0;1089556.5;0;0;0;0;0;0;0;0;0;0;0;0;0;299862.8;0;0;0;0;56672756.4;0;0;0;0;0;0;0;0;0;0;0;0;0;4878829.8;0;10498572.4;0;0;0;0;0;0;0;0;0;0;1505574.5;0;0;0;13727294.0;0;25942304.2;0;0;0;0;0;0;0;0;0;0;3836566.2;0.0
2020M10;785396695.1;0;0;0;0;0;0;0;0;0;0;0;0;0;0;0;388470.5;0;0;0;3889169.5;0;0;0;0;0;0;0;0;0;0;53209957.7;0;0;0;0;0;0;0;0;0;0;0;112969185.3;0;0;0;19298100.3;0;0;0;0;834390.5;0;0;238001.6;0;0;0;0;0;0;0;21158239.3;0;0;0;0;0;2656989.9;116077.6;88583.9;0;680542.2;7489254.7;0;0;0;0;0;0;0;0;0;73886.3;1099854.9;0;0;0;0;0;25703859.0;498788.8;733867.8;0;209520.3;3158686.2;0;0;0;0;0;0;0;0;2295409.9;0;0;0;90435.1;0;0;0;21440798.0;0;0;0;0;0;0;0;105484.9;0;0;0;0;0;88580.7;0;0;320173.9;0;0;0;0;29895545.2;0;0;0;0;0;0;0;0;0;0;0;0;0;0;0;0;0;0;0;0;0;0;0;0;0;0;0;0;29092194.1;0;15586100.2;0;0;0;0;0;9294705.1;0;0;0;0;0;0;0;0;0;0;0;0;0;0;8630972.5;13248740.7;0;0;798506.9;235025757.2;61324061.3;0;704700.0;0;234910.0;0;0;0;0;0;0;0;0;0;0;0;149994.9;51460.7;0;0;0;46662524.2;0;0;0;0;0;0;0;0;0;0;0;0;0;10264452.1;0;4006247.7;0;0;0;129497.0;0;105484.9;0;0;0;0;1864180.5;0;0;0;13036984.3;0;23196293.1;0;0;0;0;0;0;0;0;0;0;3257073.5;0.0
2020M11;673541322.6;0;0;0;0;0;0;0;0;0;0;0;0;0;0;0;153110.4;0;0;0;2518953.5;0;0;0;0;0;0;0;0;0;0;100305260.8;0;0;0;0;0;0;0;0;0;0;0;106823457.6;0;0;0;13170102.4;0;0;0;0;909679.5;0;0;1504459.0;0;0;0;0;298852.4;0;105265.4;23321051.0;0;0;0;0;0;4280976.3;148890.4;0;0;2455218.0;2553775.0;0;0;0;0;0;0;0;0;0;69747.3;3143842.1;0;0;0;0;0;18386529.7;4692.0;5419074.8;0;0;1880755.8;0;0;0;0;0;0;0;1074489.9;2846433.1;0;0;0;172560.0;0;0;0;10778495.2;0;0;0;0;0;0;0;0;0;0;0;0;0;266016.3;0;0;113316.9;0;0;0;0;10508173.6;0;0;0;0;0;0;0;0;0;0;0;0;0;0;0;0;0;0;0;0;0;0;0;0;0;0;0;0;31890215.6;0;5078427.1;0;0;0;0;0;14501611.3;0;0;0;0;0;0;0;0;0;0;0;0;0;0;3567414.8;8636769.7;0;0;850706.9;160527693.9;54248662.3;0;22105.3;0;0;0;0;0;0;0;0;0;0;0;4196.6;0;1200256.5;205931.5;0;0;0;48090087.2;0;0;0;0;0;0;0;0;0;0;0;0;0;3067509.3;0;3177407.3;0;0;0;2384043.0;0;0;0;0;0;0;362431.3;0;0;0;12908504.4;0;9036222.8;0;0;0;0;0;0;0;0;0;0;567947.5;0.0
2020M12;573513743.9;0;0;0;0;0;0;0;0;0;0;0;0;0;0;0;0;0;0;0;0;0;0;127207.1;0;0;0;0;0;0;0;67415928.2;0;692825.1;0;0;0;0;0;0;0;0;0;123796612.3;0;0;0;3227311.2;0;0;0;0;121741.1;0;0;2668718.2;0;0;0;0;288816.2;275486.4;0;27152029.2;0;0;0;0;0;5074956.6;119057.0;0;0;1419784.4;4070895.6;0;0;0;0;0;0;0;0;0;57780.1;965875.4;0;0;0;0;0;20599074.1;0;8203727.0;0;0;3416684.5;0;0;0;0;0;0;0;254424.3;902068.3;0;0;0;11640.5;0;0;0;12693505.4;0;0;0;0;0;0;0;0;0;0;0;0;0;44301.0;0;0;7101932.5;0;0;0;0;5004086.6;0;0;0;0;0;0;0;0;0;0;0;0;0;0;0;0;0;0;0;0;0;0;0;0;0;0;0;0;6435638.3;0;7215040.6;0;0;0;0;0;5539258.5;0;0;0;0;0;0;0;0;0;0;0;0;0;0;0;2119954.6;0;0;2295782.9;149295147.6;42055726.9;0;119580.3;0;0;0;0;0;252310.5;0;0;0;0;0;35725.5;0;684672.3;154394.7;0;0;0;42552386.3;0;0;0;0;0;0;0;0;0;0;0;0;0;1476068.3;0;4672955.9;0;0;0;2170577.2;0;0;0;0;0;0;409080.4;0;0;0;7360966.9;0;2770281.8;0;0;0;0;0;0;0;0;0;0;191726.1;0.0
2021M01;688594037.8;0;0;0;0;0;0;0;0;0;0;0;0;0;0;0;0;0;0;0;2815671.0;0;0;0;0;0;0;0;0;0;0;79749377.7;0;0;0;0;0;0;0;0;0;0;0;112877689.7;0;0;0;0;0;0;0;0;717209.1;0;0;1263886.6;0;0;0;0;586659.7;12819.5;0;24130385.5;0;0;0;0;0;0;0;0;0;1812962.9;2572467.5;0;0;0;0;0;0;0;0;0;100442.6;5822267.8;0;0;0;0;0;24058064.5;3193898.5;18199359.4;0;0;2704509.0;0;0;0;0;0;0;0;94557.4;1593611.2;0;0;0;0;0;0;0;7481490.1;0;0;0;0;0;0;0;0;0;0;0;0;0;88567.8;0;0;528817.8;0;0;0;0;10759936.3;0;0;0;0;0;0;0;0;0;0;0;0;0;0;0;0;0;0;0;0;0;0;0;0;0;0;0;0;9621469.2;0;41958187.2;0;0;0;0;0;11957034.0;0;0;0;0;0;0;0;0;0;0;0;0;0;0;5398835.2;18353826.8;0;0;919102.2;163171543.9;59339414.6;0;4611091.4;0;725938.7;0;0;0;0;0;0;0;0;0;19624.1;0;95588.6;154300.8;0;0;0;45303263.3;0;0;0;0;0;0;0;0;0;0;106104.9;0;0;2888583.8;0;567296.9;0;0;0;0;0;0;0;0;0;0;582604.1;0;0;0;21176108.0;0;0;0;0;0;0;0;0;0;0;0;0;479468.2;0.0
2021M02;576434736.5;0;0;0;0;0;0;0;0;0;0;0;0;0;0;0;0;0;0;0;1279.8;0;0;0;0;0;0;0;0;0;0;42329987.5;0;0;0;0;0;0;0;0;0;0;0;67992743.8;0;0;0;2244776.2;0;0;0;0;524569.8;0;0;3669939.8;0;0;0;0;1097411.7;0;0;36782970.4;0;0;0;0;0;0;108973.1;0;0;3283894.9;1357296.1;0;0;0;0;0;0;0;0;0;43472.8;9127355.3;0;0;0;0;0;18629102.8;572317.5;848442.0;0;0;2103395.2;0;0;0;0;0;0;0;272165.9;704790.9;0;0;0;0;0;0;0;20992929.2;0;0;0;0;0;0;474246.5;0;0;0;0;0;0;132799.5;0;0;121939.3;0;0;0;0;17475993.6;0;0;0;0;0;0;0;177717.3;0;0;0;0;0;0;0;0;0;0;0;0;0;0;0;0;0;0;0;0;17047209.1;0;3719104.1;0;0;0;0;0;14177031.7;0;0;0;0;0;0;0;0;0;0;0;0;0;0;6948396.3;11330048.8;0;0;2978021.6;132847662.6;56092781.8;0;0;0;0;0;0;0;0;0;0;0;0;0;30585.8;0;143347.5;98496.5;0;0;0;69400793.9;0;0;0;0;0;0;0;0;0;0;0;0;0;9433300.8;0;654355.9;0;0;0;556751.7;0;0;0;0;0;0;63259.7;0;0;0;8578813.6;0;11127317.6;0;0;0;0;0;0;0;0;0;0;136946.6;0.0
2021M03;813202566.1;0;0;0;0;0;0;0;0;0;0;0;0;0;0;0;581963.5;0;0;0;717085.1;0;0;239741.8;0;0;0;0;0;0;0;95775841.9;0;202580.3;0;0;0;0;0;0;0;0;0;129453772.7;0;0;0;0;0;0;0;0;235857.8;0;0;0;0;0;0;0;303066.7;196585.5;1318897.5;33170102.7;0;0;0;0;0;3220530.9;0;0;0;532125.3;5352397.7;0;0;0;0;0;0;0;0;0;37930.0;9729510.9;0;0;0;0;0;38473250.4;139783.0;4708516.2;0;0;3237182.4;0;0;0;0;0;0;0;0;1512408.6;0;0;0;104659.1;0;0;0;42978320.0;0;0;0;0;0;0;0;0;0;0;0;0;0;132792.2;0;0;99012.1;0;0;0;0;3345391.3;0;0;0;0;0;0;0;0;0;0;0;0;0;0;0;0;0;0;0;0;0;0;0;0;0;0;0;0;20603366.0;0;7785541.6;0;0;0;0;0;12383775.7;0;0;0;0;0;0;0;0;0;0;0;0;0;0;0;5894214.9;0;0;2076772.9;216925211.6;84250154.6;0;899955.3;0;0;0;0;0;0;0;0;0;0;0;135358.1;0;95561.7;0;0;0;0;66051545.9;0;0;0;0;0;0;0;0;0;0;0;0;0;2796263.0;0;1427033.7;0;0;0;1473312.8;0;0;0;0;0;0;434244.9;0;0;0;9823351.3;0;1706000.0;0;0;0;0;0;0;0;0;0;0;2641596.7;0.0
2021M04;706870936.0;0;0;0;0;0;0;0;0;0;0;0;0;0;0;0;739586.4;0;0;0;2005732.1;0;0;504042.0;0;0;0;0;0;0;0;92155225.6;0;657961.7;0;0;0;0;0;0;0;0;0;109530899.0;0;0;0;0;0;0;0;0;0;0;0;1223229.8;0;0;0;0;214107.7;0;0;34859753.3;0;0;0;0;0;0;0;0;0;497129.0;4107690.6;0;0;0;0;0;0;0;0;0;93964.4;11527519.0;0;0;0;0;0;28355128.0;972083.2;4945477.4;270522.2;0;2671437.0;0;0;0;0;0;0;0;0;895376.6;0;0;0;24377.2;0;0;0;72979807.4;0;0;0;0;0;0;0;0;0;0;0;0;0;0;0;0;0;0;0;0;0;5980120.4;0;0;0;0;0;0;0;0;0;0;0;0;0;0;0;0;0;0;0;0;0;0;0;0;0;0;0;0;20329403.3;0;5920284.7;0;0;0;0;0;10180856.5;0;0;0;0;0;0;0;0;0;0;0;0;0;0;5473099.0;8122569.2;0;0;1486621.8;100765265.1;83698818.0;0;65115.2;0;0;0;0;0;0;0;0;0;0;0;58662.2;0;382285.6;147746.1;0;0;0;72017789.3;0;0;0;0;0;0;0;0;0;0;2060323.7;0;0;1698820.9;0;5680202.5;0;0;957888.7;2617156.3;0;0;0;0;0;0;396117.2;0;0;0;6953709.1;0;2097324.1;0;0;0;0;0;0;0;0;0;0;549707.3;0.0
2021M05;750223362.4;0;0;0;0;0;0;0;0;0;0;0;0;0;0;0;0;0;0;0;735138.8;0;0;0;0;0;0;0;0;0;0;62993008.0;0;3315724.9;0;0;0;0;0;0;0;0;0;146031743.9;0;0;0;840573.7;0;0;0;0;642320.0;0;0;1384707.1;0;0;0;0;0;330285.0;0;26408850.6;0;0;0;0;0;0;0;0;0;1079009.5;2505394.1;0;0;0;0;0;0;0;0;0;542649.8;9691435.3;0;0;0;0;0;30708656.5;162843.2;14995296.2;0;0;6410688.0;0;0;0;0;0;0;0;0;143201.2;0;0;0;0;0;0;0;59689191.6;0;0;0;0;0;0;0;0;0;0;0;0;0;181912.8;0;0;105359.1;0;0;0;0;0;0;0;0;0;0;0;0;0;0;0;0;0;0;0;0;0;0;0;0;0;0;0;0;0;0;0;0;0;25674521.6;0;36619141.6;0;0;0;0;0;19921829.2;0;0;0;0;0;0;0;0;0;0;0;0;0;0;2792412.2;4263015.5;0;0;2366515.8;97968364.8;96382085.4;0;131348.2;0;633914.0;0;0;0;0;0;0;0;0;0;37100.2;0;143340.9;98483.7;0;0;0;72382649.4;0;0;0;0;0;0;0;0;0;0;1947012.4;0;0;2727302.2;0;6161639.3;0;0;1412569.0;788868.2;0;0;0;0;0;0;0;0;0;0;7649173.5;0;235403.0;0;0;0;0;0;0;0;0;0;0;988683.0;0.0
2021M06;685579469.0;0;0;0;0;0;0;0;0;0;0;0;0;0;0;0;0;0;0;0;457371.9;0;0;608464.8;0;0;0;0;0;0;0;65466276.3;0;4210354.7;0;0;0;0;0;0;0;0;0;112395687.3;0;0;0;0;0;0;0;0;0;0;0;0;0;0;0;0;0;0;0;20126661.9;0;0;0;0;0;570225.5;0;0;0;546181.1;14675607.5;0;0;0;0;0;0;0;0;0;1490405.9;3774500.0;0;0;0;0;0;31279468.2;2227743.7;2673862.0;0;0;2143569.8;0;0;0;0;0;0;0;0;2866845.0;0;0;0;0;0;0;0;40683803.6;0;0;0;0;0;0;636365.0;0;0;0;0;0;0;173765.2;0;0;487717.2;0;0;0;0;1050538.6;0;0;0;0;0;0;0;0;0;0;0;0;0;0;0;0;0;0;0;0;0;0;0;0;0;0;0;0;42372139.6;357855.4;5224871.6;0;0;0;0;0;38468007.7;0;0;0;0;0;0;0;0;0;0;0;0;0;0;12624280.6;3852660.1;0;0;194928.5;111814760.0;79940089.3;0;57395.4;0;0;0;0;0;0;0;0;0;0;0;10381.3;0;95563.7;49244.2;0;0;0;52283346.4;0;0;0;0;0;0;0;0;0;0;0;0;0;2520219.5;0;4525341.8;0;0;3133718.5;609087.7;0;872035.9;0;0;0;0;434256.6;0;0;0;16125188.6;0;296511.8;0;0;0;0;0;0;0;0;0;0;1172169.7;0.0
2021M07;833503010.3;0;0;0;0;0;0;0;0;0;0;0;0;0;0;0;0;0;0;0;2072572.1;0;0;3397061.2;0;0;0;0;0;0;0;126207094.4;0;5212562.8;0;0;0;0;0;0;0;0;263415.6;87955629.0;0;0;0;10109407.7;0;0;0;0;0;0;0;1272229.2;0;0;0;0;0;194000.0;1607326.4;21680399.4;0;0;0;0;0;26991847.9;267944.6;0;0;0;6161281.5;0;0;0;0;0;0;0;0;0;153833.5;3011385.9;0;0;0;0;0;22980561.9;2060255.6;2025688.1;0;0;2157075.5;0;0;0;0;0;0;0;0;2186849.5;0;0;0;0;0;0;0;38830236.4;0;0;0;0;0;0;0;0;0;0;0;0;0;101377.2;0;0;530517.5;0;0;0;0;3006802.6;0;0;0;0;0;0;0;0;0;0;0;0;0;0;0;0;0;0;0;0;0;0;0;0;0;0;0;0;41078945.0;0;29836325.0;0;0;0;0;0;9209435.7;0;0;0;0;0;0;0;0;0;0;0;0;0;0;26712745.0;18587187.0;0;0;68392.9;183358826.8;79287346.4;0;0;0;0;0;0;0;0;0;0;0;0;0;32362.7;0;47779.9;0;0;0;0;51422114.9;0;0;0;0;0;0;0;0;0;0;2368019.0;0;0;5065836.4;0;585990.5;0;0;0;168871.8;0;364788.2;0;0;0;0;0;0;0;0;7043432.4;0;7620795.2;0;0;0;0;0;0;0;0;0;0;206459.9;0.0
2021M08;709437134.8;0;0;0;0;0;0;0;0;0;0;0;0;0;0;0;0;0;0;0;1306571.8;0;0;2070096.2;0;0;0;0;0;0;0;70212799.4;0;0;0;0;0;0;0;0;0;0;0;62687724.1;0;0;0;14834731.2;0;0;0;0;80910.7;0;0;0;0;0;0;0;0;0;1913590.9;23397971.8;0;0;0;0;0;3150345.5;245029.6;0;0;697577.7;15074276.9;0;0;0;0;0;0;0;0;0;898622.5;7726067.5;0;0;0;0;0;13070074.1;805405.8;4022981.9;0;0;1212171.2;0;0;0;0;0;0;0;414440.2;7969381.5;0;0;0;67236.1;0;0;0;33896339.5;0;0;0;0;0;0;0;204166.6;0;0;0;0;0;0;0;0;7585.4;0;2207403.4;0;0;270075.9;0;0;0;264505.2;0;0;0;0;0;0;0;0;0;0;0;0;0;0;0;0;0;0;0;0;0;0;0;0;54091814.6;0;5056522.3;0;0;0;0;0;8579559.0;0;0;0;0;0;0;0;0;0;0;0;0;0;0;3735231.1;9994671.4;0;0;68398.5;218379085.3;75999371.8;0;0;0;726177.1;0;0;0;0;0;0;0;0;0;18729.1;0;0;0;0;0;0;36778252.5;0;0;0;0;0;0;0;0;0;0;0;0;0;274.6;0;1683325.8;0;0;0;771766.1;0;378631.0;0;0;0;0;1083518.2;0;425764.7;0;10568086.4;0;12389872.5;0;0;0;0;0;0;0;0;0;0;0;0.0
2021M09;1085277755.5;0;0;0;0;0;0;0;0;0;0;0;0;0;0;0;0;0;0;0;1616120.0;0;0;1316452.2;0;0;0;0;0;0;0;120243684.8;0;40114.5;0;0;0;0;0;0;0;0;0;129988617.1;0;0;0;4846971.5;0;0;0;0;808396.1;0;0;2544267.5;0;0;0;0;0;0;0;39674344.6;0;0;0;0;0;421502.9;1134850.2;0;0;1243598.4;13428140.9;0;0;0;0;0;0;0;0;0;145113.6;28645785.3;0;0;0;0;0;31989393.3;0;6399436.6;0;0;338615.5;0;0;0;0;0;0;0;0;12861799.1;0;0;0;0;0;0;0;39883605.0;0;0;0;0;0;0;0;0;0;0;0;0;0;347759.0;0;0;3266.7;0;0;0;0;1853903.3;0;0;0;0;0;0;0;0;0;0;0;0;0;0;0;0;0;0;0;0;0;0;0;0;0;0;0;0;40037149.6;0;48853013.3;0;0;0;0;0;19318058.5;0;0;0;0;0;0;0;0;0;0;0;0;0;0;9122895.3;14305453.0;0;0;2565214.5;330934602.9;91802726.8;0;0;0;0;0;0;0;0;0;0;0;0;0;29409.6;0;334461.7;0;0;0;0;59998978.2;0;0;0;0;0;0;0;0;0;0;0;0;0;5684579.0;0;8666129.2;0;0;0;0;0;0;0;0;0;0;565054.0;0;0;0;12671760.8;0;55178.4;66229.9;0;0;0;0;0;0;0;0;0;491122.6;0.0
2021M10;1065552222.2;0;0;0;0;0;0;0;0;0;0;0;0;0;0;0;149803.0;0;0;0;1749472.3;0;0;248920.0;0;0;0;0;0;0;0;89889779.0;0;6982611.8;0;0;0;0;0;0;0;0;0;119338353.7;0;0;0;9462447.4;0;0;0;0;2058919.7;0;0;215530.3;0;0;0;0;0;0;0;42755493.4;0;0;0;0;0;0;0;0;0;813098.9;5919442.6;0;0;0;0;0;0;0;0;0;65719.5;24093518.2;0;0;0;0;0;41688520.2;1445916.3;5855638.5;0;0;2247360.0;0;0;0;0;0;0;0;0;16283451.6;0;0;0;0;0;0;0;29764594.6;0;0;0;0;0;0;634704.0;0;0;0;0;0;0;632965.1;0;0;342745.8;0;0;0;0;2650266.5;0;0;0;506469.0;0;0;0;0;0;0;0;0;0;0;0;0;0;0;0;0;0;0;0;0;0;0;0;0;50305458.3;0;2589429.4;0;0;0;0;0;46319536.7;0;0;0;0;0;0;0;0;0;0;0;0;0;0;13019202.4;127485238.8;0;0;540025.3;181524348.6;114666494.3;0;1741082.1;0;1686855.6;0;0;0;0;0;0;0;0;0;1447757.8;0;286836.9;147806.4;0;0;0;58359584.8;0;0;0;0;0;0;0;0;0;0;0;0;0;6009295.5;0;5172413.0;0;0;0;1214838.5;0;0;0;0;0;0;776123.9;0;0;0;22201685.8;0;12071345.6;66259.9;0;0;0;0;0;0;0;0;0;12124861.2;0.0
2021M11;1028179463.8;0;0;0;0;0;0;0;0;0;0;0;0;0;0;0;98799.6;0;0;0;328462.0;0;0;0;0;0;0;0;0;0;0;100974986.7;0;3387944.4;0;0;0;0;0;0;0;0;0;94660793.2;0;0;0;19598727.8;0;0;0;0;2300468.4;0;0;53862.8;0;0;0;0;0;0;0;91829491.6;0;0;0;0;0;0;511361.6;0;0;1525448.6;3602453.4;0;0;0;0;0;0;0;0;0;187973.2;14034605.4;0;0;0;0;0;31310205.3;1378401.8;3590355.8;0;0;3664796.3;0;0;0;0;0;0;0;0;4620179.5;0;0;0;37740.9;0;0;0;31092977.6;0;0;0;0;0;0;0;0;0;0;1442979.7;0;0;754226.2;0;0;2693.0;0;0;0;0;6325406.5;0;0;0;0;0;0;0;0;0;0;0;0;0;0;0;0;0;0;0;0;0;0;0;0;0;0;0;0;31279778.2;0;4770580.9;0;0;0;0;0;32369943.2;0;0;0;0;0;0;0;0;0;0;0;0;0;0;5957617.5;6565474.1;0;0;1369096.0;258397597.5;120730528.8;0;9364117.8;0;0;0;0;0;0;0;0;0;0;0;820888.7;0;334524.8;49246.2;0;0;0;86832151.1;0;0;0;0;0;0;0;0;0;0;0;0;0;980562.4;0;4014155.1;0;0;0;2024558.4;0;0;0;0;0;0;159872.0;0;0;0;16408948.2;0;25284065.2;132487.1;0;0;0;0;0;0;0;0;0;3017929.5;0.0
2021M12;1137852572.1;0;0;0;0;0;0;0;0;0;0;0;0;0;0;0;119150.0;0;0;0;3251270.4;0;0;669506.4;0;0;0;0;0;0;0;108857498.0;0;1062196.5;0;0;0;0;0;0;0;0;0;111104732.7;0;0;0;25122803.4;0;0;0;0;4190850.5;0;0;1050029.0;0;0;0;0;0;0;0;31804093.8;0;0;0;0;0;0;2090973.2;365275.4;0;0;10058020.6;0;0;0;0;0;0;0;0;0;89520.9;18123649.0;0;0;0;0;0;29141589.0;647757.4;4884890.4;0;0;3242057.6;0;0;0;0;0;0;0;0;3664417.8;0;0;0;0;0;0;0;29215071.2;0;0;0;0;0;0;0;0;0;0;0;0;0;726825.2;0;0;0;0;0;0;0;21347054.2;0;0;0;0;0;0;0;0;0;0;0;0;0;0;0;0;0;0;0;0;0;0;0;0;0;0;0;0;48263349.1;0;5761923.0;0;0;0;0;0;29742316.7;0;0;0;0;0;0;0;0;0;0;0;0;0;0;4365795.3;31989283.6;0;0;4826606.0;337340992.0;123048605.0;0;1463929.1;0;0;0;0;0;0;0;0;0;0;0;78552.9;0;477812.5;49242.8;0;0;0;75515234.7;0;0;0;0;0;0;0;0;0;0;0;0;0;3849432.7;0;6346942.0;0;0;0;381049.6;0;0;0;0;0;0;208800.0;0;0;0;16688899.5;0;31704461.3;397385.8;0;0;0;0;0;0;0;0;0;4522726.0;0.0
2022M01;915564896.9;0;0;0;0;0;0;0;0;0;0;0;0;0;0;0;0;0;0;0;460394.4;0;0;0;0;0;0;0;0;0;0;87463093.5;0;1080695.5;0;0;0;0;0;0;0;0;0;96300703.2;0;0;0;5280702.5;0;0;0;0;0;0;0;495329.5;0;0;0;0;0;0;0;22671518.2;0;0;0;0;0;0;217260.6;0;0;3478290.1;6835327.8;0;0;0;0;0;0;0;0;0;0;12965378.2;0;0;0;0;0;33694612.2;122649.0;3246744.2;0;0;6512748.0;0;0;0;0;0;0;0;0;6427942.3;0;0;0;0;0;0;0;42896073.2;0;0;0;0;0;0;0;256580.5;0;0;0;0;0;0;0;0;2293.6;0;0;0;0;861911.9;0;0;0;0;0;0;0;0;0;613846.3;0;0;0;0;0;0;0;0;0;0;0;0;0;0;0;0;0;0;34152675.7;0;21253434.3;0;0;0;0;0;17891682.2;0;0;0;0;0;0;0;0;0;0;0;0;0;0;5201794.6;23581730.2;0;0;3227455.4;226916819.1;137943185.4;0;2196410.1;0;0;0;0;0;0;0;0;0;0;0;640449.6;0;483525.5;110380.8;0;0;0;47021734.4;0;0;0;0;0;0;0;0;0;0;210381.5;0;0;2794194.6;0;4621368.1;0;0;0;821673.8;0;1132951.9;0;0;0;0;4313075.4;0;0;0;28378511.1;0;18373529.2;74440.5;0;0;0;0;0;0;0;0;0;2339398.6;0.0
2022M02;788919458.6;0;0;0;0;0;0;0;0;0;0;0;0;0;0;0;0;0;0;0;1419175.8;0;0;0;0;0;0;0;0;0;0;72647205.6;0;3083002.5;0;0;0;0;0;0;0;0;0;76859622.9;0;0;0;3348515.1;0;0;0;0;136808.8;0;0;4416507.1;0;0;0;0;0;0;0;25617843.9;0;0;0;0;0;326333.7;0;0;0;2267072.2;1930900.2;0;0;0;0;0;0;0;0;0;0;10902304.6;0;0;0;0;0;32762282.4;61296.1;5083907.0;252058.1;0;2369243.8;0;0;0;0;0;0;0;0;1748918.1;0;0;0;0;0;0;0;50883803.9;0;0;0;0;0;0;0;0;0;0;0;0;0;0;0;0;2295.9;0;0;0;0;10545200.3;0;0;0;0;0;0;0;0;0;0;0;0;0;0;0;0;0;0;0;0;0;0;0;0;0;0;0;0;42134589.6;0;18500444.9;0;0;0;0;0;20727014.6;0;0;0;0;0;0;0;0;0;0;0;0;0;0;7439854.8;39154784.8;0;0;3348363.8;104850700.1;96650327.7;0;2081839.4;0;851359.4;0;0;0;0;0;0;0;0;0;940622.8;0;161149.9;110365.7;0;0;0;70469655.2;0;0;0;0;0;0;0;0;0;0;0;0;0;6752992.2;0;8171508.5;0;0;0;0;0;0;0;0;0;0;906868.1;0;0;0;48135772.0;0;1871177.1;0;0;0;0;0;0;0;0;0;0;8995770.0;0.0
2022M03;1108874540.4;0;0;0;0;0;0;0;0;0;0;0;0;0;0;0;15264.5;0;0;0;374221.8;0;0;1015424.1;0;0;0;0;0;0;0;220072843.5;0;2025712.2;0;0;0;0;0;0;0;0;0;130297607.4;0;0;0;0;0;0;0;0;729991.4;0;0;2112342.0;0;0;0;0;0;0;0;38219856.5;0;0;0;0;0;0;0;0;0;114334.6;2046665.0;0;0;0;0;0;0;0;0;0;585040.7;1191662.0;0;0;0;0;0;35457214.6;232956.1;86872707.8;443189.6;0;2974273.7;0;0;0;0;0;0;0;0;5301748.7;0;0;0;0;0;0;0;50292942.1;0;0;0;0;0;0;0;0;0;0;0;0;0;0;0;0;339229.7;632712.8;0;0;0;1114716.6;0;0;0;0;0;0;0;0;0;0;0;0;0;0;0;0;0;0;0;0;0;0;0;0;0;0;0;0;69267949.0;0;5814815.2;0;0;0;0;0;10666866.7;0;0;0;0;0;0;0;0;0;0;0;0;0;0;15174160.9;39105564.7;0;0;1127861.4;74950065.8;120185489.3;0;2172887.7;0;0;0;0;0;0;0;0;0;0;0;626283.1;0;483534.3;55187.0;0;0;0;118200026.8;0;0;0;0;0;0;0;0;0;0;0;0;0;3872077.0;0;10038668.6;0;0;927523.7;4351588.5;0;0;0;0;0;0;4424940.5;0;0;0;32234122.7;0;4335080.0;74469.0;0;0;0;0;0;0;0;0;0;8322721.5;0.0
2022M04;850318457.8;0;0;0;0;0;0;0;0;0;0;0;0;0;0;0;0;0;0;0;4246225.1;0;0;1352381.2;0;0;0;0;0;0;0;95350448.4;0;2353839.3;0;0;0;0;0;0;0;0;0;90320183.3;0;0;0;1102124.5;0;0;0;0;3034095.9;0;0;0;0;0;0;0;0;427963.6;0;49773000.6;0;0;0;0;0;0;0;107243.9;0;0;12550543.3;0;0;0;0;0;0;0;0;0;0;584383.8;0;0;0;0;0;32126940.3;534390.2;35081036.8;435060.1;0;3095258.3;0;0;0;0;0;0;0;0;20400161.6;0;0;0;2266292.3;0;0;0;53311247.3;0;0;0;0;0;0;0;0;0;0;818792.7;0;0;0;0;0;1216483.8;0;2060793.3;0;0;3005419.7;0;0;0;366985.9;0;0;0;1267851.7;0;0;0;0;0;0;0;0;0;0;0;0;0;0;0;0;0;0;0;0;56408912.5;0;23717209.9;0;0;0;0;0;13329959.0;0;0;0;0;0;0;0;0;0;0;0;0;0;0;4015294.5;19746798.9;0;0;4905313.1;32468067.8;120974705.6;0;432765.4;0;842852.8;0;0;0;0;0;0;0;0;0;1638489.2;0;53703.8;0;0;0;0;65132967.8;0;0;0;0;0;0;0;0;0;0;0;0;0;2451811.2;0;4176190.2;0;0;600923.2;348644.2;0;0;0;0;0;0;1701466.6;0;0;0;49085473.9;0;24115064.2;148933.9;0;0;0;0;0;0;0;0;0;6833762.9;0.0
2022M05;1209768377.4;0;0;0;0;0;0;0;0;0;0;0;0;0;0;0;219344.3;0;0;0;2204666.1;0;0;0;0;0;0;0;0;0;0;147419891.5;0;1724769.1;0;0;0;0;0;0;0;0;0;142532878.5;0;0;0;0;0;0;0;0;1282247.1;0;0;1346036.1;0;0;0;0;0;0;2411453.0;35935350.6;0;0;0;0;0;2189837.5;229151.1;0;0;0;3462965.1;0;0;0;0;0;0;0;0;0;0;3983306.7;0;0;0;0;0;30071546.2;1626068.0;173623151.8;0;0;3283939.6;0;0;0;0;0;0;0;0;42334376.3;0;0;0;1471992.7;0;0;0;77171592.4;0;0;0;0;0;0;783484.7;0;0;0;0;0;0;809089.2;0;0;174138.8;0;0;0;0;6357377.8;0;0;0;0;0;0;0;0;0;0;0;0;0;0;0;0;0;0;0;0;0;0;0;0;0;0;0;0;36385896.6;0;46731528.5;0;0;0;0;0;31814130.8;0;0;0;0;0;0;0;0;0;0;0;0;0;0;13815934.9;63967177.9;0;0;2342966.7;20548754.8;179711305.8;0;306207.7;0;865192.1;0;0;0;0;0;0;0;0;0;976841.7;0;0;165551.2;0;0;0;93461374.8;0;0;0;0;0;0;0;0;0;0;0;0;0;5925056.1;0;4236763.3;0;0;0;347067.0;0;0;0;0;0;0;941566.6;0;0;0;18372949.3;0;2244820.8;372329.6;0;0;0;0;0;0;0;0;0;3586307.4;0.0
2022M06;978459018.5;0;0;0;0;0;0;0;0;0;0;0;0;0;0;0;7869454.7;0;0;0;898037.0;0;0;0;0;0;0;0;0;0;0;140613925.2;0;1606426.5;0;0;0;0;0;0;0;0;0;153263380.3;0;0;0;4209408.4;0;0;0;0;3128287.3;0;0;931147.1;0;0;0;0;177139.6;0;0;31714321.3;0;0;0;0;0;724033.0;0;617142.3;0;0;13024607.8;0;0;0;0;0;0;0;0;0;0;6422446.9;0;0;0;0;219613.4;31344710.2;1142264.6;22986271.9;9281695.5;0;0;0;0;0;0;0;0;0;0;13447925.2;0;0;0;0;0;0;0;52997696.3;0;0;0;0;0;0;0;0;0;0;0;0;0;0;0;0;2134152.0;0;0;0;0;1724939.1;0;0;0;0;0;0;0;3302723.1;0;0;0;0;0;0;0;0;0;0;0;0;0;0;0;0;0;0;0;0;55787226.7;0;14433169.8;0;0;0;0;0;30752558.4;0;0;0;0;0;0;0;0;42812.5;0;0;0;0;0;14647039.9;3490395.3;0;0;2918735.0;45351800.5;162646128.1;0;1083880.5;0;983430.1;0;0;0;0;0;0;0;0;0;0;0;0;0;0;0;0;96242217.5;0;0;0;0;0;0;0;0;0;0;0;0;0;4516536.1;0;5451954.3;0;0;522113.1;0;0;0;0;0;0;0;0;0;0;0;28447204.4;0;3420176.2;0;0;0;0;0;0;0;0;0;0;3939891.6;0.0
2022M07;1044522335.9;0;0;0;0;0;0;0;0;0;0;0;0;0;0;0;9591439.9;0;0;0;890411.7;0;0;0;0;0;0;0;0;0;0;105965737.6;0;10520213.5;0;0;0;0;0;0;0;0;0;137078837.3;0;0;0;11520301.5;0;0;0;0;3888829.3;0;0;1342561.8;0;0;0;0;198700.5;0;1391107.1;21334096.3;0;0;0;378946.8;0;24521946.3;0;0;0;327661.8;23600580.7;0;0;0;0;0;0;0;0;0;0;5392906.2;0;0;0;0;0;20683398.5;1038590.1;2242666.2;10357132.0;0;5125687.9;0;0;0;0;0;0;0;0;12878192.1;0;473158.2;0;0;0;0;0;64584943.7;0;0;0;0;0;0;0;0;0;0;0;0;0;2605179.3;0;0;7565392.8;0;0;0;0;8361015.7;0;0;0;0;0;0;0;0;0;0;0;0;0;0;0;0;0;0;0;0;0;0;0;0;0;0;0;0;52239202.6;0;115109515.1;0;0;0;0;0;20010587.9;0;0;0;0;0;0;0;0;0;0;0;0;0;0;3632908.2;25832576.4;0;0;1221252.0;44960495.6;142809780.8;0;486952.0;0;0;0;0;0;0;0;0;0;0;0;0;0;57347.3;0;0;0;0;78102409.3;0;0;0;0;0;0;0;0;0;0;0;0;0;3083550.3;0;1526389.0;0;0;1273364.9;2783156.5;0;9692345.3;0;0;0;0;3842261.1;0;0;0;29230688.1;0;13097431.3;238496.3;0;0;0;0;0;0;0;0;0;1431991.1;0.0
2022M08;1115345988.6;0;0;0;0;0;0;0;0;0;0;0;0;0;0;0;1973449.7;0;0;0;3214098.8;0;0;0;0;0;0;0;0;0;0;169512393.1;0;2528896.6;0;0;0;0;0;0;0;0;0;203848989.9;0;0;0;7258285.7;0;0;0;0;942836.9;0;0;1082129.5;0;0;0;0;0;0;0;24276483.5;0;0;0;309467.7;0;2932154.5;0;427351.8;0;136880.6;24873730.0;0;0;0;0;0;0;0;0;0;0;944525.5;0;0;0;0;0;12023773.2;1419002.1;6255675.2;21689576.0;0;2756942.5;0;0;0;0;0;0;0;0;17915299.0;0;0;0;262702.2;0;0;0;51560584.4;0;0;0;0;0;0;0;0;0;0;0;0;0;24200.0;0;0;15704020.1;27228.5;0;0;0;10402939.8;0;0;0;0;0;0;0;0;0;0;0;0;0;0;0;0;0;0;0;0;0;0;0;0;0;0;0;0;64202693.0;0;111695410.9;0;0;0;0;0;42272682.8;0;0;0;0;0;0;0;0;0;0;0;0;0;0;4010564.9;21664738.4;0;0;4112313.5;58934587.1;147710338.4;0;662953.3;0;0;0;0;0;0;0;0;0;0;0;0;0;0;0;0;0;0;49629213.3;0;0;0;0;0;0;0;0;0;0;0;0;0;1527033.3;0;5937176.7;0;0;807670.3;0;0;0;0;0;0;0;0;0;0;0;16142299.5;0;924379.1;0;0;0;0;0;0;0;0;0;0;808317.4;0.0
2022M09;1136459681.9;0;0;0;0;0;0;410477.5;0;0;0;0;0;0;0;0;0;0;0;0;4862770.3;0;0;0;0;0;0;0;0;0;0;148130762.2;0;1374561.2;0;0;0;0;0;0;0;0;0;176220180.1;0;0;0;17381771.7;0;0;0;0;3578009.7;0;0;1765817.2;0;0;0;0;0;0;0;52606692.3;0;0;0;0;0;0;1267696.6;791154.9;0;0;18283296.3;0;0;0;0;0;0;0;0;0;0;30219381.3;0;0;0;0;0;37665787.3;1032464.1;5024182.8;27280932.8;0;1182284.7;0;0;0;0;0;0;0;0;13730035.2;0;0;0;2330090.1;0;0;0;68220476.8;0;0;0;0;0;0;0;0;0;0;0;0;0;2010031.0;0;0;7925500.3;0;0;0;0;26423982.2;0;0;0;0;0;0;0;0;0;0;0;0;0;0;0;0;0;0;0;0;0;0;0;0;0;0;0;0;73557316.5;0;5364930.0;0;0;0;0;0;19060963.9;0;0;0;0;0;0;0;0;0;0;0;0;0;0;9165217.1;27877880.1;0;0;2508200.4;36588994.5;146134593.6;0;2777633.1;0;0;0;0;0;0;0;0;0;0;0;0;0;343760.4;117741.9;0;0;0;84777081.0;0;0;0;0;0;0;0;0;0;0;0;0;0;5669965.4;0;9831378.6;0;0;782097.3;239006.2;0;0;0;0;0;0;3872461.9;0;0;0;26253785.4;0;24211286.7;145805.6;0;0;0;0;0;0;0;0;0;7461243.5;0.0
2022M10;1095667146.8;0;0;0;0;0;0;0;0;0;0;0;0;392104.5;0;0;718219.0;0;302356.3;0;5140117.7;0;0;0;0;0;0;0;0;0;0;105311398.5;0;899304.3;0;0;0;0;0;0;0;0;0;139568704.5;0;0;0;9340229.8;0;0;0;0;2739562.2;0;0;1325526.9;0;0;0;0;320263.8;0;0;45872730.3;0;0;0;317225.3;0;0;1569210.8;0;0;939516.4;818134.4;0;0;0;0;0;0;0;0;0;0;27073428.5;0;0;2981.0;0;0;30421434.3;1350257.4;9771468.8;17191645.2;0;5567867.0;0;0;0;0;0;0;0;0;14476697.1;0;0;0;141234.8;0;0;0;40594813.6;0;0;0;0;0;0;0;0;0;0;0;0;0;554196.9;0;0;0;0;0;0;0;19297650.2;0;0;0;0;0;0;0;344859.2;0;0;0;0;0;0;0;0;0;0;0;0;0;0;0;0;0;0;0;0;65616883.5;0;4826367.6;0;0;0;0;0;64550378.0;0;0;0;0;0;0;0;0;5860.0;0;0;0;0;0;206920.3;17068074.1;0;0;5351063.8;100489992.0;166470822.4;0;58738580.9;0;0;0;0;0;0;0;0;0;0;0;0;0;167160.5;0;0;0;0;70064925.0;0;0;0;0;0;0;0;0;0;0;0;0;0;3598522.8;0;2733389.0;0;0;1070500.6;0;0;0;0;0;0;0;5955673.8;0;0;0;40837132.4;0;0;0;0;0;0;0;0;0;0;0;0;5551761.5;0.0
2022M11;1150007177.2;0;0;0;0;0;0;0;0;0;0;0;0;0;0;0;0;0;0;0;1427382.4;0;0;0;0;0;0;0;0;0;0;143459945.4;0;1318330.6;0;0;0;0;0;0;0;0;0;175585698.1;0;0;0;7733478.9;0;0;0;0;5354774.3;0;0;1345541.2;0;0;0;0;0;239440.9;0;55243650.9;0;0;0;0;0;0;0;0;0;442821.1;8662846.2;0;0;0;0;0;0;0;0;0;0;73400327.7;0;0;0;0;0;36925274.6;1619897.6;2221566.0;9951283.4;0;4042130.1;0;0;0;0;0;0;0;0;6153665.1;0;501037.6;0;233372.5;0;0;0;33757333.8;0;0;0;0;0;0;0;0;0;0;0;0;0;1137722.2;0;0;1066043.1;0;0;0;0;18132397.0;0;0;0;0;0;0;0;0;0;0;0;0;0;0;0;0;0;0;0;0;0;0;0;0;0;0;0;0;82308598.6;0;7633246.7;0;0;0;0;0;47665365.9;0;0;0;0;0;0;0;0;140383.7;0;0;0;0;0;15554454.2;22491255.3;0;0;5439228.3;73188362.3;126178630.0;0;27708104.6;0;778651.0;0;0;0;0;0;0;0;0;0;0;0;142190.4;58930.2;0;0;0;81712207.5;0;0;0;0;0;0;0;0;0;0;1670778.9;0;0;6494634.6;0;6182887.7;0;0;0;5114910.6;0;0;0;0;0;0;5867651.6;0;0;0;35376017.0;0;1044940.0;0;0;0;0;0;0;0;0;0;0;7299787.3;0.0
2022M12;1096457918.9;0;0;0;0;0;0;0;0;0;0;0;0;0;0;0;720360.2;0;0;0;188270.9;0;0;0;0;0;0;0;0;0;0;159103951.6;0;92523.3;0;0;0;0;0;0;0;0;0;163096601.8;0;0;0;10492598.4;0;0;0;0;3009842.6;0;0;0;0;0;0;0;166485.3;399567.2;662403.3;59010346.2;0;0;0;0;0;3601319.8;207991.4;0;0;0;5040499.0;0;0;0;0;0;0;0;0;0;595568.1;30233162.2;0;0;0;0;0;33184093.3;3618883.1;6532900.4;3238758.5;0;2953643.4;0;0;0;0;0;0;0;0;2269046.9;0;0;0;1060016.1;0;0;0;20587258.4;0;0;0;0;0;0;0;0;0;0;0;0;0;82246.8;0;0;0;0;0;0;0;12775035.7;0;0;0;0;0;0;0;198268.4;0;0;0;0;0;0;0;0;1033689.5;0;0;0;0;0;0;0;9458.8;0;0;0;58987614.4;0;6795583.5;0;0;0;0;0;36225306.3;0;0;1801.0;0;0;0;0;0;0;0;0;0;0;0;1264110.9;10587179.1;0;0;8946238.7;194810978.7;104837785.3;0;589739.9;0;0;0;0;0;0;0;0;0;0;0;0;0;284365.2;72665.5;0;0;0;78757234.0;0;0;0;0;0;0;0;0;0;0;0;0;0;6474551.9;0;7714163.3;0;0;776861.3;0;0;0;0;0;0;0;2071417.5;0;0;0;32442403.7;0;5776632.5;295815.4;0;0;0;0;0;0;0;0;0;14580680.2;0.0
2023M01;1106179017.4;0;0;0;0;0;0;0;0;0;0;0;0;0;0;0;17765.0;0;0;0;1478859.9;0;0;0;0;0;0;0;0;0;0;81188301.2;0;785786.5;0;0;0;0;0;0;0;0;0;159258869.6;0;0;0;0;0;0;0;0;2722898.3;0;0;2471693.4;0;0;0;0;0;0;0;55226727.6;0;79806.6;0;0;0;3899721.7;0;0;0;2997645.3;11807937.4;0;0;0;0;0;0;0;0;0;0;8228541.7;0;0;0;0;0;38072261.2;21902975.3;56760390.8;1562484.2;0;548381.9;0;0;0;0;0;0;0;0;2419781.4;0;0;0;388825.3;0;0;0;47614914.7;0;0;0;0;0;0;0;0;0;0;0;0;0;0;0;0;575146.1;0;0;0;0;6239632.5;0;0;0;0;0;0;0;24583.0;0;0;0;0;0;0;0;0;0;0;0;0;0;0;0;0;0;0;0;0;68625647.7;0;3613036.0;0;0;0;0;0;74582623.3;0;0;0;0;0;0;0;0;0;0;0;0;0;0;4273235.0;19303849.8;0;0;2149904.6;158002299.2;154688400.7;0;208881.3;0;0;0;0;0;0;0;0;0;0;0;0;0;0;0;0;0;0;65763204.2;0;0;0;0;0;0;0;0;0;0;0;0;0;5204077.8;0;4148346.1;0;0;0;0;0;0;0;0;0;0;356534.3;0;0;0;23952722.3;0;7070987.0;0;0;0;0;0;0;0;0;0;0;7961337.3;0.0
2023M02;1015591082.9;0;0;0;0;0;0;0;0;0;0;0;0;0;0;0;243615.7;0;0;0;0;0;0;0;0;0;0;0;0;0;0;92906644.0;0;615439.1;0;0;0;0;0;0;0;0;0;149383651.2;0;0;0;16837233.6;0;0;0;0;161108.6;0;0;1548962.6;0;0;0;0;0;0;0;46276595.1;0;0;0;0;0;2617822.7;191028.7;0;0;5984416.0;6168592.7;0;0;0;0;0;0;0;0;0;381912.2;1716649.7;0;0;0;0;0;26750061.8;1076.5;10808370.4;516579.9;0;6278651.8;0;0;0;0;0;0;0;0;2353134.4;0;4027113.7;0;220994.9;0;0;0;33100659.4;0;0;0;0;0;0;0;0;0;0;0;0;0;0;0;0;751144.8;0;0;0;0;7454396.1;0;0;0;0;0;0;0;0;0;0;0;0;0;0;0;0;0;0;0;0;0;0;0;0;0;0;0;0;36215862.7;0;6439055.0;0;0;0;0;0;40118743.6;0;0;0;0;0;0;0;0;0;0;0;0;0;0;13656696.2;17880787.6;0;0;2000.0;232894129.3;119535122.5;0;179536.1;0;0;0;195537.0;0;0;0;0;0;0;0;0;0;0;0;0;0;0;79961330.7;0;0;0;0;0;0;0;0;0;0;0;0;0;2686543.6;0;1558404.9;0;0;516756.7;2883039.6;0;442397.8;0;0;0;0;6782.0;0;0;0;33398041.1;0;2962000.0;0;0;0;0;0;0;0;0;0;0;6762460.8;0.0
2023M03;1288984119.8;0;0;0;0;0;0;0;0;0;0;0;0;0;0;0;1175568.2;0;0;0;3193333.4;0;0;0;0;0;0;0;0;0;0;102366114.0;0;0;0;0;0;0;0;0;0;0;0;151560120.1;0;0;0;21320232.2;0;0;0;0;1257121.6;0;0;0;0;0;0;0;0;1.0;0;48309665.6;0;0;0;0;0;2141137.2;384153.1;197705.8;0;1613993.4;11367607.2;0;0;0;0;0;0;0;0;0;280291.5;11125960.8;0;0;0;0;0;39277727.0;1113368.2;69202140.6;537998.2;0;5661756.7;0;0;0;0;0;0;0;0;3779074.7;0;793152.2;0;307410.5;0;0;0;39660163.0;0;0;0;0;0;0;0;0;0;0;0;0;0;0;0;0;0;0;0;0;0;9163018.7;0;0;0;0;0;0;0;0;0;0;0;0;0;0;0;0;0;0;0;0;0;0;0;0;0;0;0;0;42002350.1;441882.1;8475318.2;0;0;0;0;0;111454479.0;0;0;0;0;0;0;0;0;2293357.1;0;0;0;0;0;6922986.6;35052405.1;0;0;0;231060525.8;137710123.1;0;337946.0;0;0;0;0;0;0;0;0;0;0;0;1529321.3;0;0;0;0;0;0;96883429.7;0;0;0;0;0;0;0;0;0;0;0;0;0;2621618.6;0;7833932.7;0;0;1887699.1;4216091.2;0;0;0;0;0;0;4698510.4;0;0;0;59032163.6;0;4209823.1;0;0;0;0;0;0;0;0;0;0;4531341.5;0.0
2023M04;1030746417.0;0;0;0;0;0;0;0;0;0;0;0;0;0;0;0;0;0;0;0;2885409.8;0;0;0;0;0;0;0;0;0;0;111698438.6;0;0;0;0;0;0;0;0;0;0;0;139690952.1;0;0;0;2267380.8;0;0;0;0;547415.5;0;0;1694332.6;0;0;0;0;0;374035.9;0;38371753.0;0;0;0;0;0;0;564907.3;245933.7;0;99191.6;6765057.4;0;0;0;0;0;0;0;0;0;351304.9;1934280.8;0;0;0;0;0;17755876.7;7279295.0;56042777.2;2354.7;0;76079.2;0;0;0;0;0;0;0;0;4373424.0;0;0;0;289603.0;0;0;0;46129056.9;0;0;0;0;0;0;0;0;0;0;0;0;0;859326.9;0;0;2125.0;0;0;0;0;3126536.7;0;0;0;0;0;0;0;0;0;0;0;0;0;0;0;0;0;0;0;0;0;0;0;0;35950.4;0;0;0;26823221.2;0;5404677.8;0;0;0;0;0;151652136.1;0;0;0;0;0;0;0;0;0;0;0;0;0;0;11027717.1;15902715.3;0;0;0;42910601.0;161696576.9;0;314244.6;0;0;0;0;0;0;0;0;0;0;0;7526845.2;0;0;0;0;0;0;83449146.6;0;0;0;0;0;0;0;0;0;0;0;0;0;7387443.1;0;2945725.0;0;0;368686.1;270362.2;0;0;0;0;0;0;0;0;0;0;62930232.2;0;4210611.9;395237.0;0;0;0;0;0;0;0;0;0;2067438.0;0.0
2023M05;959960680.5;0;0;0;0;0;0;0;0;0;56936.7;0;0;0;0;0;174672.6;0;0;0;702486.2;0;0;0;0;0;0;0;0;0;0;79930348.4;0;0;0;0;0;0;0;0;0;0;0;122250692.4;0;0;69961.2;0;0;0;0;0;140150.0;0;0;1550561.3;0;0;0;0;472652.7;0;0;40165164.7;0;0;0;0;0;3480476.3;0;0;0;0;6745805.4;0;0;0;0;270900.8;0;0;0;0;0;417846.4;0;0;0;0;0;34081492.2;4181488.6;27825524.5;253944.7;0;9009921.3;0;0;0;0;0;0;0;0;11821403.9;0;0;0;635101.6;0;0;0;70194328.1;0;0;0;0;0;0;0;0;0;0;0;0;0;202353.7;0;0;102745.1;0;0;0;0;246762.5;0;0;0;0;0;0;0;0;0;0;0;0;0;0;0;0;0;0;0;0;0;0;0;0;0;0;0;0;29688631.4;0;5910632.9;0;0;0;0;0;106706239.3;0;0;0;0;0;0;0;0;0;0;0;0;0;0;10488505.1;25702483.8;0;0;0;39345494.1;113995985.5;0;775797.7;0;842234.6;0;0;0;0;0;0;0;0;0;6873391.9;0;0;0;0;0;0;118058516.8;0;0;0;0;0;0;0;0;0;0;0;0;0;3915491.0;0;6641686.2;0;0;2019848.5;2071752.3;0;0;0;0;0;0;1401682.3;0;0;0;65128666.1;0;2948242.9;0;0;0;0;0;0;0;0;0;0;2461677.0;0.0
2023M06;792774879.7;0;0;0;0;0;0;0;0;0;0;0;0;0;0;0;0;0;0;0;3177702.2;0;0;0;0;0;0;0;0;0;0;104649142.6;0;92704.7;0;0;0;0;0;0;0;0;0;119861119.4;0;0;0;9304559.4;0;0;0;0;1828600.1;0;0;1655903.3;0;0;0;0;767398.3;0;0;31196910.0;0;0;0;0;0;0;0;0;0;372270.4;14162532.0;0;0;0;0;0;0;0;0;0;0;513712.1;0;0;0;0;0;20040474.9;1846456.8;9622106.8;2472439.6;0;421164.4;0;0;0;0;0;0;0;0;2373607.8;0;0;0;450569.3;0;0;0;48036104.5;0;0;0;0;0;0;301776.0;0;0;0;0;0;0;177224.0;0;0;11312575.3;0;0;0;0;4595678.4;0;0;0;0;0;0;0;8852360.1;0;0;0;0;0;0;0;0;0;0;0;0;0;0;0;0;0;0;0;0;38288703.9;0;8306581.1;0;0;0;0;0;28335081.9;0;0;0;0;0;0;0;0;0;0;0;0;0;0;20961486.8;5299496.5;0;0;273028.8;22134887.4;130095162.5;0;286666.0;0;168934.5;116238.1;0;0;0;0;0;0;0;0;11844450.1;0;0;0;0;0;0;59367888.9;0;0;0;0;0;0;0;0;366459.9;0;0;0;0;2636946.9;0;5944231.3;0;0;2243713.1;929691.3;0;0;0;0;0;0;2528515.5;0;0;0;52550254.3;0;0;197521.8;0;0;0;0;0;0;0;0;0;1813846.7;0.0
2023M07;981286308.0;0;0;0;0;0;0;0;0;0;0;0;0;0;0;0;0;0;0;0;774308.6;0;0;0;0;0;0;0;0;0;0;103472705.6;0;312083.4;0;0;0;0;0;0;0;0;0;261044120.7;0;0;0;15939854.8;0;0;0;0;258493.6;0;0;0;0;0;0;0;523822.2;385648.5;0;33321345.2;0;0;0;0;0;0;0;0;0;759936.8;19097137.4;0;0;0;0;0;0;0;0;0;0;0;0;0;0;0;0;17022405.3;0;5101533.6;0;0;4351265.7;0;0;0;0;0;0;0;0;8402455.6;0;0;0;434056.7;0;0;0;52628329.8;0;0;0;0;0;0;0;0;0;0;0;0;0;0;0;0;0;0;193691.4;0;0;0;0;0;0;10492.8;0;0;0;0;0;0;0;0;0;0;0;0;0;0;0;0;0;0;0;0;0;0;0;0;40201236.8;0;45259689.8;0;0;0;0;0;82084788.3;0;0;0;0;0;0;0;0;914082.8;0;0;0;0;0;3910869.3;13513730.3;0;0;726528.8;4869203.3;161293381.0;0;1128541.1;0;0;0;0;0;0;0;0;0;0;0;4346847.5;0;0;0;0;0;0;57646866.4;0;0;0;0;0;0;0;0;0;0;2464805.6;0;0;10491107.6;0;2513905.8;0;0;279693.4;525644.1;0;0;0;0;0;0;975881.9;0;0;0;23052937.3;0;0;0;0;0;0;0;0;0;0;0;0;1052879.4;0.0
2023M08;1316510285.3;0;0;0;0;0;0;0;0;0;0;0;0;0;0;0;353620.8;0;0;0;41709709.6;0;0;0;0;0;0;0;0;0;0;140207713.2;0;0;0;0;0;0;0;0;0;0;0;284455470.0;0;0;0;6855811.7;0;0;0;0;0;0;0;1552132.2;0;0;0;0;1281994.1;1943968.9;0;29396183.9;0;0;0;286384.5;0;1384540.0;0;134182.4;0;0;17589418.1;0;0;0;0;0;0;0;0;0;0;253508.2;0;0;0;0;0;13626661.1;1267798.3;21445796.3;1677592.1;0;2024258.9;0;0;0;0;0;0;0;0;4600106.0;0;0;0;496970.6;0;0;0;72888934.7;0;0;0;0;0;0;220274.8;0;0;0;0;0;0;330540.9;0;0;220961.7;0;1011015.8;0;0;6171847.8;0;0;0;0;0;0;0;0;0;0;0;0;0;0;0;0;0;0;0;0;0;0;0;0;0;0;0;0;32738557.6;0;8813369.6;0;0;0;0;0;222032346.6;0;0;38156.0;0;0;0;0;0;509643.6;0;0;0;0;0;9736115.8;25439448.6;0;0;4018943.4;76581524.6;151194130.1;0;1022423.1;0;0;0;0;0;0;0;0;0;0;0;2093824.4;0;0;0;0;0;0;59491973.7;0;0;0;0;0;0;0;0;0;0;7339.2;0;0;4892904.2;0;4765667.3;0;0;562966.6;0;0;0;0;0;0;0;846380.2;0;0;0;46846848.5;0;733151.9;0;0;0;0;0;0;0;0;0;0;10757173.6;0.0
2023M09;1180813147.3;0;0;0;0;0;0;0;0;0;0;0;0;0;0;0;2494071.8;0;0;0;2207788.1;0;0;0;0;0;0;0;0;0;0;90378637.8;0;781138.2;0;0;0;0;0;0;0;0;0;273922259.4;0;0;0;13656842.9;0;0;0;0;57709.0;0;0;0;0;0;0;0;1340399.3;2264864.8;0;43458468.6;0;0;0;242913.5;0;2358237.7;0;175258.6;0;2025419.8;14349469.6;0;0;0;0;0;0;0;0;0;0;3226414.0;0;0;0;0;0;37291244.7;3726118.6;5104095.9;747905.6;0;5336267.3;0;0;0;0;0;0;0;0;6758854.1;0;0;0;420837.3;0;0;0;43172413.6;0;0;0;0;0;0;0;206098.4;0;0;0;0;0;1860.0;0;0;111674.0;587388.7;0;0;0;8963172.2;0;0;0;0;0;0;0;0;0;0;0;0;0;0;0;0;0;0;0;0;0;0;0;0;0;0;0;0;92252344.8;0;9950984.3;0;0;0;0;0;66386040.3;0;0;0;0;0;0;0;0;0;0;0;0;0;0;7790282.9;38750715.7;0;0;7984331.1;88961258.2;164926841.3;0;2473357.3;0;0;0;0;0;0;0;0;0;0;0;1283830.9;0;0;0;0;0;0;94979428.6;0;0;0;0;0;0;0;0;0;0;408384.6;0;0;4752560.6;0;5679965.0;0;0;1282751.2;178941.3;0;0;0;0;0;0;0;0;0;0;19352034.6;0;6975996.7;0;0;0;0;0;0;0;0;0;0;1075274.4;0.0
2023M10;904154644.5;0;0;0;0;0;0;0;0;0;0;0;0;0;0;0;0;0;0;0;1524382.2;0;0;0;0;0;0;0;0;0;0;103032030.6;0;1115975.9;0;0;0;0;0;0;0;0;0;132245636.3;0;0;0;7319437.2;0;0;0;0;258802.4;0;0;0;0;0;0;0;2326480.7;0;0;50279674.7;0;0;0;0;0;1336309.3;0;0;0;353484.2;6549320.5;0;0;0;0;0;0;0;0;0;0;737186.1;0;0;0;0;0;31145299.6;6268915.8;25200324.1;4906293.2;0;6606959.2;0;0;0;0;0;0;0;0;10688924.3;0;0;0;350929.8;0;0;0;23456313.0;0;0;0;0;0;0;0;0;0;0;0;0;0;74156.4;0;0;1260167.2;0;0;0;0;4157487.3;0;0;0;0;0;0;0;0;0;0;0;0;0;0;0;0;0;0;0;0;0;0;0;0;0;0;0;0;42986354.0;0;10544004.8;0;0;0;0;0;34866729.3;0;0;0;0;0;0;0;0;0;0;0;0;0;0;4695721.7;8584352.3;0;0;874431.4;68045698.7;193880204.0;0;1393981.0;0;0;0;0;0;0;0;0;0;0;0;341442.8;0;0;0;0;0;0;55359089.3;0;0;0;0;0;0;0;0;0;0;1682404.3;0;0;2455642.1;0;5600727.2;0;0;1876028.0;264629.3;0;0;0;0;0;0;0;0;0;0;42001955.0;0;0;0;0;0;0;0;0;0;0;0;0;7506759.2;0.0
2023M11;1097380127.6;0;0;0;0;0;0;0;0;0;0;0;0;0;0;0;11000.0;0;0;0;1031876.7;0;0;0;0;0;0;0;0;0;0;174834822.9;0;2454537.5;0;0;0;0;0;0;0;0;0;158111262.3;0;0;0;19814872.3;0;0;0;0;0;0;0;369823.0;0;0;0;0;0;0;0;54084661.1;0;0;0;0;0;100456.8;0;366451.7;0;1847133.6;9914855.9;0;0;0;447785.7;0;0;0;0;0;0;2028526.0;0;0;0;0;0;35415679.5;7757021.4;2888725.3;1888562.3;0;2623712.9;0;0;0;0;0;0;0;0;4225105.8;0;0;0;687155.1;0;0;0;27350511.2;0;0;0;0;0;0;0;0;0;0;0;0;0;87264.2;0;0;322843.7;0;7580.0;239667.5;0;19213408.6;0;0;0;0;0;0;0;0;0;0;0;0;0;0;0;0;0;0;0;0;0;0;0;0;0;0;0;0;53398657.6;0;6859415.8;0;0;0;0;0;52011444.6;0;0;0;0;0;0;0;0;0;0;0;0;0;0;14970974.7;22012158.5;0;0;2642777.4;143068233.2;123574179.3;0;2384185.6;0;0;0;0;0;0;0;0;0;0;0;230943.5;0;0;0;0;0;0;110659797.6;0;0;0;0;0;0;0;0;0;0;1629099.5;0;0;4884480.5;0;7086014.5;0;0;747194.1;0;0;0;0;0;0;0;0;0;0;0;17967645.0;0;0;0;0;0;0;0;0;0;0;0;0;5127623.6;0.0
2023M12;1014539643.9;0;0;0;0;0;0;0;0;976248.8;0;0;0;0;0;0;0;0;0;0;1539195.3;0;0;0;0;0;0;0;0;0;0;117151231.9;0;0;0;0;0;0;0;0;0;0;0;136502215.5;0;0;0;41088345.3;0;0;0;0;6853251.8;0;0;0;0;0;0;0;0;0;0;76797569.4;0;0;0;0;0;0;233351.8;0;0;681248.4;1534845.9;0;0;0;0;0;0;0;0;0;0;1660436.9;0;0;0;0;0;46768703.3;5424968.0;7559088.8;2223645.7;0;1303866.6;0;0;0;0;0;0;0;0;3606602.6;0;0;0;352124.1;0;0;0;24319956.5;0;0;0;0;0;0;0;0;0;0;0;0;0;170371.9;0;0;2100.0;0;3407164.3;0;0;14493716.4;0;0;0;0;0;0;0;0;0;0;0;0;0;0;0;0;714966.9;0;0;0;0;0;0;0;0;0;0;0;77357314.8;0;4261780.8;0;0;0;0;0;19997836.2;0;0;0;0;0;0;0;0;0;0;0;0;0;0;8480389.1;24475461.5;0;0;6855325.4;99387178.3;145472331.2;0;617353.5;0;0;0;0;0;0;0;0;0;0;0;185409.1;0;0;5152.8;0;0;0;86877606.7;0;0;0;0;0;0;0;0;0;0;0;0;0;1941184.9;0;5438531.6;0;0;3178508.1;0;0;0;0;0;0;0;2070460.0;0;0;0;14813506.3;0;17098250.5;0;0;0;0;0;0;0;0;0;0;660846.8;0.0
2024M01;1022493969.9;0;0;0;0;0;0;0;0;0;0;0;0;0;0;0;0;0;0;0;486346.6;0;0;0;0;0;0;0;0;0;0;135178057.6;0;0;0;0;0;0;0;0;0;0;0;100469349.4;0;0;0;16991498.6;0;0;0;0;1535393.8;0;0;1601898.8;0;0;0;0;1884929.7;0;0;60813363.4;0;0;0;0;0;0;0;123657.2;0;1090190.1;5081309.3;0;0;0;0;0;0;0;0;0;0;2297610.7;0;0;0;0;0;49456092.2;4869366.4;55857438.0;607560.1;0;0;0;0;0;0;0;0;0;0;9963665.0;0;0;0;1215204.7;0;0;0;31236002.2;0;0;0;0;0;0;108465.5;0;0;0;0;0;0;0;0;0;304796.0;0;0;0;0;12904565.1;0;0;0;0;0;0;0;0;0;0;0;0;0;0;0;0;0;0;0;0;0;0;0;0;0;0;0;0;47869489.9;0;3171583.0;0;0;0;0;0;46889930.8;0;0;0;0;0;0;0;0;0;0;0;0;0;0;4302344.0;43111936.4;0;0;1354140.1;98820301.2;154590150.0;0;2027495.0;0;0;0;0;0;0;0;0;0;0;0;340336.9;0;0;0;0;0;0;78380393.5;0;0;0;0;0;0;0;0;0;0;0;0;0;2907099.2;0;9228458.7;0;0;362077.2;0;0;0;0;0;0;0;5778509.4;0;0;0;13323283.2;0;14194828.0;0;0;0;0;0;0;0;0;0;0;1764853.1;0.0
2024M02;1257203307.8;0;0;0;0;0;0;0;0;0;0;0;0;0;0;0;77653.0;0;0;0;182585.9;0;0;0;0;0;0;0;0;0;0;126611702.1;0;1030713.2;0;0;0;0;0;0;0;0;0;121663092.8;0;0;0;10259418.7;0;0;0;0;221131.9;0;0;3255418.5;0;0;0;0;419725.2;0;0;75893027.9;0;0;0;371005.7;0;0;0;385972.5;0;3878034.2;11039365.3;0;0;0;0;0;0;0;0;0;0;1969698.4;0;0;0;0;0;67289281.1;13795570.1;33202438.4;593610.6;0;0;0;0;0;0;0;0;0;0;5442239.1;0;1107627.6;0;642312.1;0;0;0;79948494.5;0;0;0;0;0;0;0;0;0;0;0;0;0;0;0;0;386591.9;817489.8;0;0;0;5126741.5;0;0;0;0;0;0;0;0;0;0;0;0;0;0;0;0;0;0;0;0;0;0;0;0;0;0;0;0;84506636.2;0;3022248.5;0;0;0;0;0;78070722.8;0;0;0;0;0;0;0;0;0;0;0;0;0;0;14860185.8;20280882.6;0;0;11814984.7;80913333.5;156198733.1;0;418881.8;0;0;0;0;0;0;0;0;0;0;0;3172942.0;0;0;0;0;0;0;166739602.6;0;0;0;0;0;0;0;0;0;0;0;0;0;5566533.2;0;10960264.5;0;0;906204.2;2011977.3;0;0;0;0;0;0;2210713.5;0;0;0;26172020.0;0;22201791.1;0;0;0;0;0;0;0;0;0;0;1563708.6;0.0
2024M03;957605307.9;0;0;0;0;0;0;0;0;0;0;0;0;0;0;0;0;0;0;0;0;0;0;0;0;0;0;0;0;0;0;83721872.3;0;722258.3;0;0;0;0;0;0;0;0;0;84545143.5;0;0;0;12111252.1;0;0;0;0;85813.0;0;0;0;0;0;0;0;639705.4;224849.0;0;54826734.8;0;0;0;0;0;345300.8;236265.2;0;0;2294759.7;10219351.4;0;0;0;0;0;0;0;0;0;0;1520666.4;0;0;0;0;0;49971256.6;4951850.0;31852603.3;877329.6;0;0;0;0;0;0;0;0;0;0;8853280.3;0;0;0;413684.9;0;0;0;72847586.4;0;0;0;0;0;0;0;0;0;0;0;0;0;0;0;0;0;271707.1;0;0;0;16199430.8;0;0;0;0;0;0;0;0;0;0;0;0;0;0;0;0;0;0;0;0;0;0;0;0;163810.4;0;0;0;52077860.2;0;6341825.1;0;0;0;0;0;37248289.8;0;0;0;0;0;0;0;0;0;0;0;0;0;0;6853529.3;24882130.5;0;0;2670553.7;23545302.7;151365230.8;0;0;0;0;0;0;0;0;0;0;0;0;0;0;0;0;0;0;0;0;92247105.0;0;0;0;0;0;0;0;0;0;0;5079600.4;0;0;2710376.0;0;3391162.1;0;0;572748.6;3599751.8;0;0;0;0;0;0;3377758.7;0;0;0;55938055.3;0;18950271.5;0;28754880.0;0;0;0;0;0;0;0;0;102365.2;0.0
2024M04;1297976127.1;0;0;0;0;0;0;0;0;0;0;0;0;0;0;0;0;0;0;0;355.0;0;0;0;0;0;0;0;0;0;0;227698756.9;0;0;0;0;0;0;0;0;0;0;0;146206268.3;0;0;0;0;0;0;0;0;192704.4;0;0;0;0;0;0;0;167563.8;9250.0;228134.2;59584069.1;0;0;0;0;0;0;0;0;0;1685443.0;8004440.4;0;0;0;0;0;0;0;0;0;0;4038770.7;0;0;0;0;0;51871108.1;3741935.8;58865732.2;439613.3;0;1476504.5;0;0;0;0;0;0;0;0;8264792.4;0;0;0;639893.5;0;0;0;86541003.1;0;0;0;0;0;0;0;0;0;0;0;0;0;148265.5;0;0;970535.0;0;0;0;0;4138739.0;0;0;0;0;0;0;0;0;0;0;0;0;0;0;0;0;0;0;0;0;0;0;0;0;0;0;0;0;73838335.2;0;3634848.4;0;0;0;3759834.0;0;116999774.1;0;0;0;0;0;840.0;0;0;0;0;0;0;0;0;8482937.4;44790987.2;0;0;3769492.3;56058138.3;139948135.6;0;249731.6;0;0;0;0;0;0;0;0;0;0;0;1531013.5;0;0;0;0;0;0;127158282.9;0;0;0;0;0;0;0;0;0;0;727480.5;0;0;7296526.5;0;2008555.4;0;0;1356757.8;1764401.3;0;0;0;0;0;0;2883813.0;0;0;0;23993283.6;0;12043422.0;0;0;0;0;0;0;0;0;0;0;765658.3;0.0
2024M05;706655570.2;0;0;0;0;0;0;0;0;0;0;0;0;0;0;0;1263935.1;0;0;0;2582982.2;0;0;0;0;0;0;0;0;0;0;55908506.3;0;0;0;0;0;0;0;0;0;0;0;124761970.5;0;0;0;0;0;0;0;0;918650.1;0;0;0;0;0;0;0;241498.3;27469.7;221099.0;28799263.1;0;0;0;0;0;0;0;0;0;23622653.1;6699108.1;0;0;0;0;0;0;0;0;0;0;0;0;0;0;0;0;27607006.6;10862285.0;34797910.9;0;0;0;0;0;0;0;0;0;0;3605981.8;7638007.6;0;0;0;519918.5;0;0;0;32266299.6;975058.6;0;0;0;0;0;402693.2;0;0;0;0;0;0;438420.4;0;0;472820.8;0;0;0;0;3868146.0;0;0;0;0;0;0;0;316181.3;0;0;0;0;0;0;0;0;0;0;0;0;0;0;0;0;0;0;0;0;28468106.8;0;2276631.5;0;0;0;0;0;87157815.7;0;0;0;0;0;0;0;0;0;0;0;0;0;0;6734447.4;10616785.7;0;0;2726704.1;12273025.7;77140990.1;0;599189.8;0;0;0;0;0;0;0;0;0;0;0;3325630.5;0;0;0;0;0;0;54488205.5;0;0;0;0;0;0;0;0;0;0;29736.8;0;0;0;0;1570617.6;0;0;164625.6;0;0;0;0;0;0;0;0;0;0;0;46776168.4;0;3303797.1;0;0;0;0;0;0;0;0;0;0;185226.4;0.0
2024M06;768051900.1;0;0;0;0;0;0;0;0;0;0;0;0;0;0;0;0;0;0;0;792749.9;0;0;0;0;0;0;0;0;0;0;44980464.2;0;0;0;0;0;0;0;0;0;0;0;118276880.2;0;0;0;5226058.7;0;0;0;0;1406105.0;0;0;1596439.4;0;0;0;0;450468.3;0;341348.9;34872029.2;0;0;0;0;0;347495.4;0;0;0;515477.8;7878509.7;0;0;0;0;0;0;0;0;0;0;0;0;0;0;0;0;24910895.4;3816870.6;19982287.5;0;0;0;0;0;0;0;0;0;0;195132.2;3509706.5;0;0;0;233916.1;0;0;0;43211920.1;0;0;0;0;0;0;365321.8;0;0;0;0;0;0;0;0;0;0;0;0;0;0;4688615.7;0;0;0;420006.7;0;0;0;185195.0;0;0;0;0;0;0;0;0;308034.3;0;0;0;0;0;0;0;0;0;0;0;48026977.9;382690.3;4231813.0;0;0;0;0;0;93213476.3;0;0;0;0;0;0;0;0;0;0;0;0;0;0;10383209.1;20777653.9;0;0;3458498.3;56809919.9;94007791.2;0;786032.9;0;0;0;0;0;0;0;0;0;0;0;2091541.8;0;1000.0;0;0;0;0;63228012.3;0;0;0;0;0;0;0;0;0;0;0;0;0;3190860.0;0;7072496.2;0;0;1190626.3;1817752.7;0;0;0;0;0;0;0;0;0;0;37484061.6;0;784953.1;0;0;0;0;0;0;0;0;0;0;600604.4;0.0
2024M07;849121442.9;0;0;0;0;0;0;0;0;0;0;0;0;0;0;0;4981349.4;0;0;0;3005334.5;0;0;0;0;0;0;0;0;0;0;137939833.5;0;0;0;0;0;0;0;0;0;0;0;68521707.4;0;0;0;639976.2;0;0;0;0;2244102.1;0;0;0;0;0;0;0;1263395.3;0;0;35274710.4;0;0;0;0;0;0;0;0;0;0;20083646.8;0;0;0;0;375512.2;0;0;0;0;0;0;0;0;0;0;0;30321903.9;5322759.0;4170370.4;0;0;0;0;0;0;0;0;0;0;0;7572474.7;0;0;0;706343.6;0;0;0;62729326.2;0;0;0;0;0;0;392565.8;0;0;0;0;0;0;261034.8;0;0;349337.1;0;0;0;0;727376.9;0;0;0;0;0;0;0;844929.0;0;0;0;0;0;0;0;0;0;0;0;0;0;0;0;0;0;0;0;0;41871364.7;0;5203380.0;0;0;0;0;0;58824692.3;0;0;0;0;0;0;0;0;526593.7;0;0;0;0;0;15760608.7;9266099.1;0;0;6689826.6;19397032.5;128324553.6;0;1024405.1;0;0;0;0;0;0;0;0;0;0;0;3552332.6;0;0;0;0;0;0;89313039.6;0;0;0;0;0;0;0;0;0;0;0;0;0;7990663.0;0;3871584.9;0;0;870491.6;3652278.8;0;0;0;0;0;0;634416.0;0;0;0;64382233.9;0;0;0;0;0;0;0;0;0;0;0;0;237857.3;0.0
2024M08;970847268.8;0;0;0;0;0;0;0;0;0;0;0;0;0;0;0;184484.0;0;0;0;1261147.4;0;0;0;0;0;0;0;0;0;0;73079806.1;0;1559850.1;0;0;0;0;0;0;0;0;0;108630409.1;0;0;0;0;0;0;0;0;2965503.1;0;0;1483344.4;0;0;0;0;1223681.3;0;142051.3;58564985.9;0;0;0;0;0;0;0;0;0;0;25948133.2;0;0;0;0;0;0;0;0;0;0;2446413.8;0;0;0;0;0;21911542.3;4988004.2;5545500.2;3079956.1;0;0;0;0;0;0;0;0;0;0;3308971.6;0;0;0;542424.0;0;0;0;67508789.0;0;0;0;0;0;0;281270.8;0;0;0;0;0;0;217021.8;0;0;499146.3;0;0;0;0;8763402.2;0;0;0;0;0;0;0;1431925.1;0;0;0;0;0;0;0;0;0;0;0;0;0;0;0;0;0;0;0;0;81862148.2;0;5675821.9;0;0;0;0;0;82650310.9;0;0;0;0;0;318.1;0;0;0;0;0;0;0;0;8969957.4;22239601.4;0;0;8803302.6;93370772.8;135858635.8;0;2586668.1;0;0;0;0;0;0;0;0;0;0;0;1338711.9;0;0;0;0;0;0;92323760.5;0;0;0;0;0;0;0;0;0;0;0;0;0;5459087.2;0;5791363.0;0;0;0;4163440.9;0;0;0;0;0;0;689174.0;0;0;0;18878888.6;0;3788864.1;0;0;0;0;0;0;0;0;0;0;828678.5;0.0
2024M09;1107266315.5;0;0;0;0;0;0;0;0;0;0;0;0;0;0;0;0;0;0;0;226097.5;0;0;0;0;0;0;0;0;0;0;90493012.3;0;1647629.0;0;0;0;0;0;0;0;0;0;106549678.5;0;0;0;1781713.9;0;0;0;0;3779774.9;0;0;1596964.6;0;0;0;0;1667420.2;0;0;94401356.1;0;0;0;0;0;336556.0;206586.7;209363.7;0;583079.0;5735621.6;0;0;0;0;0;0;0;0;0;211176.8;2168191.8;0;0;0;0;0;47445902.1;5367801.7;17698676.9;1553784.9;0;2236077.7;0;0;0;0;0;0;0;0;14367787.2;0;0;0;422856.8;0;0;0;90917867.5;0;0;0;0;0;0;0;0;0;0;0;0;0;0;0;0;5440166.3;371667.6;0;0;0;2004922.2;0;0;0;0;0;0;0;0;0;0;0;0;0;0;0;0;502400.0;0;0;0;0;0;0;0;0;0;0;0;76729724.0;0;4509863.9;0;0;0;0;0;73010404.9;0;0;0;0;0;0;0;0;0;0;0;0;0;0;13223260.5;17747739.5;0;0;7566018.2;104791826.8;141882274.1;0;1921011.2;0;0;0;0;0;0;0;0;0;0;0;3419707.3;0;0;0;0;0;0;117771986.0;0;0;0;0;0;0;0;0;0;0;0;0;0;8135461.2;0;6882827.9;0;0;270349.0;9599182.1;0;0;0;0;0;0;2818981.1;0;0;0;16343394.4;0;0;0;0;0;0;0;0;0;0;0;0;718169.7;0.0
2024M10;1448577136.1;0;0;0;0;0;0;0;0;0;0;0;0;0;0;0;0;0;0;0;2276555.7;0;0;0;0;0;0;0;0;0;0;135508797.5;0;2133411.2;0;0;0;0;0;0;0;0;0;119362032.1;0;0;0;2033868.4;0;0;0;0;5783448.4;0;0;3377805.1;0;0;0;0;921294.2;0;0;62642694.7;0;0;0;0;0;87770.1;1928657.2;0;0;0;3572973.0;0;0;0;0;0;0;0;0;0;0;469794.1;0;0;0;0;0;48864041.5;7466353.4;5928566.8;1538836.2;0;8396228.0;0;0;0;0;0;0;0;0;10032717.5;0;0;0;537513.2;0;0;0;91260521.5;0;0;0;0;0;0;0;0;0;0;0;0;0;1591425.6;0;0;5341282.3;576691.8;0;0;0;4361194.5;0;0;0;0;0;0;0;0;0;0;0;0;0;0;0;0;1633337.5;0;0;0;0;0;0;0;0;0;0;0;62377306.5;0;5740467.8;0;0;0;0;0;231451651.0;0;0;0;0;0;0;0;0;0;0;0;0;0;0;19980022.1;59512019.2;0;0;5570031.9;222503914.6;135100322.3;0;1203590.1;0;0;0;0;0;0;0;0;0;0;0;96802.2;0;0;0;0;0;0;105680570.0;0;0;0;0;0;0;0;0;0;0;0;0;0;7621358.2;0;10833865.2;0;0;666496.5;5914465.1;0;0;0;0;0;0;7446400.9;0;0;0;28859181.4;0;521707.0;0;0;0;0;0;0;0;0;0;0;9869153.1;0.0
2024M11;1085376097.8;0;0;0;0;0;0;758.3;0;0;0;0;0;0;0;0;268239.8;0;0;0;1273516.1;0;0;0;0;0;0;0;0;0;0;77891335.1;0;1162486.8;0;0;0;0;0;0;0;0;0;92751335.9;0;0;0;4508230.0;0;0;0;0;0;0;0;0;0;0;0;0;1305561.1;0;0;54803474.4;0;0;0;0;0;0;1796017.7;382949.9;57150.0;2060224.9;3054946.9;0;0;0;0;252702.7;0;0;0;0;0;3456415.8;0;0;0;0;0;32365806.9;7982216.6;15885779.0;1741068.0;0;14740963.1;0;0;0;0;0;0;0;0;10472504.4;0;2206828.7;0;723047.5;0;0;0;68691283.5;0;0;0;0;0;0;0;0;0;0;0;0;0;371116.1;0;0;5496175.0;0;0;0;0;8670089.7;58287.9;0;0;0;0;0;0;266187.6;0;0;0;0;0;0;0;0;0;0;0;0;0;0;0;0;0;0;0;0;62506168.8;0;5727866.4;0;0;0;0;0;36566483.8;0;0;0;0;0;0;0;0;0;0;0;0;0;0;10984616.0;39813789.7;0;0;3883409.3;262111447.5;135287415.7;0;0;0;0;0;0;0;0;0;0;0;0;0;0;0;0;0;0;0;0;73650191.3;0;0;0;0;0;0;0;0;0;0;0;0;0;162893.1;0;11808866.4;0;0;0;0;0;0;0;0;0;0;5605064.0;0;0;0;19253037.9;0;398417.0;0;0;0;0;0;0;0;0;0;0;2919731.3;0.0
2024M12;781265397.2;0;0;130701.5;0;0;0;0;0;0;0;0;0;0;0;0;0;0;0;0;0;0;0;0;0;0;0;0;0;0;0;64223503.6;0;653950.8;0;0;0;0;0;0;0;0;0;73579276.7;0;0;0;29414109.4;0;0;0;0;2148541.1;0;0;1597205.4;0;0;0;0;0;4865.0;0;47684745.1;0;0;0;0;0;0;465640.0;0;0;1545169.0;3822161.4;0;0;0;0;0;0;0;0;0;0;0;0;0;0;0;0;21669928.5;6375576.0;13666530.9;1540981.6;0;5421414.0;0;0;0;0;0;0;0;0;7170645.6;0;0;0;272893.5;0;0;0;44951321.2;0;0;0;0;0;0;0;0;0;0;11450.1;0;0;0;0;0;1026174.0;0;0;0;0;1639291.8;0;0;0;0;0;0;0;0;0;0;0;0;0;0;0;0;0;0;0;0;0;0;0;0;0;0;0;0;40834539.8;0;4363141.5;0;0;0;0;0;18211482.2;0;0;0;0;0;0;0;0;0;0;0;0;0;0;11388721.9;36160121.1;0;0;0;97612965.4;126979638.6;0;1704969.0;0;0;0;0;0;0;0;0;0;0;0;69535.5;0;0;0;0;0;0;53004370.9;0;0;0;0;0;0;0;0;0;0;0;0;0;126433.8;0;3954466.6;0;0;0;0;0;0;0;0;0;0;0;0;0;0;15516144.9;0;31369404.9;0;0;0;0;0;0;0;0;0;0;10953384.9;0.0
2025M01;1301559847.8;0;0;0;0;0;0;0;0;0;0;0;0;0;0;0;0;0;0;0;702820.7;0;0;0;0;0;0;0;0;0;0;83607767.0;0;0;0;0;0;0;0;0;0;0;0;114006629.2;0;0;0;24791706.0;0;0;0;0;1552353.7;0;0;1436743.7;0;0;0;0;907828.2;64332.7;0;72847018.2;0;0;0;0;0;433586.5;0;0;0;3693077.8;13631889.6;0;0;0;0;0;0;0;0;0;0;0;0;0;0;0;0;55166020.8;7275937.2;32823234.7;373586.6;0;3504074.4;0;0;0;0;0;0;0;0;6801399.4;0;0;0;1778381.8;0;0;0;100260554.6;0;0;0;0;0;0;0;0;0;0;0;0;0;356149.8;0;0;0;0;0;0;0;22940444.5;0;0;0;0;0;0;0;0;0;0;0;0;0;0;0;0;0;0;0;0;0;0;0;0;121620.7;0;0;0;95143216.5;0;5492839.2;0;0;0;0;0;49241291.8;0;0;0;0;0;0;0;0;0;0;0;0;0;0;12348744.3;107210950.1;0;0;6052843.0;135570299.8;175426902.2;0;1775127.3;0;0;0;0;0;0;0;0;0;0;0;475932.7;0;0;0;0;0;0;79527454.0;0;0;0;0;0;0;0;0;0;0;0;0;0;2388976.7;0;18867487.9;0;0;698761.7;1695008.1;0;0;0;0;0;0;0;0;0;0;26330711.2;0;30111866.1;0;0;0;0;0;0;0;0;0;0;4124277.4;0.0
2025M02;1002497056.8;0;49940.1;0;0;0;0;0;0;0;0;0;0;0;0;0;0;0;0;0;2283252.2;0;0;0;0;0;0;0;0;0;0;55810909.5;0;1978806.6;0;0;0;0;0;0;0;0;0;86198821.8;0;0;0;9101224.0;0;0;0;0;281464.9;0;0;1534522.5;0;0;0;0;1006348.0;0;0;64689099.7;0;0;0;0;0;212207.1;0;556864.1;0;4633339.3;1712731.8;0;0;0;0;0;0;0;0;0;0;1022075.7;0;0;0;0;0;53112410.1;6087226.1;16324370.3;2311139.4;0;10697731.3;0;0;0;0;0;0;0;0;5266618.7;0;2127931.0;0;5177530.1;0;0;0;56927742.4;0;0;0;0;0;0;0;0;0;0;0;0;0;50839.8;0;0;610592.8;221588.8;0;0;0;6439446.2;0;0;0;0;0;0;0;0;0;0;0;0;0;0;0;0;0;0;0;0;0;0;0;0;0;0;0;0;92528913.5;0;7348940.8;0;0;0;0;0;19070538.3;0;0;0;0;0;0;0;0;0;0;0;0;0;0;20317788.7;64409697.0;0;0;7589589.5;95909236.3;116956104.6;0;3897865.1;0;0;0;0;0;0;0;0;0;0;0;3154322.1;0;0;0;0;0;0;112584802.5;0;0;0;0;0;0;0;0;0;0;0;0;0;7584030.5;0;7542422.6;0;0;745687.3;0;0;0;0;0;0;0;0;0;0;0;24067136.9;0;17682116.5;0;0;0;0;0;0;0;0;0;0;4681090.4;0.0
2025M03;1098928492.3;0;0;0;0;0;0;0;0;0;0;0;0;0;0;0;0;0;0;0;10963.8;0;0;0;0;0;0;0;0;0;0;214262648.8;0;0;0;0;0;0;0;0;0;0;0;104534398.7;0;0;0;2088507.0;0;0;0;0;1883505.0;0;0;1385351.3;0;0;0;0;222239.9;0;0;43139168.3;0;0;0;0;0;0;4019593.6;0;0;1278632.6;12007373.3;0;0;0;0;328575.5;0;0;0;0;0;1613781.5;0;0;0;0;0;45606211.6;7033538.3;12044327.3;1223737.8;0;6259653.0;0;0;0;0;0;0;0;0;12111669.4;0;0;0;4371964.2;0;0;0;47517380.4;0;0;0;0;0;0;0;0;0;0;0;0;0;0;0;0;26873.2;0;0;0;0;5728352.2;0;0;0;0;0;0;0;227069.7;0;0;0;0;0;0;0;0;0;0;0;0;0;0;0;0;0;0;0;0;67087211.5;0;7547031.0;0;0;0;0;0;20011500.9;0;0;0;0;0;0;0;0;0;0;0;0;0;0;12132285.4;38549178.9;0;0;0;116122638.3;156155934.0;0;3377807.5;0;0;0;0;0;0;0;0;0;0;0;502402.7;0;0;0;0;0;0;98202138.4;0;0;0;0;0;0;0;0;0;0;1378416.6;0;0;4374046.5;0;5443023.1;0;0;0;0;0;0;0;0;0;0;0;0;0;0;25484354.8;0;12131439.6;0;0;0;0;0;0;0;21109.6;0;0;1482456.9;0.0
2025M04;1179116045.0;0;0;0;0;0;0;0;0;0;0;0;0;0;0;0;0;0;0;0;1723484.9;0;0;0;0;0;0;0;0;0;0;76587695.4;0;1895313.1;0;0;0;0;0;0;0;0;0;164788927.6;0;0;0;0;0;0;0;0;422496.7;0;0;2608330.4;0;0;0;0;446506.7;0;0;55185523.7;0;0;0;0;0;0;1481997.0;0;0;2951271.0;15583177.1;0;0;0;0;0;0;0;0;0;0;336989.4;0;0;0;0;0;39894608.0;26151436.0;85119754.8;4925220.4;0;5987384.3;0;0;0;0;0;0;0;0;11498696.1;0;0;0;3070734.1;0;0;0;61688283.2;0;0;0;0;0;0;0;0;0;0;0;0;0;0;0;0;380551.5;0;0;0;0;7888538.0;0;0;0;0;0;0;0;0;0;0;0;0;0;0;0;0;0;0;0;0;0;0;0;0;0;0;0;0;81270311.0;0;9937241.6;0;0;0;0;0;132278249.8;0;0;0;0;0;0;0;0;0;0;0;0;0;0;4330907.2;34009792.4;0;0;6390778.5;66483991.5;134085993.8;0;3695106.5;0;0;0;0;0;0;0;0;0;0;0;303430.8;0;0;0;0;0;0;91507214.0;0;0;0;0;0;0;0;0;0;0;1815288.7;0;0;5015708.9;0;5637597.2;0;0;0;1104486.6;0;0;0;0;0;0;959257.4;0;0;0;25202804.4;0;3193899.7;0;0;0;0;0;0;0;0;0;0;1277065.5;0.0
2025M05;1152487183.9;0;0;0;0;0;0;0;0;0;0;0;0;0;0;0;0;0;0;0;112107.4;0;0;0;0;0;0;0;0;0;0;115238007.3;0;3050148.5;0;0;0;0;0;0;0;0;0;134922140.7;0;0;0;16035326.5;0;0;0;0;0;0;0;1471700.6;0;0;0;0;950503.8;0;1737500.9;58634206.6;0;0;0;0;0;0;0;0;0;1702552.6;8107754.8;0;0;0;0;0;0;0;0;0;0;299455.6;0;0;0;0;0;46056197.0;10151626.4;22632911.4;3193080.0;0;32276861.8;0;0;0;0;0;0;0;0;3816103.5;0;0;0;2609102.9;0;0;0;72218259.0;0;0;0;0;0;0;0;0;0;0;0;0;0;325831.0;0;0;632422.4;174534.6;0;0;0;8416445.4;0;0;0;0;0;0;0;0;0;0;0;0;0;0;0;0;0;0;0;0;0;0;0;0;0;0;0;0;87445638.7;0;15416926.0;0;0;0;0;0;69379159.5;0;0;0;0;0;0;0;0;0;0;0;0;0;0;12532863.4;70898971.8;0;0;5717698.4;68805625.2;127159239.4;0;4537589.3;0;0;0;0;0;0;0;0;0;0;0;330664.3;0;0;0;0;0;0;107786647.2;0;0;0;0;0;0;0;0;0;0;1489025.3;0;0;4125258.6;0;5387906.6;0;0;636076.9;144031.0;0;0;0;0;0;0;134668.2;0;0;0;23561148.0;0;1146741.2;0;0;0;0;0;0;0;0;0;0;1086524.4;0.0
2025M06;915704460.5;0;0;0;0;0;0;0;0;0;0;0;0;0;0;0;116823.3;0;0;0;2392725.7;0;0;0;0;0;0;0;0;0;0;147225772.5;0;4082988.0;0;0;0;0;0;0;0;0;0;106864660.9;0;0;0;2943607.4;0;0;0;0;380831.4;0;0;1560728.6;0;0;0;0;787843.3;0;0;46092855.9;0;0;0;0;0;0;0;379269.7;0;1117463.3;12161447.1;0;0;0;0;0;0;0;0;0;0;1502751.9;0;0;966704.3;0;0;46256262.3;9316876.6;3955593.9;0;0;7015107.5;0;0;0;0;0;0;0;17840502.6;4977672.6;0;0;0;1190659.9;0;0;0;54012549.3;0;0;0;0;0;0;0;0;0;0;0;0;0;0;0;0;484800.0;0;1008119.0;0;0;2391704.6;0;0;0;0;0;0;0;416469.6;0;0;0;0;0;0;0;0;0;0;0;0;0;0;0;0;0;0;0;0;52035710.9;0;18348973.8;0;0;0;0;0;29888307.7;0;0;0;0;0;0;0;0;0;0;0;0;0;0;19643934.3;24946643.1;0;0;3500197.4;46161560.2;117193220.2;0;1101688.6;0;0;0;0;0;0;0;0;0;0;0;181184.8;0;0;0;0;0;0;86700348.3;0;0;0;0;0;0;0;0;0;0;0;0;0;2457523.9;0;5331695.0;0;0;606030.8;0;0;391354.7;0;0;0;0;1063191.6;0;0;0;27643405.7;0;267814.1;0;0;0;0;0;0;0;0;0;0;798884.0;0.0
2025M07;928369172.6;0;0;0;0;0;0;0;0;0;0;0;0;0;0;0;0;0;0;0;608362.2;0;0;0;0;0;0;0;0;0;0;106045235.2;0;2527379.1;0;0;0;0;0;0;0;0;0;113619800.5;0;0;0;777439.8;0;0;0;0;0;0;0;0;0;0;0;0;707030.4;0;0;44564236.1;0;0;0;0;0;0;547140.5;0;0;1065179.9;18997352.8;0;0;0;0;0;0;0;0;0;0;0;0;0;0;0;0;40753826.8;8375855.7;15236830.8;1021125.1;0;2087610.4;0;0;0;0;0;0;0;0;4263701.3;0;0;0;442433.7;0;0;0;56548106.3;0;0;0;0;0;0;195148.8;0;0;0;0;0;0;967611.8;0;0;12522570.1;142129.6;0;0;0;2239140.5;0;0;0;0;0;0;0;1557739.7;0;62662.6;0;0;0;0;0;0;0;0;0;0;0;0;0;0;0;0;0;0;61809464.7;0;6076579.4;0;0;0;0;0;41459816.3;0;0;0;0;0;0;0;0;0;0;0;0;0;0;11299411.1;24111496.3;0;0;2563682.0;34294470.8;102761557.8;0;5161956.4;0;0;0;0;0;0;0;0;0;0;0;196816.6;0;0;0;0;0;0;172686221.1;0;0;0;0;0;0;0;0;0;0;0;0;0;23147.7;0;5149761.0;0;0;1356418.4;591686.4;0;0;0;0;0;0;0;0;0;0;22350245.9;0;388137.3;0;0;0;0;0;0;0;0;0;0;212653.5;0.0
2025M08;1075626912.8;0;0;0;0;0;0;0;0;0;0;0;0;0;0;0;0;0;0;0;1614352.8;0;0;0;0;0;0;0;0;0;0;88718909.9;0;7572405.5;0;0;0;0;0;0;0;0;0;142027281.1;0;0;0;3226570.0;0;0;0;0;199347.3;0;0;17704.2;0;0;0;0;0;0;0;71756812.8;0;0;0;0;0;0;1597014.6;337700.9;0;254898.0;11215394.8;0;0;0;0;340987.4;0;0;0;0;0;0;0;0;0;0;0;24388690.2;5912946.2;7863149.1;2900542.2;0;1362000.4;0;0;0;0;0;0;0;0;13876697.9;0;0;0;857712.5;0;0;0;61997409.5;0;0;0;0;0;0;0;0;0;0;0;0;0;246421.2;0;0;12422866.7;144856.8;0;0;0;13961175.1;0;0;0;0;0;0;0;0;0;989438.0;0;0;0;0;0;0;0;0;0;0;0;0;0;0;0;0;0;0;96633911.4;0;11480691.2;0;0;0;0;0;49263730.8;0;0;0;0;0;0;0;0;0;0;0;0;0;0;23772628.9;27980934.7;0;0;9496711.1;106591042.6;125449542.4;0;10313528.0;0;0;0;0;0;0;0;0;0;0;0;522285.1;0;0;0;0;0;0;86912760.1;0;0;0;0;0;0;0;0;0;0;0;0;0;2137587.2;0;4230131.3;0;0;1290095.2;3352051.9;0;0;0;0;0;0;32520.0;0;0;0;36448343.4;0;3224989.3;0;0;0;0;0;0;0;0;0;0;690143.0;0.0
2025M09;1383607148.0;0;0;0;0;0;0;0;0;0;0;0;0;199937.5;0;0;0;0;0;0;1564548.8;0;0;0;0;0;0;0;0;0;0;81997237.7;0;15031468.8;0;0;0;0;0;0;0;0;0;109157427.8;0;0;0;1946470.2;0;0;0;0;228282.1;0;0;0;0;0;0;0;0;349451.1;0;131189510.9;0;0;0;0;0;0;1504328.7;311922.0;0;3457749.6;13950260.8;0;0;0;0;0;0;0;0;0;0;0;0;2048.1;0;0;0;52220544.0;9284548.0;7112165.0;8407566.2;0;1165550.7;0;0;0;0;0;0;0;0;12881321.0;0;0;0;3093173.2;0;0;0;85349018.8;0;0;0;0;0;0;0;0;0;0;0;0;0;192755.4;0;0;952210.3;404274.2;0;0;0;30120860.6;0;0;0;0;0;0;0;0;0;0;0;0;0;0;0;0;0;0;0;0;0;0;0;0;191000.0;0;0;0;149742077.1;0;9366560.6;0;0;0;0;0;116117990.0;0;0;0;0;0;0;0;0;0;0;0;0;0;0;9321013.7;56193428.5;0;0;9208747.7;57506961.1;151912868.8;0;2748555.0;0;0;0;0;0;0;0;0;0;0;0;2358171.4;0;0;0;0;0;0;168427802.8;0;0;0;0;0;0;0;0;3143.0;0;4731227.4;0;0;255590.7;0;8542735.3;0;0;672065.1;4769930.9;0;0;0;0;0;0;14001286.5;0;0;0;35810979.4;0;6318213.0;0;0;0;0;0;0;0;22729.7;0;0;3309438.4;0.0
2025M10;1345887589.0;0;0;0;0;0;0;0;0;0;0;0;0;0;0;0;0;0;0;0;639614.2;0;0;0;0;0;0;0;0;0;0;59695660.3;0;3083647.8;0;0;0;0;0;0;0;0;0;159644118.5;0;0;0;1858812.2;0;0;0;0;245770.5;0;0;0;0;0;0;0;0;0;0;113527675.5;0;0;0;0;0;3843146.8;4567946.2;371203.3;0;2723534.9;3698500.6;0;0;0;0;0;0;0;0;0;0;0;0;0;0;0;0;72022822.3;7182301.4;15111692.2;7909407.8;0;667402.4;0;0;0;0;0;0;0;0;3553737.6;0;2824376.5;0;1478833.4;0;0;0;95094488.6;0;0;0;0;0;0;0;0;0;0;0;0;0;676147.3;0;0;845360.3;814875.1;0;0;0;20023751.8;0;0;0;1873555.6;0;0;0;0;0;0;0;0;0;0;0;0;0;0;0;0;0;0;0;0;0;0;0;0;118939511.8;0;10100804.2;0;0;0;0;0;37979587.4;0;0;0;0;0;0;0;0;0;0;0;0;0;0;31134641.8;75948731.0;0;0;9629807.2;119629211.5;138922336.6;0;5630819.5;0;0;0;0;0;0;0;0;0;0;0;1045615.7;0;0;0;0;0;0;127570546.8;0;0;0;0;0;0;0;0;0;0;2701782.9;0;0;504337.5;0;18471301.8;0;0;2548511.3;2249297.7;0;0;0;0;0;0;9538329.7;0;0;0;37670598.6;0;4292951.9;0;0;0;0;0;0;0;0;0;0;7400481.2;0.0
2025M11;1257432792.2;0;0;0;0;0;0;0;0;0;0;0;0;0;0;0;0;0;0;0;3396700.8;0;0;0;0;0;0;0;0;0;0;90688782.1;0;8042504.5;0;0;0;0;0;0;0;0;0;72076549.9;0;0;0;8384832.3;0;0;0;0;0;0;0;1573360.1;0;0;0;0;0;0;0;85969740.2;0;0;0;0;0;1851882.6;2026848.0;491327.8;0;1404996.0;13739257.4;0;0;0;0;0;0;0;0;0;0;639756.7;0;0;0;0;0;62923773.0;7841157.8;30833669.5;12090537.1;0;2042839.1;0;0;0;0;0;0;0;8474997.2;8203730.3;0;0;36935.0;1309883.4;0;0;0;80388814.2;0;0;0;0;0;0;0;0;0;0;0;0;0;294239.0;0;0;12040234.1;612006.2;0;0;0;21200123.8;0;0;0;0;0;0;0;0;0;0;0;0;0;0;0;0;0;0;0;0;0;0;0;0;0;0;0;0;84221076.7;0;8054128.1;0;0;0;0;0;29371544.1;0;0;0;0;0;0;0;0;0;0;0;0;0;0;13574476.2;50752245.3;0;0;10291059.7;187713717.8;138414428.9;0;5952215.1;0;0;0;0;0;0;0;0;0;0;0;4202043.0;0;0;0;0;0;0;119937483.6;0;0;0;0;0;0;0;0;0;0;0;0;0;469049.8;0;10519466.7;0;0;606293.7;1719010.6;0;0;0;0;0;0;14435019.6;0;0;0;30532795.4;0;4488866.2;0;0;0;0;0;0;0;0;0;0;3598393.8;0.0
2025M12;997850152.1;0;0;0;0;0;0;0;0;0;0;0;0;0;0;0;0;0;0;0;1652947.0;0;0;0;0;0;0;0;0;0;0;100144336.1;0;1253198.6;0;0;0;0;0;0;0;0;0;111485042.2;0;0;0;4306770.7;0;0;0;0;163546.2;0;0;0;0;0;0;0;0;791379.4;8432371.4;82475408.5;0;0;0;0;0;0;0;485932.2;0;2576481.7;5796175.0;0;0;0;0;0;0;0;0;0;0;0;0;0;0;0;0;53094540.1;6417200.3;9299102.3;7708615.4;0;0;0;0;0;0;0;0;0;0;3002029.8;0;0;0;2916023.7;0;0;0;105989226.0;0;0;0;0;0;0;0;0;0;0;0;0;0;339545.8;0;0;4584589.8;0;0;0;0;5661233.8;0;0;0;0;0;0;0;0;0;0;0;0;0;0;0;0;0;0;0;0;0;0;0;0;0;0;0;0;72936303.1;0;8171761.3;0;0;0;0;0;14274402.7;0;0;0;0;0;0;0;0;0;0;0;0;0;0;9048879.4;48743100.9;0;0;8261788.3;29484398.7;143820914.9;0;1433075.6;0;0;0;0;0;0;0;0;0;0;0;1133301.6;0;0;0;0;0;0;104272336.5;0;0;0;0;0;0;0;0;0;0;0;0;0;583113.5;0;8598028.3;0;0;602787.1;0;0;0;0;0;0;0;1039642.1;0;0;0;22566585.0;0;1777619.1;0;0;0;0;0;0;0;0;0;0;2526418.2;0.0
2026M01;1266701311.1;0;0;0;0;0;0;0;0;0;0;0;0;0;0;0;0;0;0;0;2304987.9;0;0;982329.0;0;0;0;0;0;0;0;118172722.4;0;219728.9;0;0;0;0;0;0;0;0;0;89335829.3;0;0;0;12253346.4;0;0;0;0;1051539.7;0;0;72855.2;0;0;0;0;0;0;2757485.2;73703226.1;0;0;0;0;0;3995302.7;1505800.0;137399.9;0;7627361.1;6077398.2;0;0;0;0;0;0;0;0;0;0;0;0;0;0;0;0;55083000.9;7300618.9;11855138.6;13489869.4;0;2631705.3;0;0;0;0;0;0;0;1778138.3;4103144.7;0;0;0;559473.4;0;0;0;146253288.3;0;0;0;0;0;0;1205894.4;0;0;0;0;0;0;276466.5;0;0;24014.6;0;0;0;0;6745903.4;0;0;0;0;0;0;0;0;0;0;0;0;0;0;0;0;0;0;0;0;0;0;0;0;0;0;0;0;81400314.5;0;9241915.6;0;0;0;0;0;121223787.8;0;0;0;0;0;0;0;0;0;0;0;0;0;0;9466202.6;44225673.2;0;0;1982938.5;138474527.2;140474232.1;0;3476362.7;0;0;0;0;0;0;0;0;0;0;0;584496.2;0;0;0;0;0;0;98910530.2;0;0;0;0;0;0;0;0;0;0;3450351.4;0;0;2935018.4;0;8105738.2;0;0;0;352347.4;0;0;0;0;0;0;2977818.2;0;0;0;24643718.1;0;1287985.3;0;0;0;0;0;0;0;41844.3;0;0;1941540.3;0.0
2026M02;1075633482.2;0;0;0;0;0;0;0;0;0;0;0;0;0;0;0;325696.2;0;0;0;1713836.1;0;0;0;0;0;0;0;0;0;0;58940747.6;0;685718.3;0;0;0;0;0;0;0;0;0;75587959.6;0;0;0;27920184.8;0;0;0;0;1011838.8;0;0;141050.3;0;0;0;0;0;401433.1;636093.6;62483420.6;0;0;0;0;0;0;959328.7;0;0;2454249.6;7267555.3;0;0;0;0;0;0;0;0;0;0;1880739.5;0;0;0;0;0;70999635.3;7090122.2;6075852.2;10760344.2;0;1563525.5;0;0;0;0;0;0;0;0;280487.2;0;0;0;776311.7;0;0;0;99847945.6;0;0;0;0;0;0;0;0;0;0;0;0;0;289697.4;0;0;3946725.9;201327.7;0;0;0;7834221.8;0;0;0;0;0;0;0;628303.2;0;0;0;0;0;0;0;0;0;0;0;0;0;0;0;0;0;0;0;0;86833327.9;0;19646500.4;0;0;0;0;0;43156412.6;0;0;0;0;0;0;0;0;0;0;0;2270.0;0;0;8630071.2;57020766.9;0;0;7407021.3;111334297.6;126116180.9;0;2042572.0;0;0;0;0;0;0;0;0;0;0;0;455789.8;0;0;0;0;0;0;114135254.5;0;0;0;0;0;0;0;0;0;0;0;0;0;2557508.0;0;11759414.8;0;0;641868.4;1377201.7;0;0;0;0;0;0;4038086.3;0;0;0;23406613.9;0;997315.7;0;0;0;0;0;0;0;0;0;0;1370656.4;0.0
2026M03;1406678537.7;0;0;0;0;0;0;0;0;0;0;0;0;0;0;0;0;0;0;0;1006160.2;0;0;0;0;0;0;0;0;0;0;234651550.2;0;1292870.3;0;0;0;0;0;0;0;0;0;95560551.6;0;0;0;21601497.9;0;0;0;0;210535.3;0;0;145736.3;0;0;0;0;625014.1;0;0;84062206.8;0;0;0;0;0;0;3384554.9;0;0;2089023.6;23301372.6;0;0;0;0;0;0;0;0;0;0;0;0;0;0;0;0;68829381.1;6237192.4;2065783.3;19218415.5;0;0;0;0;0;0;0;0;0;0;4359538.7;0;0;0;524256.4;0;0;0;116573933.6;0;0;0;0;0;0;0;0;0;0;0;0;0;323632.9;0;0;3967648.4;0;1991382.4;0;0;12688934.2;0;0;0;0;0;0;0;0;0;0;0;0;0;0;0;0;0;0;0;0;0;0;0;0;0;0;0;0;86863249.3;0;7769776.7;0;0;0;0;0;18983445.7;0;0;0;0;0;0;0;0;0;0;0;0;0;0;28825944.4;35244474.1;0;0;0;158161976.5;153816540.2;0;2315098.2;0;0;0;0;0;0;0;0;0;0;0;1101073.1;0;0;0;0;0;0;145348244.8;0;0;0;0;0;0;0;0;0;0;0;0;0;2805789.2;0;9980876.4;0;0;653614.8;191492.2;0;0;0;0;0;0;6527873.6;0;0;0;24502774.7;0;1695652.4;0;0;0;0;0;0;0;0;0;0;17179469.0;0.0